OrderID,OrderDate,CustomerID,Region,ProductID,ProductName,Category,Quantity,Sales,Profit
ORD000001,2023-12-29,C00072,North,P4001,Milk,Grocery,2,6,0.88
ORD000002,2025-04-11,C00331,East,P3001,Shirt,Apparel,1,30,4.17
ORD000003,2024-09-14,C00131,South,P4002,Coffee,Grocery,1,10,1.36
ORD000004,2025-01-08,C00806,South,P3001,Shirt,Apparel,3,90,27.73
ORD000005,2025-06-23,C00314,South,P4002,Coffee,Grocery,3,30,7.63
ORD000006,2023-12-13,C00059,East,P3001,Shirt,Apparel,1,30,5.18
ORD000007,2025-08-01,C00783,South,P1002,Headphones,Electronics,1,50,17.17
ORD000008,2024-06-03,C00567,West,P3002,Shoes,Apparel,2,140,20.99
ORD000009,2025-05-06,C00647,North,P4002,Coffee,Grocery,1,10,3.15
ORD000010,2024-09-17,C00316,South,P1001,Smartphone,Electronics,1,300,101.17
ORD000011,2023-11-28,C00898,West,P1002,Headphones,Electronics,1,50,5.2
ORD000012,2025-09-22,C00509,West,P2002,Sofa,Home Decor,1,600,78.31
ORD000013,2025-01-20,C00562,West,P4001,Milk,Grocery,1,3,0.59
ORD000014,2024-06-05,C00106,West,P2002,Sofa,Home Decor,1,600,138.01
ORD000015,2024-07-01,C00556,South,P3002,Shoes,Apparel,1,70,21.74
ORD000016,2025-08-17,C00816,East,P1002,Headphones,Electronics,2,100,24.95
ORD000017,2025-02-25,C00702,West,P4002,Coffee,Grocery,1,10,2.3
ORD000018,2025-07-12,C00053,West,P3001,Shirt,Apparel,1,30,5.04
ORD000019,2025-06-30,C00493,North,P1002,Headphones,Electronics,3,150,37.76
ORD000020,2025-06-17,C00839,North,P3001,Shirt,Apparel,2,60,7.12
ORD000021,2025-04-25,C00063,East,P4002,Coffee,Grocery,1,10,1.73
ORD000022,2024-09-22,C00289,East,P2001,Lamp,Home Decor,2,50,14.11
ORD000023,2024-07-30,C00028,East,P3001,Shirt,Apparel,3,90,23.65
ORD000024,2025-02-10,C00048,East,P1001,Smartphone,Electronics,1,300,54.82
ORD000025,2025-06-22,C00684,West,P4001,Milk,Grocery,1,3,0.8
ORD000026,2024-10-06,C00613,East,P3002,Shoes,Apparel,2,140,30.53
ORD000027,2025-05-09,C00503,East,P3002,Shoes,Apparel,2,140,39.26
ORD000028,2023-12-01,C00015,South,P3002,Shoes,Apparel,1,70,16.15
ORD000029,2025-05-20,C00864,East,P1002,Headphones,Electronics,1,50,7.52
ORD000030,2024-04-06,C00734,North,P1001,Smartphone,Electronics,1,300,68.14
ORD000031,2024-07-27,C00541,West,P4001,Milk,Grocery,1,3,0.7
ORD000032,2023-11-21,C00086,West,P3001,Shirt,Apparel,1,30,5.17
ORD000033,2024-06-06,C00646,West,P1002,Headphones,Electronics,1,50,8.7
ORD000034,2025-10-04,C00958,East,P2002,Sofa,Home Decor,1,600,122.48
ORD000035,2023-10-21,C00231,South,P4002,Coffee,Grocery,2,20,6.48
ORD000036,2024-07-17,C00633,West,P1001,Smartphone,Electronics,1,300,78.58
ORD000037,2024-11-15,C00456,East,P3001,Shirt,Apparel,2,60,6.1
ORD000038,2025-10-12,C00234,West,P1001,Smartphone,Electronics,1,300,81.93
ORD000039,2024-06-28,C00608,West,P4002,Coffee,Grocery,3,30,5.42
ORD000040,2025-10-14,C00442,West,P1001,Smartphone,Electronics,1,300,34.87
ORD000041,2025-08-25,C00113,North,P2002,Sofa,Home Decor,1,600,134.59
ORD000042,2024-02-17,C00002,South,P1001,Smartphone,Electronics,3,900,150.03
ORD000043,2024-12-04,C00225,North,P2002,Sofa,Home Decor,1,600,101.8
ORD000044,2024-11-20,C00730,West,P2001,Lamp,Home Decor,1,25,5.82
ORD000045,2024-12-07,C00203,West,P3002,Shoes,Apparel,1,70,18.76
ORD000046,2025-09-18,C00837,West,P2001,Lamp,Home Decor,1,25,7.52
ORD000047,2025-02-06,C00752,West,P1002,Headphones,Electronics,1,50,11.7
ORD000048,2023-10-22,C00464,North,P1001,Smartphone,Electronics,1,300,68.11
ORD000049,2024-12-20,C00403,South,P2001,Lamp,Home Decor,1,25,6.73
ORD000050,2024-04-30,C00711,West,P2001,Lamp,Home Decor,2,50,9.36
ORD000051,2025-04-27,C00338,West,P1001,Smartphone,Electronics,1,300,59.01
ORD000052,2023-12-09,C00946,East,P1001,Smartphone,Electronics,1,300,85.14
ORD000053,2024-07-01,C00764,West,P4001,Milk,Grocery,2,6,0.99
ORD000054,2025-01-04,C00881,South,P1002,Headphones,Electronics,3,150,34.37
ORD000055,2024-02-14,C00037,West,P1001,Smartphone,Electronics,1,300,97.29
ORD000056,2025-06-21,C00659,West,P2001,Lamp,Home Decor,1,25,4.24
ORD000057,2024-06-17,C00120,North,P4002,Coffee,Grocery,2,20,6.44
ORD000058,2024-03-01,C00420,South,P4002,Coffee,Grocery,2,20,6.68
ORD000059,2025-05-16,C00510,North,P4002,Coffee,Grocery,1,10,1.02
ORD000060,2023-11-21,C00878,South,P2001,Lamp,Home Decor,3,75,12.82
ORD000061,2023-10-24,C00681,West,P1002,Headphones,Electronics,1,50,13.15
ORD000062,2024-04-24,C00816,West,P1001,Smartphone,Electronics,1,300,67.04
ORD000063,2025-09-01,C00401,West,P4002,Coffee,Grocery,1,10,3.12
ORD000064,2024-09-24,C00470,East,P1001,Smartphone,Electronics,1,300,68.16
ORD000065,2024-07-30,C00365,East,P3002,Shoes,Apparel,1,70,24.03
ORD000066,2024-10-18,C00277,South,P3002,Shoes,Apparel,3,210,43.81
ORD000067,2024-10-10,C00453,West,P1001,Smartphone,Electronics,1,300,66.94
ORD000068,2025-07-11,C00192,North,P3001,Shirt,Apparel,1,30,7.29
ORD000069,2024-02-11,C00477,South,P4002,Coffee,Grocery,1,10,3.35
ORD000070,2025-03-03,C00037,West,P3001,Shirt,Apparel,2,60,17.22
ORD000071,2024-05-07,C00099,West,P3001,Shirt,Apparel,1,30,10.25
ORD000072,2024-03-24,C00928,East,P1001,Smartphone,Electronics,1,300,52.93
ORD000073,2024-12-31,C00793,South,P1001,Smartphone,Electronics,1,300,42.71
ORD000074,2024-03-22,C00686,West,P4001,Milk,Grocery,2,6,2.0
ORD000075,2024-01-12,C00962,East,P1002,Headphones,Electronics,1,50,17.38
ORD000076,2025-07-09,C00104,North,P2001,Lamp,Home Decor,1,25,4.52
ORD000077,2025-05-18,C00477,South,P1001,Smartphone,Electronics,2,600,113.92
ORD000078,2025-07-08,C00408,North,P4001,Milk,Grocery,1,3,0.49
ORD000079,2024-12-17,C00685,West,P2002,Sofa,Home Decor,1,600,135.23
ORD000080,2024-11-25,C00654,West,P1001,Smartphone,Electronics,1,300,59.76
ORD000081,2024-04-18,C00834,West,P2001,Lamp,Home Decor,1,25,4.85
ORD000082,2025-09-07,C00698,East,P4001,Milk,Grocery,1,3,0.55
ORD000083,2024-11-19,C00342,North,P3002,Shoes,Apparel,1,70,17.34
ORD000084,2025-05-21,C00444,North,P2002,Sofa,Home Decor,1,600,105.49
ORD000085,2025-04-01,C00620,North,P1001,Smartphone,Electronics,2,600,100.73
ORD000086,2024-10-08,C00884,South,P4001,Milk,Grocery,1,3,0.34
ORD000087,2025-03-07,C00656,North,P4001,Milk,Grocery,1,3,0.4
ORD000088,2025-04-02,C00657,West,P1002,Headphones,Electronics,1,50,9.04
ORD000089,2024-04-28,C00346,North,P4001,Milk,Grocery,1,3,0.86
ORD000090,2024-07-20,C00393,West,P1002,Headphones,Electronics,3,150,46.35
ORD000091,2024-01-19,C00751,South,P3001,Shirt,Apparel,1,30,9.86
ORD000092,2024-12-26,C00488,North,P4002,Coffee,Grocery,1,10,2.79
ORD000093,2024-01-10,C00704,East,P3001,Shirt,Apparel,1,30,6.88
ORD000094,2024-08-08,C00076,South,P3001,Shirt,Apparel,1,30,6.15
ORD000095,2025-03-04,C00285,South,P4002,Coffee,Grocery,1,10,1.3
ORD000096,2025-10-08,C00750,South,P2002,Sofa,Home Decor,1,600,66.11
ORD000097,2023-11-03,C00474,West,P2002,Sofa,Home Decor,1,600,62.57
ORD000098,2024-09-24,C00734,North,P3001,Shirt,Apparel,1,30,4.3
ORD000099,2024-12-18,C00100,South,P4001,Milk,Grocery,1,3,1.01
ORD000100,2025-01-24,C00442,West,P2002,Sofa,Home Decor,1,600,153.88
ORD000101,2025-08-20,C00016,West,P1001,Smartphone,Electronics,1,300,81.3
ORD000102,2024-12-18,C00896,West,P4002,Coffee,Grocery,1,10,1.07
ORD000103,2025-06-17,C00675,West,P2001,Lamp,Home Decor,2,50,13.46
ORD000104,2024-12-21,C00613,West,P1001,Smartphone,Electronics,1,300,70.92
ORD000105,2024-03-28,C00043,West,P2001,Lamp,Home Decor,2,50,13.14
ORD000106,2024-08-02,C00898,North,P3001,Shirt,Apparel,1,30,3.76
ORD000107,2025-04-10,C00090,West,P2001,Lamp,Home Decor,1,25,4.6
ORD000108,2025-02-14,C00418,East,P3001,Shirt,Apparel,2,60,6.35
ORD000109,2025-09-10,C00626,North,P1001,Smartphone,Electronics,1,300,81.97
ORD000110,2025-01-10,C00277,North,P2001,Lamp,Home Decor,2,50,14.19
ORD000111,2024-12-16,C00920,West,P1001,Smartphone,Electronics,1,300,61.76
ORD000112,2024-12-15,C00978,North,P2001,Lamp,Home Decor,3,75,15.24
ORD000113,2025-04-13,C00736,North,P4001,Milk,Grocery,1,3,0.95
ORD000114,2024-04-13,C00217,East,P2002,Sofa,Home Decor,1,600,172.63
ORD000115,2025-05-09,C00596,West,P1001,Smartphone,Electronics,1,300,70.07
ORD000116,2024-01-05,C00177,West,P1001,Smartphone,Electronics,1,300,97.16
ORD000117,2025-09-06,C00265,East,P2002,Sofa,Home Decor,3,1800,561.21
ORD000118,2024-11-12,C00851,South,P2002,Sofa,Home Decor,3,1800,607.77
ORD000119,2024-11-03,C00396,North,P4001,Milk,Grocery,1,3,0.37
ORD000120,2024-09-15,C00151,West,P2002,Sofa,Home Decor,1,600,172.86
ORD000121,2025-05-27,C00186,East,P1001,Smartphone,Electronics,1,300,99.82
ORD000122,2025-04-03,C00215,North,P3002,Shoes,Apparel,1,70,14.73
ORD000123,2024-01-29,C00009,South,P2001,Lamp,Home Decor,2,50,17.11
ORD000124,2025-03-23,C00519,South,P1002,Headphones,Electronics,1,50,6.26
ORD000125,2024-04-06,C00795,South,P3001,Shirt,Apparel,1,30,5.97
ORD000126,2025-08-16,C00339,West,P1002,Headphones,Electronics,1,50,6.06
ORD000127,2025-01-12,C00657,East,P4002,Coffee,Grocery,2,20,6.4
ORD000128,2024-05-11,C00070,West,P4001,Milk,Grocery,3,9,2.6
ORD000129,2025-05-22,C00167,East,P4001,Milk,Grocery,1,3,0.58
ORD000130,2025-02-08,C00451,North,P1002,Headphones,Electronics,3,150,19.17
ORD000131,2025-08-13,C00660,West,P3001,Shirt,Apparel,1,30,7.29
ORD000132,2024-06-02,C00001,East,P4002,Coffee,Grocery,1,10,2.62
ORD000133,2025-09-27,C00508,North,P3001,Shirt,Apparel,1,30,6.0
ORD000134,2024-07-08,C00134,South,P1001,Smartphone,Electronics,2,600,93.54
ORD000135,2024-09-03,C00815,North,P2002,Sofa,Home Decor,3,1800,430.2
ORD000136,2024-12-08,C00229,West,P4002,Coffee,Grocery,1,10,3.48
ORD000137,2025-06-09,C00047,North,P2001,Lamp,Home Decor,1,25,2.97
ORD000138,2024-03-15,C00373,South,P1001,Smartphone,Electronics,1,300,64.09
ORD000139,2024-06-27,C00971,West,P3002,Shoes,Apparel,1,70,19.9
ORD000140,2023-12-07,C00972,West,P1002,Headphones,Electronics,3,150,48.38
ORD000141,2025-04-22,C00676,South,P2002,Sofa,Home Decor,1,600,85.45
ORD000142,2023-12-13,C00732,North,P4002,Coffee,Grocery,1,10,2.46
ORD000143,2025-05-24,C00959,North,P1001,Smartphone,Electronics,1,300,63.99
ORD000144,2024-11-22,C00732,West,P1001,Smartphone,Electronics,1,300,91.03
ORD000145,2024-11-09,C00390,South,P3001,Shirt,Apparel,1,30,3.57
ORD000146,2024-09-02,C00450,South,P2001,Lamp,Home Decor,2,50,12.67
ORD000147,2025-02-24,C00005,East,P4002,Coffee,Grocery,2,20,4.76
ORD000148,2023-11-24,C00224,East,P4002,Coffee,Grocery,1,10,3.03
ORD000149,2025-05-26,C00217,South,P1001,Smartphone,Electronics,1,300,86.22
ORD000150,2025-04-12,C00610,North,P2001,Lamp,Home Decor,2,50,15.48
ORD000151,2023-12-23,C00823,South,P2001,Lamp,Home Decor,1,25,2.59
ORD000152,2025-01-08,C00870,East,P2002,Sofa,Home Decor,2,1200,419.92
ORD000153,2024-05-28,C00714,South,P3001,Shirt,Apparel,1,30,8.45
ORD000154,2025-05-02,C00878,North,P2001,Lamp,Home Decor,1,25,5.32
ORD000155,2024-08-12,C00449,North,P2001,Lamp,Home Decor,1,25,3.8
ORD000156,2024-02-05,C00072,East,P4002,Coffee,Grocery,1,10,1.9
ORD000157,2024-07-28,C00771,East,P1002,Headphones,Electronics,1,50,10.95
ORD000158,2024-08-12,C00389,South,P1002,Headphones,Electronics,2,100,23.8
ORD000159,2023-11-21,C00767,East,P3002,Shoes,Apparel,2,140,34.65
ORD000160,2024-11-07,C00578,East,P4001,Milk,Grocery,2,6,1.53
ORD000161,2025-08-30,C00738,South,P2001,Lamp,Home Decor,3,75,19.07
ORD000162,2025-06-25,C00859,East,P1002,Headphones,Electronics,1,50,9.9
ORD000163,2024-05-12,C00481,West,P4001,Milk,Grocery,2,6,1.42
ORD000164,2024-02-11,C00563,North,P4001,Milk,Grocery,1,3,0.77
ORD000165,2025-04-14,C00401,South,P3001,Shirt,Apparel,2,60,12.89
ORD000166,2024-01-29,C00546,South,P1001,Smartphone,Electronics,1,300,64.44
ORD000167,2024-05-05,C00043,West,P3001,Shirt,Apparel,1,30,4.57
ORD000168,2024-12-13,C00183,West,P2001,Lamp,Home Decor,1,25,3.31
ORD000169,2023-10-28,C00900,West,P4001,Milk,Grocery,1,3,0.82
ORD000170,2024-09-07,C00195,East,P2002,Sofa,Home Decor,1,600,194.52
ORD000171,2024-12-29,C00051,East,P3001,Shirt,Apparel,3,90,22.54
ORD000172,2024-10-13,C00829,South,P3001,Shirt,Apparel,1,30,5.09
ORD000173,2025-08-06,C00524,South,P3001,Shirt,Apparel,1,30,7.01
ORD000174,2023-11-12,C00813,East,P3002,Shoes,Apparel,1,70,15.81
ORD000175,2025-05-20,C00214,East,P1001,Smartphone,Electronics,1,300,66.09
ORD000176,2025-04-04,C00573,North,P4002,Coffee,Grocery,2,20,6.6
ORD000177,2025-05-08,C00867,North,P1002,Headphones,Electronics,2,100,12.11
ORD000178,2024-11-27,C00726,South,P2002,Sofa,Home Decor,1,600,115.57
ORD000179,2023-12-20,C00386,North,P1002,Headphones,Electronics,2,100,23.28
ORD000180,2024-04-28,C00007,East,P1002,Headphones,Electronics,1,50,8.16
ORD000181,2024-11-13,C00508,North,P4001,Milk,Grocery,2,6,1.72
ORD000182,2024-08-31,C00015,West,P1002,Headphones,Electronics,1,50,11.66
ORD000183,2025-09-09,C00039,North,P1001,Smartphone,Electronics,2,600,87.34
ORD000184,2023-12-29,C00812,North,P1001,Smartphone,Electronics,1,300,54.56
ORD000185,2024-12-04,C00394,East,P1001,Smartphone,Electronics,1,300,65.55
ORD000186,2025-01-24,C00111,South,P1001,Smartphone,Electronics,1,300,36.52
ORD000187,2024-06-24,C00748,East,P1002,Headphones,Electronics,1,50,12.33
ORD000188,2024-11-18,C00282,West,P1002,Headphones,Electronics,1,50,9.54
ORD000189,2025-03-29,C00966,North,P1002,Headphones,Electronics,1,50,11.23
ORD000190,2025-01-24,C00710,South,P1001,Smartphone,Electronics,1,300,37.63
ORD000191,2023-11-19,C00446,South,P4001,Milk,Grocery,1,3,0.94
ORD000192,2024-04-02,C00759,East,P3002,Shoes,Apparel,1,70,22.69
ORD000193,2024-09-08,C00920,East,P2001,Lamp,Home Decor,1,25,6.86
ORD000194,2024-03-31,C00004,East,P3002,Shoes,Apparel,1,70,23.97
ORD000195,2024-02-05,C00998,East,P3002,Shoes,Apparel,3,210,46.76
ORD000196,2025-05-18,C00392,South,P3002,Shoes,Apparel,3,210,50.23
ORD000197,2025-07-18,C00410,South,P2001,Lamp,Home Decor,2,50,7.56
ORD000198,2024-03-30,C00113,West,P2002,Sofa,Home Decor,1,600,136.14
ORD000199,2025-02-08,C00550,North,P4001,Milk,Grocery,2,6,1.75
ORD000200,2025-05-07,C00259,North,P3002,Shoes,Apparel,1,70,15.42
ORD000201,2024-12-31,C00919,South,P3002,Shoes,Apparel,1,70,9.35
ORD000202,2023-10-24,C00596,North,P2002,Sofa,Home Decor,1,600,162.69
ORD000203,2023-10-21,C00971,East,P4001,Milk,Grocery,1,3,0.87
ORD000204,2024-01-16,C00095,North,P4002,Coffee,Grocery,1,10,2.99
ORD000205,2025-03-03,C00334,North,P3001,Shirt,Apparel,2,60,20.48
ORD000206,2025-04-14,C00995,East,P4002,Coffee,Grocery,3,30,4.54
ORD000207,2025-10-02,C00832,North,P1001,Smartphone,Electronics,2,600,146.17
ORD000208,2023-11-21,C00828,South,P4002,Coffee,Grocery,2,20,5.75
ORD000209,2025-07-29,C00379,South,P2001,Lamp,Home Decor,1,25,7.59
ORD000210,2025-05-14,C00042,North,P1002,Headphones,Electronics,3,150,26.86
ORD000211,2023-12-08,C00526,West,P1002,Headphones,Electronics,2,100,20.98
ORD000212,2024-04-20,C00575,East,P2001,Lamp,Home Decor,1,25,5.87
ORD000213,2024-04-23,C00503,South,P1001,Smartphone,Electronics,1,300,97.47
ORD000214,2024-03-16,C00039,East,P3002,Shoes,Apparel,1,70,11.01
ORD000215,2024-02-14,C00968,South,P3002,Shoes,Apparel,3,210,53.95
ORD000216,2025-06-27,C00289,West,P4002,Coffee,Grocery,1,10,3.2
ORD000217,2024-04-22,C00550,North,P3002,Shoes,Apparel,2,140,41.6
ORD000218,2024-03-22,C00289,South,P1001,Smartphone,Electronics,2,600,176.79
ORD000219,2024-12-25,C00635,South,P2002,Sofa,Home Decor,1,600,174.37
ORD000220,2025-01-11,C00815,West,P1001,Smartphone,Electronics,1,300,70.24
ORD000221,2024-06-06,C00157,West,P3001,Shirt,Apparel,1,30,5.98
ORD000222,2024-08-28,C00685,South,P3001,Shirt,Apparel,1,30,6.07
ORD000223,2024-10-06,C00292,South,P2001,Lamp,Home Decor,1,25,6.84
ORD000224,2025-05-17,C00254,South,P2001,Lamp,Home Decor,1,25,7.67
ORD000225,2025-05-18,C00815,South,P4002,Coffee,Grocery,1,10,2.0
ORD000226,2024-04-12,C00616,South,P3002,Shoes,Apparel,1,70,22.96
ORD000227,2025-07-01,C00828,East,P1002,Headphones,Electronics,1,50,5.23
ORD000228,2024-10-09,C00133,West,P2002,Sofa,Home Decor,1,600,197.81
ORD000229,2024-11-21,C00604,East,P3001,Shirt,Apparel,2,60,8.29
ORD000230,2023-12-21,C00462,West,P1002,Headphones,Electronics,1,50,5.97
ORD000231,2024-12-26,C00814,North,P1001,Smartphone,Electronics,3,900,191.44
ORD000232,2025-03-17,C00983,North,P3001,Shirt,Apparel,1,30,4.4
ORD000233,2025-05-24,C00936,East,P1001,Smartphone,Electronics,2,600,137.83
ORD000234,2025-04-30,C00202,West,P3001,Shirt,Apparel,1,30,8.58
ORD000235,2025-05-29,C00575,West,P1001,Smartphone,Electronics,1,300,55.01
ORD000236,2025-08-09,C00903,South,P1001,Smartphone,Electronics,2,600,198.44
ORD000237,2024-01-14,C00939,East,P2001,Lamp,Home Decor,2,50,10.65
ORD000238,2024-02-29,C00025,East,P2002,Sofa,Home Decor,3,1800,291.7
ORD000239,2024-08-22,C00177,North,P2002,Sofa,Home Decor,1,600,197.23
ORD000240,2024-10-24,C00882,North,P4001,Milk,Grocery,1,3,0.47
ORD000241,2025-03-25,C00689,West,P1001,Smartphone,Electronics,1,300,102.08
ORD000242,2025-03-22,C00360,North,P3002,Shoes,Apparel,2,140,32.73
ORD000243,2023-12-06,C00215,East,P4001,Milk,Grocery,1,3,0.35
ORD000244,2024-06-08,C00670,North,P2001,Lamp,Home Decor,2,50,9.37
ORD000245,2024-09-21,C00424,East,P1001,Smartphone,Electronics,1,300,65.41
ORD000246,2025-04-06,C00194,South,P1002,Headphones,Electronics,1,50,13.93
ORD000247,2024-08-06,C00947,East,P2002,Sofa,Home Decor,1,600,134.55
ORD000248,2025-04-28,C00871,East,P2002,Sofa,Home Decor,1,600,189.27
ORD000249,2025-08-30,C00162,West,P4002,Coffee,Grocery,1,10,3.24
ORD000250,2024-10-07,C00178,East,P1001,Smartphone,Electronics,1,300,41.71
ORD000251,2024-01-07,C00835,West,P3001,Shirt,Apparel,1,30,7.14
ORD000252,2025-04-12,C00054,North,P4001,Milk,Grocery,1,3,0.31
ORD000253,2024-02-28,C00604,East,P4001,Milk,Grocery,1,3,0.97
ORD000254,2024-12-12,C00078,West,P4002,Coffee,Grocery,1,10,1.61
ORD000255,2025-08-30,C00500,North,P4002,Coffee,Grocery,2,20,6.81
ORD000256,2024-10-16,C00944,South,P3002,Shoes,Apparel,1,70,12.13
ORD000257,2025-04-28,C00085,East,P4001,Milk,Grocery,1,3,0.85
ORD000258,2025-09-14,C00700,South,P4002,Coffee,Grocery,1,10,2.46
ORD000259,2024-12-30,C00523,South,P1002,Headphones,Electronics,3,150,38.43
ORD000260,2024-01-06,C00396,West,P4001,Milk,Grocery,1,3,0.74
ORD000261,2024-03-02,C00905,South,P3001,Shirt,Apparel,1,30,8.8
ORD000262,2025-01-19,C00854,West,P3001,Shirt,Apparel,1,30,10.11
ORD000263,2025-03-12,C00059,South,P4002,Coffee,Grocery,1,10,2.41
ORD000264,2025-01-08,C00115,North,P4001,Milk,Grocery,2,6,1.24
ORD000265,2024-06-25,C00281,East,P3002,Shoes,Apparel,2,140,38.46
ORD000266,2024-08-29,C00004,South,P1001,Smartphone,Electronics,1,300,92.62
ORD000267,2025-08-21,C00805,East,P1002,Headphones,Electronics,3,150,40.92
ORD000268,2025-06-22,C00356,North,P3002,Shoes,Apparel,3,210,27.18
ORD000269,2025-01-25,C00998,South,P3002,Shoes,Apparel,1,70,14.09
ORD000270,2023-10-24,C00981,East,P2002,Sofa,Home Decor,1,600,61.65
ORD000271,2025-04-16,C00610,West,P1001,Smartphone,Electronics,1,300,84.91
ORD000272,2025-08-31,C00685,North,P3001,Shirt,Apparel,1,30,4.32
ORD000273,2025-04-27,C00558,West,P1002,Headphones,Electronics,1,50,14.64
ORD000274,2024-09-21,C00819,North,P1002,Headphones,Electronics,1,50,14.23
ORD000275,2025-04-09,C00779,West,P2002,Sofa,Home Decor,2,1200,140.47
ORD000276,2024-04-23,C00807,West,P2001,Lamp,Home Decor,1,25,6.99
ORD000277,2024-08-07,C00664,South,P2001,Lamp,Home Decor,3,75,14.94
ORD000278,2024-05-27,C00548,East,P3002,Shoes,Apparel,2,140,21.52
ORD000279,2024-04-01,C00849,South,P2002,Sofa,Home Decor,1,600,186.23
ORD000280,2024-04-04,C00154,South,P2001,Lamp,Home Decor,1,25,4.59
ORD000281,2024-04-27,C00641,North,P3001,Shirt,Apparel,1,30,5.64
ORD000282,2025-01-12,C00039,East,P3001,Shirt,Apparel,1,30,6.26
ORD000283,2024-04-03,C00435,South,P2001,Lamp,Home Decor,1,25,2.51
ORD000284,2024-05-29,C00044,East,P3002,Shoes,Apparel,1,70,13.32
ORD000285,2024-06-08,C00569,East,P2001,Lamp,Home Decor,3,75,22.31
ORD000286,2024-03-24,C00216,East,P1001,Smartphone,Electronics,1,300,70.64
ORD000287,2024-04-09,C00485,South,P4002,Coffee,Grocery,1,10,2.9
ORD000288,2024-10-07,C00089,West,P4002,Coffee,Grocery,2,20,3.25
ORD000289,2025-03-02,C00538,East,P4001,Milk,Grocery,1,3,0.34
ORD000290,2025-05-26,C00919,South,P4002,Coffee,Grocery,2,20,6.63
ORD000291,2024-09-21,C00335,North,P3001,Shirt,Apparel,1,30,5.35
ORD000292,2025-03-26,C00498,East,P4001,Milk,Grocery,1,3,0.99
ORD000293,2023-11-01,C00372,East,P4001,Milk,Grocery,2,6,1.72
ORD000294,2024-08-21,C00273,South,P2001,Lamp,Home Decor,1,25,7.68
ORD000295,2024-02-08,C00813,South,P4001,Milk,Grocery,1,3,0.72
ORD000296,2024-09-03,C00183,East,P2001,Lamp,Home Decor,1,25,4.62
ORD000297,2025-07-29,C00516,North,P2002,Sofa,Home Decor,1,600,180.6
ORD000298,2025-05-12,C00016,North,P3002,Shoes,Apparel,1,70,17.95
ORD000299,2025-06-14,C00739,South,P1002,Headphones,Electronics,2,100,20.44
ORD000300,2025-03-21,C00141,South,P1002,Headphones,Electronics,1,50,15.93
ORD000301,2024-11-29,C00814,West,P4002,Coffee,Grocery,3,30,3.53
ORD000302,2025-01-30,C00245,West,P3001,Shirt,Apparel,2,60,12.03
ORD000303,2025-01-24,C00377,South,P1001,Smartphone,Electronics,1,300,50.38
ORD000304,2025-09-21,C00389,North,P3002,Shoes,Apparel,1,70,14.37
ORD000305,2023-12-11,C00376,South,P3002,Shoes,Apparel,1,70,15.18
ORD000306,2025-06-19,C00665,West,P1002,Headphones,Electronics,1,50,7.92
ORD000307,2024-02-16,C00399,North,P1001,Smartphone,Electronics,3,900,100.15
ORD000308,2024-07-21,C00805,North,P1001,Smartphone,Electronics,1,300,46.37
ORD000309,2025-09-02,C00440,East,P3001,Shirt,Apparel,1,30,6.13
ORD000310,2024-08-04,C00226,North,P3002,Shoes,Apparel,1,70,22.82
ORD000311,2025-02-03,C00660,North,P4001,Milk,Grocery,3,9,1.42
ORD000312,2025-08-01,C00366,South,P4001,Milk,Grocery,1,3,0.92
ORD000313,2025-03-17,C00753,South,P2001,Lamp,Home Decor,1,25,3.88
ORD000314,2024-06-17,C00054,East,P2001,Lamp,Home Decor,2,50,15.01
ORD000315,2025-06-06,C00890,North,P4001,Milk,Grocery,2,6,1.99
ORD000316,2025-08-24,C00850,South,P3001,Shirt,Apparel,1,30,6.86
ORD000317,2024-05-03,C00998,North,P1001,Smartphone,Electronics,1,300,91.19
ORD000318,2024-08-13,C00580,South,P4002,Coffee,Grocery,2,20,2.17
ORD000319,2025-08-19,C00323,East,P3001,Shirt,Apparel,1,30,9.58
ORD000320,2025-06-02,C00738,West,P2002,Sofa,Home Decor,1,600,66.66
ORD000321,2023-12-07,C00261,East,P1002,Headphones,Electronics,2,100,26.38
ORD000322,2024-05-06,C00038,West,P2001,Lamp,Home Decor,1,25,4.08
ORD000323,2024-11-18,C00454,North,P2001,Lamp,Home Decor,2,50,11.2
ORD000324,2023-12-24,C00973,North,P2002,Sofa,Home Decor,1,600,194.17
ORD000325,2024-10-11,C00349,East,P1002,Headphones,Electronics,1,50,11.01
ORD000326,2024-02-11,C00040,East,P1002,Headphones,Electronics,1,50,13.28
ORD000327,2024-05-02,C00147,West,P3001,Shirt,Apparel,1,30,9.59
ORD000328,2024-03-02,C00816,North,P4002,Coffee,Grocery,1,10,1.39
ORD000329,2023-11-18,C00170,West,P3001,Shirt,Apparel,2,60,16.46
ORD000330,2025-04-28,C00133,East,P4001,Milk,Grocery,1,3,0.44
ORD000331,2025-02-09,C00535,South,P3001,Shirt,Apparel,2,60,6.44
ORD000332,2025-09-09,C00551,East,P1002,Headphones,Electronics,2,100,15.72
ORD000333,2024-12-04,C00989,West,P1002,Headphones,Electronics,2,100,30.8
ORD000334,2024-07-05,C00667,North,P4001,Milk,Grocery,1,3,0.36
ORD000335,2025-02-17,C00700,West,P1001,Smartphone,Electronics,1,300,49.49
ORD000336,2024-06-28,C00467,South,P4002,Coffee,Grocery,2,20,2.64
ORD000337,2025-06-18,C00831,West,P4001,Milk,Grocery,1,3,1.02
ORD000338,2024-06-10,C00278,West,P2002,Sofa,Home Decor,1,600,173.05
ORD000339,2024-06-24,C00731,West,P2002,Sofa,Home Decor,1,600,70.18
ORD000340,2025-06-25,C00886,North,P1001,Smartphone,Electronics,2,600,166.29
ORD000341,2024-12-06,C00306,South,P3002,Shoes,Apparel,1,70,7.8
ORD000342,2023-11-20,C00763,East,P4002,Coffee,Grocery,1,10,2.11
ORD000343,2024-11-27,C00907,North,P2002,Sofa,Home Decor,2,1200,127.38
ORD000344,2025-07-28,C00459,South,P3002,Shoes,Apparel,1,70,21.33
ORD000345,2024-01-19,C00285,West,P4001,Milk,Grocery,1,3,0.51
ORD000346,2023-10-26,C00271,East,P1001,Smartphone,Electronics,1,300,94.07
ORD000347,2025-05-17,C00130,East,P3001,Shirt,Apparel,1,30,4.66
ORD000348,2025-01-01,C00707,North,P3002,Shoes,Apparel,1,70,9.3
ORD000349,2025-06-24,C00021,East,P3002,Shoes,Apparel,1,70,14.57
ORD000350,2024-01-24,C00659,North,P4002,Coffee,Grocery,2,20,6.82
ORD000351,2024-03-11,C00892,South,P3001,Shirt,Apparel,3,90,18.21
ORD000352,2025-04-06,C00793,West,P4001,Milk,Grocery,2,6,0.9
ORD000353,2025-03-30,C00539,West,P2002,Sofa,Home Decor,1,600,130.73
ORD000354,2024-04-16,C00309,West,P2002,Sofa,Home Decor,1,600,190.29
ORD000355,2025-05-16,C00199,East,P4001,Milk,Grocery,1,3,0.7
ORD000356,2025-05-09,C00828,South,P3001,Shirt,Apparel,1,30,3.24
ORD000357,2024-08-22,C00734,South,P2001,Lamp,Home Decor,1,25,5.39
ORD000358,2025-02-06,C00740,North,P4001,Milk,Grocery,1,3,0.81
ORD000359,2025-07-28,C00726,South,P3002,Shoes,Apparel,1,70,9.81
ORD000360,2025-02-25,C00395,West,P3001,Shirt,Apparel,1,30,8.98
ORD000361,2024-08-09,C00990,West,P3001,Shirt,Apparel,1,30,6.48
ORD000362,2024-02-28,C00544,East,P1002,Headphones,Electronics,1,50,12.5
ORD000363,2025-01-01,C00425,West,P3001,Shirt,Apparel,2,60,20.29
ORD000364,2025-10-16,C00401,West,P2001,Lamp,Home Decor,1,25,3.16
ORD000365,2025-01-14,C00310,South,P1001,Smartphone,Electronics,1,300,31.38
ORD000366,2024-02-19,C00928,South,P2002,Sofa,Home Decor,2,1200,287.89
ORD000367,2025-08-24,C00745,North,P2002,Sofa,Home Decor,1,600,140.14
ORD000368,2025-02-27,C00918,East,P3002,Shoes,Apparel,1,70,8.38
ORD000369,2024-08-25,C00122,South,P1002,Headphones,Electronics,3,150,22.53
ORD000370,2025-03-24,C00305,West,P4001,Milk,Grocery,1,3,0.43
ORD000371,2024-01-06,C00009,South,P2001,Lamp,Home Decor,1,25,8.1
ORD000372,2024-03-21,C00370,West,P1001,Smartphone,Electronics,1,300,70.6
ORD000373,2024-03-17,C00084,South,P4002,Coffee,Grocery,3,30,7.69
ORD000374,2025-06-22,C00084,West,P4001,Milk,Grocery,2,6,0.72
ORD000375,2024-06-18,C00895,East,P2002,Sofa,Home Decor,1,600,177.57
ORD000376,2025-09-04,C00971,South,P4001,Milk,Grocery,1,3,0.85
ORD000377,2025-03-17,C00537,North,P3002,Shoes,Apparel,1,70,18.38
ORD000378,2024-06-23,C00356,North,P2001,Lamp,Home Decor,1,25,8.6
ORD000379,2024-05-09,C00288,East,P4002,Coffee,Grocery,2,20,4.17
ORD000380,2025-05-12,C00662,North,P2002,Sofa,Home Decor,1,600,167.88
ORD000381,2025-05-15,C00924,South,P4002,Coffee,Grocery,1,10,2.23
ORD000382,2025-10-04,C00959,East,P2001,Lamp,Home Decor,1,25,2.95
ORD000383,2025-03-05,C00725,East,P1001,Smartphone,Electronics,2,600,86.13
ORD000384,2025-02-04,C00516,West,P1002,Headphones,Electronics,2,100,20.64
ORD000385,2024-04-09,C00562,North,P2002,Sofa,Home Decor,2,1200,271.45
ORD000386,2025-01-10,C00117,South,P2001,Lamp,Home Decor,1,25,5.24
ORD000387,2024-06-29,C00932,South,P4002,Coffee,Grocery,1,10,2.49
ORD000388,2024-04-05,C00246,North,P4001,Milk,Grocery,1,3,0.74
ORD000389,2024-08-12,C00021,East,P2002,Sofa,Home Decor,1,600,129.87
ORD000390,2025-08-20,C00752,South,P1001,Smartphone,Electronics,1,300,83.69
ORD000391,2024-02-01,C00002,East,P4001,Milk,Grocery,1,3,0.58
ORD000392,2024-08-02,C00318,South,P3001,Shirt,Apparel,2,60,13.38
ORD000393,2024-07-05,C00231,North,P2002,Sofa,Home Decor,1,600,148.94
ORD000394,2025-03-11,C00891,North,P2002,Sofa,Home Decor,1,600,84.53
ORD000395,2024-05-05,C00261,East,P1001,Smartphone,Electronics,1,300,94.35
ORD000396,2025-09-15,C00301,East,P1001,Smartphone,Electronics,2,600,79.63
ORD000397,2025-07-30,C00630,South,P4001,Milk,Grocery,1,3,0.96
ORD000398,2024-03-31,C00862,North,P4002,Coffee,Grocery,1,10,1.84
ORD000399,2025-04-08,C00972,North,P1001,Smartphone,Electronics,1,300,74.09
ORD000400,2025-08-13,C00121,East,P1001,Smartphone,Electronics,1,300,42.57
ORD000401,2024-02-18,C00305,North,P3001,Shirt,Apparel,1,30,7.0
ORD000402,2025-07-02,C00719,South,P4002,Coffee,Grocery,2,20,4.93
ORD000403,2024-03-04,C00334,South,P2002,Sofa,Home Decor,1,600,65.13
ORD000404,2024-08-10,C00797,North,P1001,Smartphone,Electronics,1,300,100.25
ORD000405,2024-09-10,C00059,North,P4001,Milk,Grocery,1,3,0.44
ORD000406,2025-05-18,C00490,West,P1001,Smartphone,Electronics,1,300,33.12
ORD000407,2024-11-12,C00126,South,P3001,Shirt,Apparel,1,30,8.14
ORD000408,2024-06-14,C00223,West,P1001,Smartphone,Electronics,1,300,95.09
ORD000409,2024-05-01,C00294,West,P4001,Milk,Grocery,1,3,0.56
ORD000410,2023-12-17,C00336,South,P4001,Milk,Grocery,1,3,0.53
ORD000411,2024-04-24,C00341,North,P1002,Headphones,Electronics,2,100,14.06
ORD000412,2025-06-04,C00517,East,P4001,Milk,Grocery,1,3,0.63
ORD000413,2025-08-01,C00119,South,P3002,Shoes,Apparel,1,70,18.58
ORD000414,2025-05-16,C00145,South,P2001,Lamp,Home Decor,1,25,5.61
ORD000415,2025-01-30,C00987,West,P4002,Coffee,Grocery,2,20,5.84
ORD000416,2024-06-16,C00147,East,P1001,Smartphone,Electronics,1,300,80.74
ORD000417,2025-05-28,C00361,South,P4002,Coffee,Grocery,2,20,5.33
ORD000418,2024-08-16,C00966,East,P3002,Shoes,Apparel,1,70,24.49
ORD000419,2024-09-15,C00781,North,P1001,Smartphone,Electronics,2,600,209.0
ORD000420,2024-05-12,C00324,South,P3001,Shirt,Apparel,1,30,8.54
ORD000421,2025-03-30,C00019,South,P3001,Shirt,Apparel,2,60,19.89
ORD000422,2025-02-26,C00851,North,P1002,Headphones,Electronics,2,100,29.95
ORD000423,2025-09-21,C00455,North,P2001,Lamp,Home Decor,1,25,4.36
ORD000424,2023-10-19,C00711,East,P3001,Shirt,Apparel,1,30,5.75
ORD000425,2024-05-26,C00417,North,P3001,Shirt,Apparel,1,30,7.11
ORD000426,2024-04-15,C00986,East,P4002,Coffee,Grocery,1,10,1.57
ORD000427,2024-02-12,C00962,South,P2001,Lamp,Home Decor,1,25,6.52
ORD000428,2024-07-19,C00816,South,P1001,Smartphone,Electronics,1,300,94.75
ORD000429,2024-03-08,C00665,West,P3002,Shoes,Apparel,3,210,63.72
ORD000430,2024-12-14,C00300,West,P3001,Shirt,Apparel,1,30,7.35
ORD000431,2024-05-14,C00814,South,P4001,Milk,Grocery,1,3,0.71
ORD000432,2025-01-20,C00407,East,P2002,Sofa,Home Decor,3,1800,188.2
ORD000433,2024-01-11,C00399,North,P4001,Milk,Grocery,2,6,0.71
ORD000434,2024-06-21,C00789,North,P2002,Sofa,Home Decor,3,1800,207.12
ORD000435,2024-02-01,C00964,West,P3002,Shoes,Apparel,1,70,9.91
ORD000436,2025-01-24,C00751,West,P3001,Shirt,Apparel,1,30,5.3
ORD000437,2025-05-16,C00670,South,P2001,Lamp,Home Decor,1,25,3.06
ORD000438,2024-06-11,C00345,South,P1002,Headphones,Electronics,1,50,10.17
ORD000439,2024-11-15,C00039,North,P2001,Lamp,Home Decor,1,25,7.87
ORD000440,2024-08-07,C00938,North,P4001,Milk,Grocery,2,6,0.76
ORD000441,2024-07-27,C00886,East,P1002,Headphones,Electronics,3,150,30.92
ORD000442,2024-11-14,C00362,East,P3002,Shoes,Apparel,1,70,7.76
ORD000443,2023-12-10,C00277,South,P2001,Lamp,Home Decor,1,25,6.49
ORD000444,2025-07-11,C00010,West,P2002,Sofa,Home Decor,1,600,91.81
ORD000445,2024-05-31,C00152,West,P1002,Headphones,Electronics,1,50,16.32
ORD000446,2025-04-03,C00050,West,P1001,Smartphone,Electronics,1,300,88.54
ORD000447,2025-02-04,C00857,South,P2001,Lamp,Home Decor,2,50,13.39
ORD000448,2025-06-13,C00242,North,P2001,Lamp,Home Decor,1,25,5.32
ORD000449,2024-07-27,C00673,East,P4001,Milk,Grocery,1,3,0.95
ORD000450,2024-10-04,C00655,East,P3001,Shirt,Apparel,1,30,3.18
ORD000451,2023-11-07,C00969,South,P2002,Sofa,Home Decor,1,600,155.69
ORD000452,2025-06-16,C00770,West,P3001,Shirt,Apparel,1,30,6.73
ORD000453,2025-07-20,C00554,South,P2001,Lamp,Home Decor,1,25,6.72
ORD000454,2024-07-02,C00999,West,P3001,Shirt,Apparel,2,60,16.39
ORD000455,2024-12-01,C00102,South,P2002,Sofa,Home Decor,2,1200,300.97
ORD000456,2025-07-07,C00744,North,P4002,Coffee,Grocery,1,10,1.2
ORD000457,2023-12-23,C00353,East,P1001,Smartphone,Electronics,1,300,60.09
ORD000458,2024-03-14,C00561,West,P3002,Shoes,Apparel,1,70,8.21
ORD000459,2024-07-09,C00160,North,P1002,Headphones,Electronics,1,50,5.87
ORD000460,2024-01-23,C00812,North,P4002,Coffee,Grocery,2,20,5.25
ORD000461,2025-02-17,C00727,West,P1002,Headphones,Electronics,1,50,13.37
ORD000462,2025-10-05,C00471,South,P1002,Headphones,Electronics,1,50,17.44
ORD000463,2025-08-01,C00548,North,P2002,Sofa,Home Decor,1,600,144.34
ORD000464,2025-03-20,C00311,West,P3001,Shirt,Apparel,1,30,8.66
ORD000465,2025-09-03,C00912,West,P1002,Headphones,Electronics,1,50,10.63
ORD000466,2025-03-07,C00515,West,P1001,Smartphone,Electronics,1,300,103.59
ORD000467,2024-08-16,C00104,South,P3002,Shoes,Apparel,1,70,13.99
ORD000468,2025-10-03,C00321,North,P3001,Shirt,Apparel,2,60,17.53
ORD000469,2025-08-16,C00978,West,P3002,Shoes,Apparel,1,70,17.91
ORD000470,2025-08-26,C00460,South,P4001,Milk,Grocery,2,6,1.51
ORD000471,2024-08-29,C00481,East,P2002,Sofa,Home Decor,2,1200,130.85
ORD000472,2024-08-23,C00770,East,P1002,Headphones,Electronics,1,50,9.76
ORD000473,2025-09-09,C00180,South,P1001,Smartphone,Electronics,1,300,52.91
ORD000474,2024-02-01,C00262,East,P4001,Milk,Grocery,3,9,2.87
ORD000475,2024-02-09,C00101,West,P3002,Shoes,Apparel,1,70,24.36
ORD000476,2024-04-12,C00678,South,P1002,Headphones,Electronics,1,50,9.96
ORD000477,2023-10-27,C00670,South,P3001,Shirt,Apparel,1,30,9.58
ORD000478,2024-09-29,C00526,North,P3002,Shoes,Apparel,1,70,10.71
ORD000479,2025-07-21,C00130,East,P4001,Milk,Grocery,1,3,0.43
ORD000480,2025-07-08,C00266,North,P1002,Headphones,Electronics,3,150,36.49
ORD000481,2023-12-31,C00164,East,P1002,Headphones,Electronics,1,50,15.78
ORD000482,2024-12-17,C00238,North,P3002,Shoes,Apparel,1,70,22.72
ORD000483,2025-05-09,C00025,North,P2002,Sofa,Home Decor,1,600,119.8
ORD000484,2024-12-20,C00964,North,P3001,Shirt,Apparel,1,30,6.59
ORD000485,2023-11-21,C00800,West,P4001,Milk,Grocery,3,9,2.14
ORD000486,2024-11-07,C00532,South,P4002,Coffee,Grocery,1,10,3.34
ORD000487,2024-04-18,C00861,East,P3001,Shirt,Apparel,1,30,7.81
ORD000488,2025-02-09,C00287,East,P3002,Shoes,Apparel,1,70,13.38
ORD000489,2024-08-11,C00642,South,P3001,Shirt,Apparel,2,60,12.9
ORD000490,2025-06-01,C00463,North,P2001,Lamp,Home Decor,2,50,12.74
ORD000491,2025-06-19,C00329,West,P4001,Milk,Grocery,1,3,0.41
ORD000492,2024-06-12,C00400,West,P3002,Shoes,Apparel,1,70,10.11
ORD000493,2023-12-09,C00785,North,P1001,Smartphone,Electronics,1,300,104.75
ORD000494,2025-07-26,C00420,West,P4001,Milk,Grocery,1,3,0.43
ORD000495,2025-02-21,C00628,East,P3002,Shoes,Apparel,1,70,9.29
ORD000496,2024-01-16,C00155,West,P3002,Shoes,Apparel,1,70,13.2
ORD000497,2024-09-28,C00598,North,P3002,Shoes,Apparel,2,140,39.68
ORD000498,2025-09-10,C00405,South,P3002,Shoes,Apparel,1,70,9.34
ORD000499,2024-03-28,C00826,West,P3002,Shoes,Apparel,1,70,20.31
ORD000500,2024-08-12,C00986,South,P4001,Milk,Grocery,1,3,0.54
ORD000501,2025-05-02,C00173,West,P3001,Shirt,Apparel,3,90,27.03
ORD000502,2024-08-18,C00395,East,P2002,Sofa,Home Decor,1,600,99.88
ORD000503,2023-12-10,C00794,South,P3001,Shirt,Apparel,2,60,7.47
ORD000504,2025-02-13,C00594,West,P2002,Sofa,Home Decor,2,1200,193.04
ORD000505,2024-01-31,C00422,South,P2001,Lamp,Home Decor,1,25,4.97
ORD000506,2024-02-11,C00192,North,P3001,Shirt,Apparel,3,90,12.0
ORD000507,2025-08-31,C00572,West,P4002,Coffee,Grocery,1,10,2.72
ORD000508,2024-11-04,C00956,West,P3001,Shirt,Apparel,1,30,9.98
ORD000509,2025-03-28,C00776,East,P3001,Shirt,Apparel,2,60,13.43
ORD000510,2023-12-23,C00956,East,P3002,Shoes,Apparel,1,70,17.74
ORD000511,2025-08-13,C00940,North,P4002,Coffee,Grocery,2,20,2.53
ORD000512,2024-09-24,C00505,East,P4001,Milk,Grocery,1,3,0.33
ORD000513,2024-05-19,C00483,West,P2001,Lamp,Home Decor,1,25,7.51
ORD000514,2025-07-11,C00826,East,P1001,Smartphone,Electronics,3,900,255.94
ORD000515,2024-04-10,C00211,East,P3002,Shoes,Apparel,3,210,71.96
ORD000516,2024-11-10,C00261,North,P2001,Lamp,Home Decor,1,25,3.59
ORD000517,2025-09-20,C00138,South,P3002,Shoes,Apparel,2,140,16.4
ORD000518,2025-06-29,C00223,West,P4001,Milk,Grocery,1,3,1.03
ORD000519,2024-08-18,C00463,South,P4002,Coffee,Grocery,1,10,3.44
ORD000520,2025-09-11,C00590,North,P2001,Lamp,Home Decor,1,25,6.34
ORD000521,2024-12-23,C00767,South,P1001,Smartphone,Electronics,3,900,197.61
ORD000522,2025-03-10,C00488,South,P1002,Headphones,Electronics,2,100,17.32
ORD000523,2025-08-03,C00912,West,P3002,Shoes,Apparel,1,70,23.11
ORD000524,2025-08-14,C00783,North,P4002,Coffee,Grocery,1,10,1.32
ORD000525,2024-03-29,C00488,East,P4002,Coffee,Grocery,1,10,1.24
ORD000526,2024-08-26,C00790,West,P3002,Shoes,Apparel,1,70,17.73
ORD000527,2025-07-20,C00435,South,P3002,Shoes,Apparel,3,210,56.49
ORD000528,2024-07-13,C00544,South,P1001,Smartphone,Electronics,1,300,51.44
ORD000529,2024-04-18,C00943,South,P4001,Milk,Grocery,2,6,0.99
ORD000530,2023-10-27,C00904,South,P3001,Shirt,Apparel,2,60,12.91
ORD000531,2025-03-23,C00736,East,P4002,Coffee,Grocery,1,10,1.45
ORD000532,2024-03-08,C00534,West,P4002,Coffee,Grocery,1,10,3.46
ORD000533,2025-01-03,C00213,East,P3001,Shirt,Apparel,2,60,7.62
ORD000534,2024-09-16,C00407,West,P2002,Sofa,Home Decor,2,1200,184.05
ORD000535,2025-02-19,C00701,North,P2002,Sofa,Home Decor,2,1200,282.67
ORD000536,2024-08-07,C00023,North,P4002,Coffee,Grocery,1,10,1.26
ORD000537,2024-04-04,C00128,North,P3002,Shoes,Apparel,2,140,36.27
ORD000538,2023-11-21,C00584,North,P4001,Milk,Grocery,1,3,0.72
ORD000539,2024-06-27,C00104,East,P2002,Sofa,Home Decor,2,1200,417.54
ORD000540,2024-11-25,C00473,South,P4002,Coffee,Grocery,2,20,5.29
ORD000541,2025-07-21,C00923,South,P3001,Shirt,Apparel,2,60,15.24
ORD000542,2024-04-29,C00932,South,P1001,Smartphone,Electronics,1,300,70.4
ORD000543,2025-04-16,C00209,South,P1002,Headphones,Electronics,2,100,10.88
ORD000544,2024-10-14,C00020,East,P3002,Shoes,Apparel,2,140,40.55
ORD000545,2024-06-23,C00824,East,P4002,Coffee,Grocery,1,10,1.76
ORD000546,2024-12-16,C00132,West,P3001,Shirt,Apparel,1,30,5.89
ORD000547,2025-06-17,C00805,South,P1002,Headphones,Electronics,2,100,24.83
ORD000548,2024-01-22,C00202,South,P3001,Shirt,Apparel,1,30,4.34
ORD000549,2024-04-16,C00020,North,P3002,Shoes,Apparel,1,70,20.9
ORD000550,2024-11-13,C00515,West,P4001,Milk,Grocery,2,6,1.37
ORD000551,2024-04-06,C00900,West,P3001,Shirt,Apparel,1,30,7.21
ORD000552,2024-01-12,C00915,East,P3002,Shoes,Apparel,1,70,17.49
ORD000553,2024-12-06,C00878,East,P2002,Sofa,Home Decor,2,1200,269.48
ORD000554,2025-02-23,C00314,South,P3002,Shoes,Apparel,1,70,20.05
ORD000555,2023-11-20,C00432,North,P3001,Shirt,Apparel,2,60,13.76
ORD000556,2024-09-30,C00481,South,P2002,Sofa,Home Decor,1,600,170.33
ORD000557,2025-09-22,C00763,East,P4001,Milk,Grocery,1,3,0.75
ORD000558,2024-02-17,C00161,North,P2001,Lamp,Home Decor,2,50,8.74
ORD000559,2023-12-26,C00987,East,P3002,Shoes,Apparel,1,70,20.75
ORD000560,2024-04-27,C00871,North,P3002,Shoes,Apparel,3,210,60.23
ORD000561,2025-10-13,C00573,South,P1002,Headphones,Electronics,1,50,7.31
ORD000562,2024-02-24,C00862,South,P1002,Headphones,Electronics,1,50,13.75
ORD000563,2024-09-05,C00877,East,P3002,Shoes,Apparel,1,70,16.07
ORD000564,2024-04-20,C00922,East,P3001,Shirt,Apparel,1,30,9.4
ORD000565,2024-08-15,C00049,North,P3001,Shirt,Apparel,2,60,8.79
ORD000566,2025-07-07,C00602,West,P1002,Headphones,Electronics,3,150,41.48
ORD000567,2025-07-07,C00641,West,P3002,Shoes,Apparel,2,140,31.38
ORD000568,2025-03-15,C00686,West,P1001,Smartphone,Electronics,1,300,34.3
ORD000569,2024-10-15,C00664,North,P2002,Sofa,Home Decor,1,600,172.71
ORD000570,2024-08-04,C00618,South,P2002,Sofa,Home Decor,1,600,102.41
ORD000571,2025-02-04,C00220,South,P3002,Shoes,Apparel,1,70,11.32
ORD000572,2025-02-01,C00991,South,P4002,Coffee,Grocery,3,30,5.78
ORD000573,2024-10-28,C00813,West,P1001,Smartphone,Electronics,2,600,69.8
ORD000574,2025-04-01,C00875,North,P4002,Coffee,Grocery,1,10,2.55
ORD000575,2024-08-30,C00519,South,P3001,Shirt,Apparel,1,30,6.08
ORD000576,2023-11-05,C00203,West,P4001,Milk,Grocery,1,3,0.85
ORD000577,2024-10-08,C00426,South,P4002,Coffee,Grocery,1,10,3.34
ORD000578,2025-06-30,C00165,South,P2002,Sofa,Home Decor,2,1200,307.33
ORD000579,2025-08-30,C00730,North,P3001,Shirt,Apparel,1,30,7.91
ORD000580,2024-03-31,C00853,West,P4002,Coffee,Grocery,1,10,1.77
ORD000581,2024-01-31,C00178,North,P2002,Sofa,Home Decor,1,600,77.11
ORD000582,2024-08-02,C00598,East,P2002,Sofa,Home Decor,1,600,73.33
ORD000583,2024-12-28,C00354,West,P1001,Smartphone,Electronics,1,300,38.61
ORD000584,2024-01-18,C00177,North,P1002,Headphones,Electronics,1,50,14.9
ORD000585,2023-11-21,C00577,South,P1002,Headphones,Electronics,1,50,10.73
ORD000586,2025-01-04,C00057,South,P3001,Shirt,Apparel,1,30,7.98
ORD000587,2024-04-16,C00637,East,P1002,Headphones,Electronics,1,50,10.15
ORD000588,2024-07-03,C00294,West,P3002,Shoes,Apparel,1,70,20.77
ORD000589,2024-12-10,C00831,North,P2001,Lamp,Home Decor,1,25,2.82
ORD000590,2025-02-24,C00154,East,P4002,Coffee,Grocery,1,10,3.18
ORD000591,2023-11-09,C00376,West,P2002,Sofa,Home Decor,2,1200,275.82
ORD000592,2024-02-03,C00782,East,P3001,Shirt,Apparel,1,30,4.21
ORD000593,2025-05-11,C00026,North,P3001,Shirt,Apparel,1,30,10.39
ORD000594,2024-01-23,C00899,West,P4001,Milk,Grocery,1,3,0.37
ORD000595,2025-05-10,C00774,East,P2002,Sofa,Home Decor,1,600,134.67
ORD000596,2025-09-21,C00427,East,P2002,Sofa,Home Decor,1,600,119.61
ORD000597,2024-12-15,C00586,West,P3001,Shirt,Apparel,3,90,13.58
ORD000598,2024-02-23,C00485,North,P4002,Coffee,Grocery,1,10,2.89
ORD000599,2025-08-23,C00944,South,P4002,Coffee,Grocery,2,20,3.98
ORD000600,2023-11-15,C00454,West,P4002,Coffee,Grocery,1,10,2.12
ORD000601,2024-08-10,C00259,East,P1002,Headphones,Electronics,1,50,15.71
ORD000602,2025-09-28,C00220,North,P1002,Headphones,Electronics,1,50,11.34
ORD000603,2024-10-13,C00892,West,P4001,Milk,Grocery,1,3,0.97
ORD000604,2025-07-08,C00366,South,P2001,Lamp,Home Decor,1,25,7.49
ORD000605,2024-09-04,C00814,East,P2001,Lamp,Home Decor,2,50,15.05
ORD000606,2024-09-26,C00533,South,P4002,Coffee,Grocery,3,30,6.64
ORD000607,2023-12-26,C00506,East,P3001,Shirt,Apparel,1,30,10.48
ORD000608,2024-08-09,C00537,East,P2001,Lamp,Home Decor,1,25,2.58
ORD000609,2024-03-18,C00666,South,P1001,Smartphone,Electronics,1,300,91.72
ORD000610,2024-07-25,C00477,North,P3002,Shoes,Apparel,2,140,20.56
ORD000611,2024-05-08,C00572,West,P2002,Sofa,Home Decor,3,1800,229.84
ORD000612,2024-08-07,C00876,North,P1001,Smartphone,Electronics,1,300,91.62
ORD000613,2024-07-01,C00588,West,P3001,Shirt,Apparel,1,30,9.14
ORD000614,2023-12-20,C00760,South,P3002,Shoes,Apparel,1,70,19.46
ORD000615,2025-07-28,C00546,North,P3002,Shoes,Apparel,2,140,28.7
ORD000616,2025-08-24,C00953,East,P2001,Lamp,Home Decor,1,25,7.18
ORD000617,2025-10-01,C00620,East,P4002,Coffee,Grocery,1,10,2.85
ORD000618,2023-11-12,C00724,North,P3002,Shoes,Apparel,3,210,54.29
ORD000619,2024-12-11,C00248,West,P4002,Coffee,Grocery,1,10,1.79
ORD000620,2024-08-16,C00124,North,P4001,Milk,Grocery,1,3,0.94
ORD000621,2025-09-06,C00579,West,P4002,Coffee,Grocery,1,10,1.19
ORD000622,2024-07-05,C00191,North,P1002,Headphones,Electronics,1,50,8.82
ORD000623,2023-11-26,C00654,West,P2001,Lamp,Home Decor,2,50,10.1
ORD000624,2023-10-18,C00764,North,P2002,Sofa,Home Decor,1,600,181.11
ORD000625,2024-05-02,C00251,East,P4001,Milk,Grocery,1,3,0.98
ORD000626,2025-07-02,C00558,South,P4001,Milk,Grocery,1,3,0.59
ORD000627,2025-09-26,C00547,East,P3002,Shoes,Apparel,2,140,33.13
ORD000628,2025-08-04,C00881,North,P3002,Shoes,Apparel,2,140,30.77
ORD000629,2024-09-25,C00727,South,P4002,Coffee,Grocery,2,20,6.59
ORD000630,2025-06-13,C00899,South,P4002,Coffee,Grocery,2,20,6.86
ORD000631,2024-09-08,C00327,South,P2001,Lamp,Home Decor,2,50,5.23
ORD000632,2024-07-20,C00633,West,P4001,Milk,Grocery,1,3,0.77
ORD000633,2025-09-03,C00934,North,P2001,Lamp,Home Decor,2,50,6.41
ORD000634,2024-09-18,C00265,West,P3001,Shirt,Apparel,1,30,4.97
ORD000635,2024-02-18,C00203,North,P1001,Smartphone,Electronics,1,300,52.59
ORD000636,2025-03-10,C00041,West,P2001,Lamp,Home Decor,1,25,7.06
ORD000637,2024-10-02,C00873,North,P2001,Lamp,Home Decor,3,75,23.48
ORD000638,2023-11-09,C00255,East,P3002,Shoes,Apparel,1,70,24.31
ORD000639,2023-11-10,C00670,West,P4002,Coffee,Grocery,1,10,2.99
ORD000640,2024-09-06,C00469,East,P2001,Lamp,Home Decor,1,25,7.43
ORD000641,2025-10-08,C00963,West,P3001,Shirt,Apparel,1,30,9.24
ORD000642,2023-12-21,C00905,West,P1001,Smartphone,Electronics,2,600,138.79
ORD000643,2023-12-16,C00065,West,P2001,Lamp,Home Decor,2,50,15.99
ORD000644,2024-08-20,C00438,West,P3001,Shirt,Apparel,1,30,3.62
ORD000645,2024-12-23,C00026,West,P3002,Shoes,Apparel,2,140,35.07
ORD000646,2025-04-16,C00550,West,P3001,Shirt,Apparel,1,30,10.11
ORD000647,2024-12-29,C00455,West,P1001,Smartphone,Electronics,2,600,95.62
ORD000648,2025-07-23,C00579,South,P2002,Sofa,Home Decor,1,600,178.01
ORD000649,2024-07-15,C00951,North,P2002,Sofa,Home Decor,3,1800,450.29
ORD000650,2024-02-14,C00214,North,P1001,Smartphone,Electronics,1,300,60.52
ORD000651,2024-03-08,C00730,East,P1002,Headphones,Electronics,1,50,10.91
ORD000652,2024-10-16,C00441,North,P4002,Coffee,Grocery,1,10,2.17
ORD000653,2023-12-26,C00291,West,P3001,Shirt,Apparel,1,30,4.47
ORD000654,2025-03-14,C00701,South,P3001,Shirt,Apparel,1,30,7.43
ORD000655,2023-11-30,C00555,West,P1001,Smartphone,Electronics,1,300,46.43
ORD000656,2025-07-17,C00757,North,P2002,Sofa,Home Decor,1,600,129.43
ORD000657,2025-07-07,C00382,North,P4002,Coffee,Grocery,1,10,1.73
ORD000658,2024-11-16,C00529,West,P1001,Smartphone,Electronics,2,600,102.68
ORD000659,2024-04-20,C00041,East,P3001,Shirt,Apparel,1,30,6.81
ORD000660,2024-10-29,C00907,North,P3001,Shirt,Apparel,1,30,3.34
ORD000661,2024-01-30,C00620,East,P4001,Milk,Grocery,1,3,0.6
ORD000662,2024-03-26,C00109,West,P2002,Sofa,Home Decor,2,1200,321.28
ORD000663,2024-02-03,C00103,West,P3001,Shirt,Apparel,1,30,9.18
ORD000664,2025-07-01,C00174,East,P1002,Headphones,Electronics,2,100,31.57
ORD000665,2024-01-02,C00687,West,P3002,Shoes,Apparel,1,70,8.04
ORD000666,2024-11-06,C00673,East,P1002,Headphones,Electronics,1,50,13.32
ORD000667,2024-01-22,C00412,West,P2002,Sofa,Home Decor,1,600,78.15
ORD000668,2025-06-11,C00755,East,P2002,Sofa,Home Decor,3,1800,361.91
ORD000669,2024-12-08,C00105,South,P1001,Smartphone,Electronics,3,900,240.43
ORD000670,2025-08-14,C00910,South,P1002,Headphones,Electronics,2,100,24.97
ORD000671,2024-07-24,C00540,East,P2001,Lamp,Home Decor,3,75,18.99
ORD000672,2025-10-06,C00605,South,P2002,Sofa,Home Decor,1,600,171.15
ORD000673,2024-07-12,C00081,North,P2001,Lamp,Home Decor,1,25,3.39
ORD000674,2025-05-10,C00311,North,P3002,Shoes,Apparel,1,70,14.85
ORD000675,2024-04-28,C00049,East,P4001,Milk,Grocery,1,3,0.39
ORD000676,2023-11-28,C00294,West,P4001,Milk,Grocery,1,3,0.91
ORD000677,2024-09-18,C00611,North,P3001,Shirt,Apparel,1,30,6.22
ORD000678,2025-09-03,C00030,West,P4001,Milk,Grocery,1,3,0.95
ORD000679,2025-04-01,C00156,West,P2002,Sofa,Home Decor,2,1200,366.73
ORD000680,2025-04-06,C00075,West,P4001,Milk,Grocery,2,6,0.75
ORD000681,2024-11-05,C00612,West,P4002,Coffee,Grocery,1,10,2.5
ORD000682,2024-09-15,C00668,North,P1001,Smartphone,Electronics,1,300,68.38
ORD000683,2024-04-28,C00193,East,P4001,Milk,Grocery,1,3,0.97
ORD000684,2025-10-14,C00914,West,P2002,Sofa,Home Decor,1,600,137.59
ORD000685,2024-07-16,C00126,East,P2001,Lamp,Home Decor,1,25,2.95
ORD000686,2025-02-10,C00392,South,P1001,Smartphone,Electronics,1,300,93.54
ORD000687,2024-02-12,C00833,East,P4002,Coffee,Grocery,1,10,3.47
ORD000688,2024-08-09,C00926,West,P2002,Sofa,Home Decor,1,600,205.8
ORD000689,2024-11-14,C00772,South,P4002,Coffee,Grocery,1,10,3.41
ORD000690,2025-05-19,C00987,South,P2001,Lamp,Home Decor,1,25,8.29
ORD000691,2024-04-10,C00911,North,P2001,Lamp,Home Decor,1,25,7.23
ORD000692,2025-09-08,C00549,South,P3002,Shoes,Apparel,1,70,21.62
ORD000693,2025-07-04,C00708,South,P2002,Sofa,Home Decor,1,600,193.26
ORD000694,2025-07-20,C00059,East,P2002,Sofa,Home Decor,1,600,73.23
ORD000695,2024-01-13,C00278,West,P3002,Shoes,Apparel,1,70,13.75
ORD000696,2023-12-14,C00674,North,P3001,Shirt,Apparel,1,30,7.15
ORD000697,2025-06-24,C00899,South,P3002,Shoes,Apparel,1,70,21.67
ORD000698,2025-07-01,C00497,North,P1002,Headphones,Electronics,1,50,7.43
ORD000699,2024-01-02,C00139,East,P3002,Shoes,Apparel,1,70,11.11
ORD000700,2025-09-16,C00280,North,P2002,Sofa,Home Decor,1,600,147.07
ORD000701,2024-06-17,C00996,East,P2001,Lamp,Home Decor,1,25,7.6
ORD000702,2025-09-13,C00104,South,P3001,Shirt,Apparel,3,90,28.81
ORD000703,2024-02-05,C00999,North,P1001,Smartphone,Electronics,2,600,129.22
ORD000704,2024-05-25,C00164,South,P4002,Coffee,Grocery,1,10,2.19
ORD000705,2024-04-05,C00866,East,P2001,Lamp,Home Decor,1,25,6.21
ORD000706,2023-12-07,C00661,South,P3002,Shoes,Apparel,1,70,22.22
ORD000707,2025-09-13,C00184,West,P2001,Lamp,Home Decor,1,25,2.86
ORD000708,2025-07-08,C00529,East,P1001,Smartphone,Electronics,2,600,201.61
ORD000709,2025-07-31,C00820,West,P2001,Lamp,Home Decor,1,25,3.09
ORD000710,2025-06-24,C00102,East,P3002,Shoes,Apparel,1,70,13.57
ORD000711,2025-06-21,C00923,East,P1001,Smartphone,Electronics,1,300,63.09
ORD000712,2024-11-01,C00691,North,P4002,Coffee,Grocery,1,10,2.44
ORD000713,2025-10-06,C00687,East,P3002,Shoes,Apparel,1,70,14.76
ORD000714,2025-03-29,C00048,East,P4001,Milk,Grocery,1,3,1.02
ORD000715,2025-05-27,C00337,North,P1001,Smartphone,Electronics,1,300,30.24
ORD000716,2024-03-12,C00806,East,P1001,Smartphone,Electronics,2,600,69.37
ORD000717,2025-06-22,C00701,East,P2001,Lamp,Home Decor,1,25,8.57
ORD000718,2024-01-17,C00349,South,P4001,Milk,Grocery,1,3,0.66
ORD000719,2025-06-30,C00320,South,P2001,Lamp,Home Decor,2,50,11.59
ORD000720,2025-04-28,C00664,East,P3001,Shirt,Apparel,1,30,9.03
ORD000721,2024-01-12,C00163,East,P4002,Coffee,Grocery,1,10,2.98
ORD000722,2024-04-24,C00327,South,P1002,Headphones,Electronics,1,50,15.36
ORD000723,2024-01-30,C00549,North,P4001,Milk,Grocery,1,3,0.56
ORD000724,2025-08-28,C00901,West,P4001,Milk,Grocery,1,3,0.87
ORD000725,2025-02-02,C00547,South,P4002,Coffee,Grocery,2,20,6.42
ORD000726,2024-11-08,C00942,South,P4001,Milk,Grocery,1,3,0.67
ORD000727,2024-03-29,C00075,East,P4002,Coffee,Grocery,1,10,1.06
ORD000728,2023-12-02,C00685,West,P4002,Coffee,Grocery,1,10,3.02
ORD000729,2023-12-14,C00358,West,P1002,Headphones,Electronics,1,50,6.26
ORD000730,2025-10-02,C00746,West,P1002,Headphones,Electronics,1,50,11.26
ORD000731,2024-09-16,C00474,North,P4002,Coffee,Grocery,1,10,1.36
ORD000732,2025-08-15,C00295,East,P4002,Coffee,Grocery,1,10,1.58
ORD000733,2025-01-22,C00567,East,P4002,Coffee,Grocery,1,10,1.38
ORD000734,2024-02-27,C00321,North,P3002,Shoes,Apparel,1,70,15.34
ORD000735,2025-04-05,C00403,North,P1001,Smartphone,Electronics,1,300,32.53
ORD000736,2025-07-13,C00337,East,P2001,Lamp,Home Decor,1,25,3.27
ORD000737,2024-03-02,C00484,West,P4001,Milk,Grocery,2,6,1.28
ORD000738,2024-01-18,C00014,South,P3002,Shoes,Apparel,1,70,18.95
ORD000739,2024-08-14,C00847,South,P2002,Sofa,Home Decor,1,600,105.48
ORD000740,2025-04-20,C00471,West,P3002,Shoes,Apparel,1,70,9.5
ORD000741,2025-06-04,C00290,South,P1002,Headphones,Electronics,1,50,6.98
ORD000742,2025-08-18,C00716,North,P4002,Coffee,Grocery,1,10,1.14
ORD000743,2024-11-10,C00861,South,P4001,Milk,Grocery,1,3,0.44
ORD000744,2025-06-24,C00343,West,P1002,Headphones,Electronics,1,50,13.84
ORD000745,2025-07-01,C00940,North,P1002,Headphones,Electronics,1,50,9.25
ORD000746,2025-08-28,C00577,East,P4002,Coffee,Grocery,1,10,1.25
ORD000747,2024-04-29,C00452,West,P2001,Lamp,Home Decor,1,25,7.92
ORD000748,2024-04-17,C00177,South,P1002,Headphones,Electronics,2,100,20.85
ORD000749,2023-12-20,C00401,South,P4002,Coffee,Grocery,3,30,8.06
ORD000750,2023-12-06,C00987,North,P4001,Milk,Grocery,1,3,0.59
ORD000751,2024-08-19,C00725,North,P4002,Coffee,Grocery,1,10,1.35
ORD000752,2024-12-19,C00876,East,P2001,Lamp,Home Decor,1,25,8.54
ORD000753,2025-08-13,C00713,North,P1001,Smartphone,Electronics,1,300,100.8
ORD000754,2025-04-11,C00810,North,P2002,Sofa,Home Decor,2,1200,313.24
ORD000755,2024-10-02,C00553,East,P3001,Shirt,Apparel,1,30,5.89
ORD000756,2023-11-24,C00227,West,P4001,Milk,Grocery,1,3,0.78
ORD000757,2024-02-12,C00210,North,P1001,Smartphone,Electronics,1,300,87.57
ORD000758,2024-04-21,C00649,North,P3001,Shirt,Apparel,1,30,8.4
ORD000759,2023-10-29,C00993,West,P3002,Shoes,Apparel,1,70,22.4
ORD000760,2024-04-27,C00905,West,P3001,Shirt,Apparel,2,60,6.54
ORD000761,2025-08-24,C00028,South,P4002,Coffee,Grocery,1,10,2.85
ORD000762,2024-03-21,C00822,South,P2002,Sofa,Home Decor,1,600,162.33
ORD000763,2024-01-12,C00227,North,P1001,Smartphone,Electronics,2,600,103.11
ORD000764,2025-01-06,C00565,West,P1001,Smartphone,Electronics,2,600,177.3
ORD000765,2024-03-28,C00677,South,P4001,Milk,Grocery,2,6,0.62
ORD000766,2024-07-31,C00398,South,P4002,Coffee,Grocery,2,20,5.55
ORD000767,2025-09-06,C00017,West,P2001,Lamp,Home Decor,1,25,5.03
ORD000768,2024-05-01,C00409,West,P3002,Shoes,Apparel,1,70,19.68
ORD000769,2025-09-09,C00852,East,P1002,Headphones,Electronics,1,50,13.47
ORD000770,2024-11-25,C00604,South,P2002,Sofa,Home Decor,1,600,92.97
ORD000771,2024-12-04,C00699,East,P2002,Sofa,Home Decor,1,600,62.54
ORD000772,2025-05-24,C00391,West,P3002,Shoes,Apparel,1,70,10.18
ORD000773,2025-02-05,C00954,East,P4002,Coffee,Grocery,1,10,2.93
ORD000774,2024-09-04,C00720,East,P2002,Sofa,Home Decor,1,600,145.6
ORD000775,2024-07-03,C00623,East,P3001,Shirt,Apparel,1,30,10.31
ORD000776,2024-03-28,C00983,North,P1001,Smartphone,Electronics,1,300,92.23
ORD000777,2024-11-28,C00644,West,P4002,Coffee,Grocery,1,10,2.0
ORD000778,2024-12-14,C00226,West,P2001,Lamp,Home Decor,2,50,16.72
ORD000779,2024-03-30,C00218,West,P3001,Shirt,Apparel,2,60,13.11
ORD000780,2025-08-08,C00824,West,P1002,Headphones,Electronics,3,150,23.97
ORD000781,2024-11-03,C00540,South,P2002,Sofa,Home Decor,1,600,204.42
ORD000782,2023-12-10,C00199,South,P1001,Smartphone,Electronics,1,300,84.42
ORD000783,2024-09-10,C00301,East,P1001,Smartphone,Electronics,1,300,88.6
ORD000784,2025-04-13,C00068,East,P2001,Lamp,Home Decor,3,75,17.39
ORD000785,2024-11-20,C00049,East,P4001,Milk,Grocery,1,3,0.49
ORD000786,2024-10-08,C00569,East,P2002,Sofa,Home Decor,1,600,168.75
ORD000787,2024-08-11,C00753,South,P4001,Milk,Grocery,2,6,0.69
ORD000788,2024-07-26,C00248,South,P3001,Shirt,Apparel,1,30,4.73
ORD000789,2025-04-14,C00015,West,P1001,Smartphone,Electronics,3,900,209.17
ORD000790,2024-03-12,C00390,South,P3001,Shirt,Apparel,3,90,30.65
ORD000791,2024-01-17,C00714,South,P3002,Shoes,Apparel,2,140,30.09
ORD000792,2024-03-15,C00518,North,P3001,Shirt,Apparel,1,30,7.21
ORD000793,2025-07-16,C00161,North,P4002,Coffee,Grocery,1,10,1.12
ORD000794,2024-10-13,C00863,West,P4002,Coffee,Grocery,3,30,6.95
ORD000795,2024-10-10,C00867,West,P2002,Sofa,Home Decor,3,1800,268.62
ORD000796,2025-04-28,C00446,North,P4002,Coffee,Grocery,1,10,3.38
ORD000797,2024-12-08,C00019,East,P2002,Sofa,Home Decor,1,600,125.55
ORD000798,2025-08-29,C00390,West,P4001,Milk,Grocery,1,3,0.31
ORD000799,2025-10-16,C00354,North,P2002,Sofa,Home Decor,2,1200,392.37
ORD000800,2024-11-21,C00930,East,P2001,Lamp,Home Decor,1,25,8.46
ORD000801,2025-07-12,C00352,West,P4002,Coffee,Grocery,1,10,2.19
ORD000802,2024-10-17,C00593,East,P4001,Milk,Grocery,1,3,0.64
ORD000803,2023-10-23,C00086,West,P2002,Sofa,Home Decor,1,600,175.74
ORD000804,2025-03-31,C00988,West,P1001,Smartphone,Electronics,2,600,177.66
ORD000805,2025-02-14,C00728,South,P2002,Sofa,Home Decor,1,600,155.15
ORD000806,2024-10-08,C00944,East,P2002,Sofa,Home Decor,1,600,137.2
ORD000807,2024-01-21,C00451,West,P3002,Shoes,Apparel,1,70,7.51
ORD000808,2025-02-12,C00438,West,P3001,Shirt,Apparel,1,30,9.76
ORD000809,2024-04-18,C00672,North,P4001,Milk,Grocery,3,9,3.13
ORD000810,2025-07-23,C00404,North,P3001,Shirt,Apparel,1,30,7.77
ORD000811,2025-01-29,C00603,South,P3002,Shoes,Apparel,3,210,70.92
ORD000812,2024-06-16,C00861,West,P3002,Shoes,Apparel,1,70,24.37
ORD000813,2024-04-10,C00114,North,P3001,Shirt,Apparel,1,30,7.92
ORD000814,2025-04-09,C00855,South,P1002,Headphones,Electronics,2,100,34.36
ORD000815,2025-07-12,C00890,North,P2001,Lamp,Home Decor,1,25,2.74
ORD000816,2023-12-06,C00937,North,P1001,Smartphone,Electronics,1,300,80.97
ORD000817,2024-02-18,C00947,North,P2002,Sofa,Home Decor,1,600,125.49
ORD000818,2025-01-29,C00109,West,P2001,Lamp,Home Decor,1,25,7.75
ORD000819,2025-07-06,C00552,North,P4001,Milk,Grocery,2,6,2.02
ORD000820,2025-05-07,C00084,East,P3001,Shirt,Apparel,2,60,18.35
ORD000821,2025-08-24,C00553,West,P1002,Headphones,Electronics,1,50,12.39
ORD000822,2024-06-22,C00494,North,P2001,Lamp,Home Decor,1,25,2.71
ORD000823,2024-10-16,C00421,North,P2001,Lamp,Home Decor,1,25,8.38
ORD000824,2025-06-29,C00959,North,P2001,Lamp,Home Decor,1,25,7.67
ORD000825,2025-02-25,C00004,East,P2002,Sofa,Home Decor,1,600,175.67
ORD000826,2023-11-25,C00248,West,P1002,Headphones,Electronics,2,100,23.48
ORD000827,2024-02-21,C00181,South,P4001,Milk,Grocery,3,9,1.78
ORD000828,2023-11-22,C00566,South,P1001,Smartphone,Electronics,1,300,61.24
ORD000829,2023-12-26,C00615,South,P3001,Shirt,Apparel,2,60,9.01
ORD000830,2025-02-12,C00691,South,P3001,Shirt,Apparel,1,30,4.73
ORD000831,2025-05-09,C00511,West,P4001,Milk,Grocery,1,3,0.53
ORD000832,2025-01-01,C00826,South,P4001,Milk,Grocery,1,3,0.87
ORD000833,2024-12-08,C00411,East,P3002,Shoes,Apparel,1,70,19.47
ORD000834,2025-02-24,C00047,South,P3002,Shoes,Apparel,1,70,12.9
ORD000835,2025-06-02,C00213,South,P2002,Sofa,Home Decor,3,1800,519.41
ORD000836,2025-08-09,C00799,South,P3001,Shirt,Apparel,1,30,5.86
ORD000837,2024-11-07,C00254,North,P1002,Headphones,Electronics,1,50,8.36
ORD000838,2023-10-25,C00505,North,P1001,Smartphone,Electronics,3,900,99.55
ORD000839,2025-06-09,C00635,North,P2002,Sofa,Home Decor,3,1800,464.47
ORD000840,2024-11-17,C00729,East,P3001,Shirt,Apparel,1,30,6.85
ORD000841,2024-01-27,C00194,West,P2002,Sofa,Home Decor,3,1800,381.97
ORD000842,2024-02-01,C00001,East,P4001,Milk,Grocery,2,6,1.29
ORD000843,2024-11-18,C00313,North,P4001,Milk,Grocery,1,3,0.94
ORD000844,2024-05-22,C00141,South,P1002,Headphones,Electronics,2,100,14.88
ORD000845,2025-07-16,C00337,East,P3002,Shoes,Apparel,1,70,9.75
ORD000846,2025-04-22,C00183,West,P1001,Smartphone,Electronics,2,600,144.31
ORD000847,2025-06-26,C00100,West,P1001,Smartphone,Electronics,1,300,66.19
ORD000848,2024-11-18,C00851,East,P4002,Coffee,Grocery,2,20,3.92
ORD000849,2025-02-05,C00801,South,P2002,Sofa,Home Decor,1,600,179.63
ORD000850,2025-04-28,C00315,North,P1002,Headphones,Electronics,1,50,7.94
ORD000851,2024-02-14,C00168,East,P2001,Lamp,Home Decor,2,50,11.68
ORD000852,2024-03-13,C00390,West,P3001,Shirt,Apparel,1,30,8.39
ORD000853,2024-02-18,C00659,West,P3001,Shirt,Apparel,3,90,25.07
ORD000854,2024-09-01,C00660,East,P4002,Coffee,Grocery,1,10,3.16
ORD000855,2025-03-29,C00022,East,P2002,Sofa,Home Decor,1,600,107.48
ORD000856,2024-09-20,C00952,East,P1001,Smartphone,Electronics,2,600,97.57
ORD000857,2024-08-08,C00179,South,P2001,Lamp,Home Decor,2,50,17.27
ORD000858,2024-11-03,C00113,West,P2002,Sofa,Home Decor,1,600,67.78
ORD000859,2023-12-30,C00140,North,P3002,Shoes,Apparel,1,70,10.35
ORD000860,2024-07-15,C00846,North,P3002,Shoes,Apparel,1,70,19.82
ORD000861,2025-09-16,C00050,West,P3002,Shoes,Apparel,1,70,13.23
ORD000862,2025-09-15,C00450,South,P1001,Smartphone,Electronics,1,300,54.93
ORD000863,2023-11-13,C00084,South,P4001,Milk,Grocery,1,3,1.04
ORD000864,2025-04-22,C00403,West,P4001,Milk,Grocery,1,3,0.45
ORD000865,2025-06-29,C00792,South,P3002,Shoes,Apparel,1,70,24.33
ORD000866,2024-06-01,C00218,South,P4001,Milk,Grocery,1,3,1.04
ORD000867,2025-03-20,C00570,North,P3001,Shirt,Apparel,3,90,11.32
ORD000868,2023-10-30,C00474,West,P2002,Sofa,Home Decor,1,600,170.68
ORD000869,2025-02-13,C00583,East,P1001,Smartphone,Electronics,1,300,68.98
ORD000870,2024-01-19,C00208,South,P2001,Lamp,Home Decor,1,25,5.52
ORD000871,2023-11-28,C00154,East,P2002,Sofa,Home Decor,1,600,163.47
ORD000872,2025-06-05,C00230,West,P4001,Milk,Grocery,1,3,0.36
ORD000873,2023-12-27,C00403,West,P2001,Lamp,Home Decor,1,25,6.85
ORD000874,2024-01-31,C00802,South,P2001,Lamp,Home Decor,1,25,4.17
ORD000875,2023-11-20,C00073,North,P2001,Lamp,Home Decor,1,25,6.02
ORD000876,2024-04-28,C00100,East,P4002,Coffee,Grocery,1,10,1.78
ORD000877,2024-10-20,C00595,South,P2002,Sofa,Home Decor,1,600,86.11
ORD000878,2025-09-11,C00662,East,P1001,Smartphone,Electronics,1,300,100.86
ORD000879,2024-08-27,C00868,South,P4002,Coffee,Grocery,1,10,2.93
ORD000880,2024-06-25,C00881,North,P3002,Shoes,Apparel,1,70,14.14
ORD000881,2024-07-18,C00083,North,P2002,Sofa,Home Decor,3,1800,423.9
ORD000882,2024-11-13,C00618,West,P1002,Headphones,Electronics,1,50,15.5
ORD000883,2024-01-09,C00842,South,P4002,Coffee,Grocery,1,10,2.66
ORD000884,2025-03-05,C00507,North,P2001,Lamp,Home Decor,1,25,3.08
ORD000885,2025-10-05,C00644,North,P4001,Milk,Grocery,2,6,1.89
ORD000886,2024-11-02,C00248,West,P2001,Lamp,Home Decor,2,50,5.11
ORD000887,2025-02-21,C00946,West,P1001,Smartphone,Electronics,1,300,80.3
ORD000888,2025-08-24,C00151,East,P3001,Shirt,Apparel,1,30,4.49
ORD000889,2025-10-12,C00737,North,P4002,Coffee,Grocery,3,30,3.22
ORD000890,2024-11-18,C00296,East,P3002,Shoes,Apparel,1,70,11.33
ORD000891,2024-07-18,C00161,East,P3001,Shirt,Apparel,1,30,4.62
ORD000892,2025-02-12,C00650,South,P4002,Coffee,Grocery,1,10,3.38
ORD000893,2023-12-25,C00319,North,P3002,Shoes,Apparel,1,70,15.64
ORD000894,2024-09-08,C00833,East,P4002,Coffee,Grocery,1,10,2.54
ORD000895,2025-05-29,C00494,South,P4002,Coffee,Grocery,3,30,5.19
ORD000896,2024-05-28,C00857,East,P1001,Smartphone,Electronics,3,900,221.5
ORD000897,2024-11-23,C00549,North,P1001,Smartphone,Electronics,2,600,197.29
ORD000898,2025-01-12,C00445,South,P1002,Headphones,Electronics,2,100,21.36
ORD000899,2025-09-24,C00680,West,P2001,Lamp,Home Decor,1,25,7.71
ORD000900,2025-03-20,C00092,South,P1002,Headphones,Electronics,1,50,16.7
ORD000901,2025-06-04,C00698,North,P1002,Headphones,Electronics,1,50,14.81
ORD000902,2024-10-01,C00573,East,P3001,Shirt,Apparel,1,30,6.77
ORD000903,2024-10-14,C00129,East,P3002,Shoes,Apparel,1,70,10.68
ORD000904,2024-09-20,C00385,South,P2001,Lamp,Home Decor,1,25,6.59
ORD000905,2024-01-30,C00714,West,P3002,Shoes,Apparel,1,70,16.04
ORD000906,2024-09-09,C00303,West,P3001,Shirt,Apparel,2,60,16.81
ORD000907,2023-10-25,C00196,West,P2001,Lamp,Home Decor,1,25,4.31
ORD000908,2025-10-14,C00665,North,P2002,Sofa,Home Decor,1,600,143.01
ORD000909,2024-04-29,C00153,North,P3001,Shirt,Apparel,1,30,9.21
ORD000910,2024-08-20,C00389,West,P4001,Milk,Grocery,1,3,0.91
ORD000911,2024-07-19,C00807,West,P3002,Shoes,Apparel,1,70,15.85
ORD000912,2025-01-17,C00006,East,P1001,Smartphone,Electronics,1,300,97.77
ORD000913,2025-03-22,C00630,North,P3001,Shirt,Apparel,1,30,4.45
ORD000914,2025-02-09,C00976,East,P1002,Headphones,Electronics,2,100,18.62
ORD000915,2024-08-18,C00285,East,P3002,Shoes,Apparel,1,70,17.68
ORD000916,2024-11-21,C00372,East,P3001,Shirt,Apparel,1,30,8.41
ORD000917,2024-05-05,C00616,North,P4002,Coffee,Grocery,1,10,1.41
ORD000918,2025-03-23,C00606,South,P1002,Headphones,Electronics,1,50,14.87
ORD000919,2025-09-17,C00235,West,P3002,Shoes,Apparel,1,70,7.33
ORD000920,2024-01-12,C00115,West,P1002,Headphones,Electronics,2,100,13.04
ORD000921,2024-09-17,C00206,East,P1002,Headphones,Electronics,1,50,12.6
ORD000922,2025-09-26,C00118,East,P4001,Milk,Grocery,1,3,0.5
ORD000923,2024-10-14,C00509,North,P3002,Shoes,Apparel,3,210,53.36
ORD000924,2025-09-01,C00195,South,P4001,Milk,Grocery,2,6,1.91
ORD000925,2024-07-23,C00946,South,P4002,Coffee,Grocery,2,20,2.86
ORD000926,2024-09-02,C00093,West,P2001,Lamp,Home Decor,1,25,6.1
ORD000927,2025-04-10,C00832,North,P4001,Milk,Grocery,1,3,0.75
ORD000928,2025-10-09,C00017,East,P3001,Shirt,Apparel,1,30,10.35
ORD000929,2023-12-06,C00007,South,P3001,Shirt,Apparel,1,30,9.72
ORD000930,2024-12-31,C00574,North,P1001,Smartphone,Electronics,3,900,264.71
ORD000931,2024-06-25,C00207,North,P2001,Lamp,Home Decor,1,25,5.46
ORD000932,2025-02-13,C00144,North,P3001,Shirt,Apparel,1,30,8.36
ORD000933,2025-03-27,C00833,North,P3002,Shoes,Apparel,2,140,32.75
ORD000934,2024-04-10,C00364,East,P1001,Smartphone,Electronics,2,600,90.52
ORD000935,2024-03-04,C00339,East,P3002,Shoes,Apparel,2,140,29.8
ORD000936,2025-08-20,C00139,North,P1002,Headphones,Electronics,1,50,11.05
ORD000937,2025-06-25,C00435,West,P3002,Shoes,Apparel,1,70,21.06
ORD000938,2023-10-23,C00518,West,P4002,Coffee,Grocery,1,10,1.1
ORD000939,2025-08-01,C00732,West,P4001,Milk,Grocery,1,3,1.03
ORD000940,2023-12-13,C00333,North,P1001,Smartphone,Electronics,3,900,191.36
ORD000941,2024-08-29,C00635,South,P3002,Shoes,Apparel,1,70,24.45
ORD000942,2024-07-13,C00206,West,P3001,Shirt,Apparel,1,30,3.53
ORD000943,2025-08-27,C00507,West,P4002,Coffee,Grocery,1,10,1.92
ORD000944,2025-03-28,C00096,East,P2002,Sofa,Home Decor,1,600,112.49
ORD000945,2024-06-17,C00561,North,P3002,Shoes,Apparel,1,70,18.58
ORD000946,2025-08-27,C00504,East,P2002,Sofa,Home Decor,1,600,74.31
ORD000947,2025-01-10,C00250,South,P4002,Coffee,Grocery,1,10,2.92
ORD000948,2024-04-19,C00480,South,P3001,Shirt,Apparel,1,30,5.63
ORD000949,2025-01-24,C00704,West,P2002,Sofa,Home Decor,1,600,160.67
ORD000950,2025-05-21,C00895,West,P3001,Shirt,Apparel,1,30,7.97
ORD000951,2024-09-26,C00727,East,P3002,Shoes,Apparel,2,140,45.79
ORD000952,2023-12-11,C00490,North,P2001,Lamp,Home Decor,1,25,7.34
ORD000953,2024-02-01,C00682,North,P3001,Shirt,Apparel,1,30,4.17
ORD000954,2024-08-27,C00616,East,P3001,Shirt,Apparel,2,60,11.79
ORD000955,2024-09-20,C00606,South,P1001,Smartphone,Electronics,1,300,46.12
ORD000956,2025-03-08,C00336,North,P2002,Sofa,Home Decor,2,1200,343.73
ORD000957,2023-11-25,C00858,East,P1002,Headphones,Electronics,1,50,9.78
ORD000958,2024-02-25,C00062,South,P1002,Headphones,Electronics,3,150,31.17
ORD000959,2025-08-31,C00222,North,P1001,Smartphone,Electronics,1,300,100.43
ORD000960,2023-12-08,C00917,South,P1001,Smartphone,Electronics,1,300,91.94
ORD000961,2024-07-21,C00790,South,P3002,Shoes,Apparel,1,70,17.42
ORD000962,2025-06-17,C00480,East,P4001,Milk,Grocery,2,6,1.83
ORD000963,2024-02-25,C00869,West,P4001,Milk,Grocery,1,3,0.37
ORD000964,2025-08-24,C00677,East,P2002,Sofa,Home Decor,1,600,92.58
ORD000965,2024-01-15,C00675,East,P3002,Shoes,Apparel,1,70,22.39
ORD000966,2025-04-06,C00688,South,P3001,Shirt,Apparel,1,30,9.44
ORD000967,2025-10-02,C00744,East,P1001,Smartphone,Electronics,2,600,193.22
ORD000968,2023-11-06,C00914,South,P3001,Shirt,Apparel,1,30,8.0
ORD000969,2025-04-12,C00768,South,P4002,Coffee,Grocery,1,10,2.44
ORD000970,2025-01-14,C00957,East,P4002,Coffee,Grocery,2,20,6.52
ORD000971,2023-12-18,C00365,East,P2001,Lamp,Home Decor,2,50,15.73
ORD000972,2024-10-01,C00781,North,P2001,Lamp,Home Decor,1,25,4.4
ORD000973,2025-09-19,C00499,South,P2001,Lamp,Home Decor,1,25,4.75
ORD000974,2024-05-16,C00501,East,P2001,Lamp,Home Decor,1,25,3.0
ORD000975,2024-07-21,C00114,North,P3002,Shoes,Apparel,1,70,20.38
ORD000976,2025-09-26,C00768,East,P4002,Coffee,Grocery,1,10,1.33
ORD000977,2024-10-17,C00853,North,P1002,Headphones,Electronics,1,50,12.81
ORD000978,2023-11-28,C00541,East,P1002,Headphones,Electronics,1,50,5.87
ORD000979,2024-01-20,C00939,North,P2001,Lamp,Home Decor,1,25,6.92
ORD000980,2024-10-08,C00651,South,P2002,Sofa,Home Decor,1,600,190.26
ORD000981,2025-07-03,C00315,North,P1002,Headphones,Electronics,1,50,11.6
ORD000982,2025-06-23,C00758,North,P2001,Lamp,Home Decor,1,25,5.59
ORD000983,2025-03-19,C00715,West,P1002,Headphones,Electronics,2,100,24.83
ORD000984,2024-07-23,C00694,South,P2001,Lamp,Home Decor,2,50,9.53
ORD000985,2025-06-19,C00645,East,P4002,Coffee,Grocery,3,30,4.26
ORD000986,2025-02-27,C00182,South,P1001,Smartphone,Electronics,1,300,103.07
ORD000987,2025-01-11,C00260,North,P3002,Shoes,Apparel,1,70,18.13
ORD000988,2024-05-30,C00754,East,P4001,Milk,Grocery,1,3,0.33
ORD000989,2025-03-09,C00404,South,P1001,Smartphone,Electronics,2,600,85.46
ORD000990,2024-01-10,C00207,West,P4002,Coffee,Grocery,1,10,1.43
ORD000991,2024-02-10,C00643,West,P4002,Coffee,Grocery,2,20,6.8
ORD000992,2024-08-29,C00834,North,P4002,Coffee,Grocery,3,30,9.61
ORD000993,2025-02-12,C00538,East,P1001,Smartphone,Electronics,1,300,99.1
ORD000994,2025-03-01,C00660,West,P4002,Coffee,Grocery,1,10,2.49
ORD000995,2025-04-07,C00640,West,P3001,Shirt,Apparel,1,30,3.63
ORD000996,2025-03-26,C00747,East,P2002,Sofa,Home Decor,1,600,163.6
ORD000997,2024-09-11,C00944,East,P4002,Coffee,Grocery,2,20,6.43
ORD000998,2024-11-17,C00073,East,P3001,Shirt,Apparel,2,60,19.27
ORD000999,2025-08-08,C00751,East,P2001,Lamp,Home Decor,1,25,8.11
ORD001000,2025-04-01,C00885,South,P4001,Milk,Grocery,1,3,1.01
ORD001001,2025-03-27,C00631,West,P3002,Shoes,Apparel,1,70,8.17
ORD001002,2024-06-16,C00925,East,P1001,Smartphone,Electronics,1,300,96.89
ORD001003,2024-03-10,C00364,South,P3002,Shoes,Apparel,1,70,8.24
ORD001004,2025-10-06,C00728,South,P1002,Headphones,Electronics,1,50,5.69
ORD001005,2025-07-12,C00899,North,P4002,Coffee,Grocery,1,10,1.37
ORD001006,2025-05-20,C00236,West,P3002,Shoes,Apparel,1,70,9.0
ORD001007,2024-09-22,C00904,North,P4001,Milk,Grocery,2,6,1.09
ORD001008,2024-12-13,C00540,North,P3002,Shoes,Apparel,1,70,21.47
ORD001009,2024-01-22,C00101,South,P2002,Sofa,Home Decor,1,600,69.38
ORD001010,2024-10-27,C00166,East,P3002,Shoes,Apparel,2,140,41.19
ORD001011,2024-11-02,C00642,East,P4002,Coffee,Grocery,1,10,1.21
ORD001012,2025-01-21,C00190,North,P4001,Milk,Grocery,2,6,1.53
ORD001013,2023-12-21,C00238,West,P4002,Coffee,Grocery,1,10,2.26
ORD001014,2023-12-18,C00343,North,P2001,Lamp,Home Decor,1,25,3.59
ORD001015,2025-09-20,C00825,East,P1001,Smartphone,Electronics,1,300,52.98
ORD001016,2025-07-16,C00790,North,P1002,Headphones,Electronics,1,50,9.55
ORD001017,2024-05-13,C00936,North,P1001,Smartphone,Electronics,1,300,80.04
ORD001018,2023-12-11,C00503,East,P4001,Milk,Grocery,1,3,0.33
ORD001019,2024-05-01,C00660,South,P3001,Shirt,Apparel,3,90,29.01
ORD001020,2025-07-19,C00201,East,P2001,Lamp,Home Decor,1,25,5.44
ORD001021,2025-05-12,C00327,North,P2002,Sofa,Home Decor,1,600,185.73
ORD001022,2025-01-07,C00807,West,P2001,Lamp,Home Decor,2,50,6.54
ORD001023,2024-10-23,C00909,North,P2001,Lamp,Home Decor,2,50,6.58
ORD001024,2024-09-27,C00589,North,P1001,Smartphone,Electronics,2,600,136.52
ORD001025,2024-10-23,C00132,West,P2002,Sofa,Home Decor,1,600,156.71
ORD001026,2025-09-03,C00187,South,P4001,Milk,Grocery,3,9,2.57
ORD001027,2025-07-28,C00734,East,P4001,Milk,Grocery,1,3,0.44
ORD001028,2025-08-14,C00720,South,P2002,Sofa,Home Decor,1,600,120.98
ORD001029,2024-10-22,C00072,South,P4002,Coffee,Grocery,3,30,10.27
ORD001030,2025-10-07,C00906,East,P1001,Smartphone,Electronics,2,600,97.92
ORD001031,2024-08-22,C00799,North,P4002,Coffee,Grocery,1,10,2.39
ORD001032,2025-05-16,C00127,North,P4001,Milk,Grocery,1,3,1.04
ORD001033,2025-07-25,C00487,East,P4001,Milk,Grocery,1,3,0.96
ORD001034,2025-07-17,C00938,South,P3002,Shoes,Apparel,2,140,35.82
ORD001035,2025-07-10,C00950,West,P1001,Smartphone,Electronics,1,300,86.27
ORD001036,2025-08-05,C00920,South,P1001,Smartphone,Electronics,1,300,44.96
ORD001037,2024-01-15,C00686,West,P4002,Coffee,Grocery,3,30,3.3
ORD001038,2024-04-30,C00781,East,P4002,Coffee,Grocery,3,30,8.89
ORD001039,2025-10-01,C00272,East,P3001,Shirt,Apparel,1,30,8.7
ORD001040,2025-02-25,C00286,East,P1002,Headphones,Electronics,2,100,22.82
ORD001041,2023-11-24,C00094,South,P3001,Shirt,Apparel,2,60,11.97
ORD001042,2025-02-07,C00624,East,P3001,Shirt,Apparel,1,30,8.72
ORD001043,2024-10-30,C00201,West,P1001,Smartphone,Electronics,1,300,76.13
ORD001044,2024-04-20,C00384,West,P1002,Headphones,Electronics,2,100,13.09
ORD001045,2023-10-27,C00694,East,P3002,Shoes,Apparel,1,70,14.67
ORD001046,2024-04-19,C00720,North,P1001,Smartphone,Electronics,2,600,173.06
ORD001047,2025-06-14,C00974,North,P4002,Coffee,Grocery,1,10,2.81
ORD001048,2025-04-05,C00268,North,P1001,Smartphone,Electronics,1,300,99.18
ORD001049,2025-10-09,C00139,East,P2001,Lamp,Home Decor,2,50,9.9
ORD001050,2024-10-24,C00506,North,P2001,Lamp,Home Decor,1,25,3.82
ORD001051,2025-04-10,C00390,South,P3001,Shirt,Apparel,1,30,9.97
ORD001052,2024-03-12,C00499,South,P1002,Headphones,Electronics,1,50,14.37
ORD001053,2024-04-27,C00139,West,P4002,Coffee,Grocery,2,20,3.17
ORD001054,2024-09-07,C00104,East,P1001,Smartphone,Electronics,1,300,52.03
ORD001055,2023-12-28,C00147,West,P4001,Milk,Grocery,1,3,0.76
ORD001056,2024-10-24,C00293,East,P3002,Shoes,Apparel,1,70,17.84
ORD001057,2024-03-24,C00299,West,P2002,Sofa,Home Decor,2,1200,203.24
ORD001058,2025-10-17,C00977,North,P1002,Headphones,Electronics,1,50,13.48
ORD001059,2024-12-20,C00186,West,P2002,Sofa,Home Decor,1,600,208.52
ORD001060,2024-04-11,C00796,North,P2001,Lamp,Home Decor,1,25,4.46
ORD001061,2025-01-12,C00447,West,P1002,Headphones,Electronics,1,50,15.43
ORD001062,2023-12-31,C00934,West,P4002,Coffee,Grocery,3,30,6.4
ORD001063,2025-07-20,C00588,East,P2001,Lamp,Home Decor,1,25,3.52
ORD001064,2024-07-11,C00511,South,P4002,Coffee,Grocery,1,10,2.12
ORD001065,2024-01-07,C00073,South,P2001,Lamp,Home Decor,1,25,5.44
ORD001066,2023-11-26,C00835,West,P2002,Sofa,Home Decor,2,1200,293.37
ORD001067,2023-11-21,C00113,East,P3001,Shirt,Apparel,1,30,10.06
ORD001068,2025-01-02,C00282,East,P2001,Lamp,Home Decor,1,25,6.65
ORD001069,2024-04-02,C00140,East,P1002,Headphones,Electronics,2,100,18.92
ORD001070,2024-06-12,C00129,South,P2002,Sofa,Home Decor,1,600,163.66
ORD001071,2023-12-24,C00149,North,P1001,Smartphone,Electronics,2,600,201.03
ORD001072,2025-04-02,C00446,North,P2002,Sofa,Home Decor,2,1200,155.97
ORD001073,2025-02-23,C00250,South,P1001,Smartphone,Electronics,1,300,81.16
ORD001074,2024-08-18,C00984,North,P2002,Sofa,Home Decor,2,1200,309.67
ORD001075,2024-06-13,C00112,West,P1002,Headphones,Electronics,1,50,16.28
ORD001076,2024-05-04,C00661,West,P4001,Milk,Grocery,1,3,0.74
ORD001077,2024-06-16,C00963,West,P2001,Lamp,Home Decor,1,25,6.61
ORD001078,2025-07-09,C00712,East,P1002,Headphones,Electronics,1,50,16.78
ORD001079,2024-08-19,C00237,North,P2001,Lamp,Home Decor,2,50,6.31
ORD001080,2025-05-07,C00870,North,P4001,Milk,Grocery,1,3,0.37
ORD001081,2024-05-14,C00449,West,P3001,Shirt,Apparel,1,30,7.46
ORD001082,2025-05-31,C00108,West,P2002,Sofa,Home Decor,1,600,189.52
ORD001083,2025-06-02,C00959,West,P4001,Milk,Grocery,1,3,0.73
ORD001084,2025-05-16,C00606,North,P3001,Shirt,Apparel,1,30,6.18
ORD001085,2024-08-23,C00495,South,P4001,Milk,Grocery,3,9,1.87
ORD001086,2024-02-23,C00897,East,P4001,Milk,Grocery,1,3,0.32
ORD001087,2025-06-07,C00833,North,P3002,Shoes,Apparel,1,70,17.74
ORD001088,2024-09-25,C00335,North,P4001,Milk,Grocery,1,3,0.97
ORD001089,2025-06-16,C00008,South,P3002,Shoes,Apparel,1,70,13.14
ORD001090,2024-05-12,C00653,North,P4001,Milk,Grocery,1,3,0.72
ORD001091,2024-02-16,C00774,East,P3002,Shoes,Apparel,1,70,15.44
ORD001092,2025-03-07,C00655,South,P3002,Shoes,Apparel,1,70,9.44
ORD001093,2024-09-27,C00245,West,P3001,Shirt,Apparel,1,30,6.44
ORD001094,2025-09-02,C00570,North,P2001,Lamp,Home Decor,1,25,6.74
ORD001095,2024-06-28,C00005,South,P4001,Milk,Grocery,1,3,0.32
ORD001096,2023-11-30,C00754,South,P2002,Sofa,Home Decor,1,600,158.12
ORD001097,2025-05-05,C00013,East,P2002,Sofa,Home Decor,1,600,167.21
ORD001098,2024-08-17,C00575,East,P4002,Coffee,Grocery,1,10,2.28
ORD001099,2025-01-05,C00915,West,P4001,Milk,Grocery,1,3,0.36
ORD001100,2023-10-25,C00044,West,P2002,Sofa,Home Decor,1,600,201.03
ORD001101,2025-05-18,C00363,South,P4002,Coffee,Grocery,1,10,1.93
ORD001102,2023-12-25,C00966,South,P1001,Smartphone,Electronics,1,300,86.25
ORD001103,2023-11-08,C00751,South,P4002,Coffee,Grocery,1,10,1.18
ORD001104,2023-11-12,C00912,South,P2002,Sofa,Home Decor,1,600,64.37
ORD001105,2024-08-20,C00237,South,P2002,Sofa,Home Decor,1,600,85.23
ORD001106,2024-11-08,C00783,East,P4001,Milk,Grocery,1,3,0.54
ORD001107,2025-03-18,C00776,East,P4001,Milk,Grocery,3,9,1.4
ORD001108,2025-07-01,C00125,North,P4002,Coffee,Grocery,1,10,1.95
ORD001109,2024-04-18,C00658,South,P4002,Coffee,Grocery,1,10,2.88
ORD001110,2023-12-02,C00610,East,P3001,Shirt,Apparel,2,60,11.97
ORD001111,2025-02-20,C00902,West,P3002,Shoes,Apparel,1,70,21.58
ORD001112,2025-06-28,C00093,East,P1002,Headphones,Electronics,1,50,6.35
ORD001113,2025-01-05,C00424,South,P3002,Shoes,Apparel,1,70,21.77
ORD001114,2024-08-10,C00006,West,P4002,Coffee,Grocery,1,10,3.25
ORD001115,2025-01-29,C00651,East,P4002,Coffee,Grocery,1,10,1.68
ORD001116,2025-03-05,C00849,North,P1001,Smartphone,Electronics,1,300,54.33
ORD001117,2025-06-12,C00454,East,P2001,Lamp,Home Decor,1,25,6.69
ORD001118,2024-06-09,C00759,East,P3002,Shoes,Apparel,1,70,13.69
ORD001119,2024-01-13,C00316,West,P3001,Shirt,Apparel,3,90,9.58
ORD001120,2024-09-02,C00251,North,P4001,Milk,Grocery,1,3,0.62
ORD001121,2024-08-06,C00175,North,P1001,Smartphone,Electronics,1,300,76.71
ORD001122,2025-10-03,C00281,West,P4001,Milk,Grocery,1,3,0.99
ORD001123,2025-03-07,C00025,South,P1002,Headphones,Electronics,1,50,10.23
ORD001124,2025-03-13,C00606,East,P3002,Shoes,Apparel,2,140,38.16
ORD001125,2025-03-28,C00116,West,P4001,Milk,Grocery,1,3,0.8
ORD001126,2023-11-07,C00597,North,P1002,Headphones,Electronics,1,50,7.94
ORD001127,2024-12-31,C00448,South,P3002,Shoes,Apparel,3,210,28.11
ORD001128,2024-02-17,C00978,South,P4002,Coffee,Grocery,1,10,1.09
ORD001129,2024-08-25,C00530,East,P2001,Lamp,Home Decor,1,25,6.09
ORD001130,2023-12-27,C00953,West,P3001,Shirt,Apparel,2,60,20.2
ORD001131,2024-05-17,C00076,West,P2001,Lamp,Home Decor,1,25,2.75
ORD001132,2024-02-28,C00474,East,P3001,Shirt,Apparel,1,30,3.05
ORD001133,2024-02-04,C00263,East,P2001,Lamp,Home Decor,2,50,8.39
ORD001134,2025-02-05,C00892,West,P4001,Milk,Grocery,1,3,0.45
ORD001135,2025-09-09,C00253,North,P3001,Shirt,Apparel,2,60,18.08
ORD001136,2025-05-24,C00090,West,P4002,Coffee,Grocery,1,10,1.22
ORD001137,2024-09-12,C00076,North,P2002,Sofa,Home Decor,1,600,110.62
ORD001138,2025-09-07,C00071,North,P3002,Shoes,Apparel,1,70,12.81
ORD001139,2024-07-05,C00195,East,P2002,Sofa,Home Decor,1,600,126.32
ORD001140,2024-01-28,C00461,South,P2002,Sofa,Home Decor,1,600,142.91
ORD001141,2024-07-25,C00285,West,P3001,Shirt,Apparel,2,60,17.4
ORD001142,2024-05-02,C00918,West,P1001,Smartphone,Electronics,1,300,57.08
ORD001143,2025-07-22,C00030,North,P4002,Coffee,Grocery,1,10,3.07
ORD001144,2024-05-09,C00830,South,P2001,Lamp,Home Decor,1,25,3.71
ORD001145,2024-08-04,C00367,West,P3001,Shirt,Apparel,1,30,5.53
ORD001146,2024-07-16,C00582,West,P1001,Smartphone,Electronics,1,300,60.85
ORD001147,2024-01-17,C00288,West,P4001,Milk,Grocery,2,6,0.81
ORD001148,2025-07-01,C00638,East,P1002,Headphones,Electronics,1,50,6.95
ORD001149,2025-07-30,C00300,South,P3001,Shirt,Apparel,1,30,3.26
ORD001150,2025-08-01,C00135,West,P3001,Shirt,Apparel,3,90,12.51
ORD001151,2024-04-02,C00163,North,P2001,Lamp,Home Decor,1,25,4.7
ORD001152,2024-07-30,C00181,West,P3001,Shirt,Apparel,2,60,10.34
ORD001153,2025-07-16,C00194,West,P1002,Headphones,Electronics,1,50,10.58
ORD001154,2024-10-16,C00302,East,P4002,Coffee,Grocery,1,10,3.13
ORD001155,2025-01-09,C00907,East,P3001,Shirt,Apparel,1,30,5.09
ORD001156,2024-04-02,C00306,West,P3001,Shirt,Apparel,2,60,6.24
ORD001157,2024-06-04,C00992,North,P4001,Milk,Grocery,1,3,0.67
ORD001158,2024-04-29,C00386,South,P4001,Milk,Grocery,1,3,0.87
ORD001159,2024-02-07,C00971,West,P4002,Coffee,Grocery,1,10,1.15
ORD001160,2023-12-31,C00012,East,P1002,Headphones,Electronics,1,50,15.59
ORD001161,2025-03-31,C00817,West,P1002,Headphones,Electronics,2,100,33.6
ORD001162,2025-07-19,C00678,West,P1002,Headphones,Electronics,1,50,10.36
ORD001163,2024-10-20,C00298,West,P1001,Smartphone,Electronics,1,300,64.81
ORD001164,2024-12-08,C00554,East,P1001,Smartphone,Electronics,1,300,86.03
ORD001165,2025-03-29,C00185,West,P3001,Shirt,Apparel,1,30,4.59
ORD001166,2025-03-03,C00162,West,P1002,Headphones,Electronics,1,50,14.18
ORD001167,2025-02-15,C00073,West,P1002,Headphones,Electronics,1,50,10.14
ORD001168,2025-10-10,C00738,West,P1002,Headphones,Electronics,1,50,6.02
ORD001169,2024-07-29,C00435,West,P2002,Sofa,Home Decor,1,600,176.62
ORD001170,2025-08-13,C00671,North,P2002,Sofa,Home Decor,1,600,104.39
ORD001171,2024-11-27,C00613,West,P3002,Shoes,Apparel,1,70,21.1
ORD001172,2024-07-15,C00906,South,P2002,Sofa,Home Decor,1,600,135.04
ORD001173,2024-03-26,C00674,West,P3002,Shoes,Apparel,2,140,18.46
ORD001174,2025-04-28,C00036,North,P1002,Headphones,Electronics,1,50,6.79
ORD001175,2025-01-10,C00957,West,P2002,Sofa,Home Decor,2,1200,355.43
ORD001176,2025-03-28,C00164,West,P4002,Coffee,Grocery,2,20,5.38
ORD001177,2024-07-03,C00877,East,P1002,Headphones,Electronics,1,50,8.17
ORD001178,2024-09-11,C00104,East,P4002,Coffee,Grocery,1,10,2.65
ORD001179,2025-07-13,C00396,West,P3002,Shoes,Apparel,1,70,7.74
ORD001180,2025-03-02,C00711,South,P1001,Smartphone,Electronics,1,300,71.74
ORD001181,2025-05-11,C00310,East,P4002,Coffee,Grocery,2,20,6.62
ORD001182,2024-07-19,C00372,East,P2002,Sofa,Home Decor,1,600,75.52
ORD001183,2025-08-02,C00043,North,P4002,Coffee,Grocery,1,10,1.75
ORD001184,2024-08-12,C00083,South,P3001,Shirt,Apparel,2,60,11.35
ORD001185,2025-08-04,C00909,East,P3002,Shoes,Apparel,1,70,21.27
ORD001186,2024-08-06,C00326,East,P2002,Sofa,Home Decor,1,600,137.17
ORD001187,2024-03-22,C00837,West,P1001,Smartphone,Electronics,1,300,79.97
ORD001188,2024-11-08,C00724,West,P2001,Lamp,Home Decor,1,25,3.09
ORD001189,2023-11-11,C00566,West,P4001,Milk,Grocery,1,3,0.92
ORD001190,2025-01-01,C00611,West,P2001,Lamp,Home Decor,1,25,7.96
ORD001191,2025-08-26,C00437,East,P3002,Shoes,Apparel,1,70,12.6
ORD001192,2025-09-13,C00326,West,P1001,Smartphone,Electronics,1,300,80.44
ORD001193,2025-06-29,C00188,East,P3001,Shirt,Apparel,1,30,5.74
ORD001194,2025-07-15,C00621,West,P3001,Shirt,Apparel,1,30,8.2
ORD001195,2025-02-11,C00787,South,P1001,Smartphone,Electronics,2,600,123.89
ORD001196,2024-02-18,C00188,North,P2001,Lamp,Home Decor,1,25,3.67
ORD001197,2025-07-20,C00877,South,P3002,Shoes,Apparel,1,70,15.61
ORD001198,2024-01-20,C00810,South,P2001,Lamp,Home Decor,1,25,3.28
ORD001199,2025-05-31,C00077,West,P4002,Coffee,Grocery,1,10,1.75
ORD001200,2025-07-12,C00551,East,P1001,Smartphone,Electronics,1,300,34.28
ORD001201,2025-08-28,C00779,South,P2002,Sofa,Home Decor,1,600,70.0
ORD001202,2024-10-26,C00427,East,P1002,Headphones,Electronics,2,100,11.04
ORD001203,2024-03-30,C00369,South,P4002,Coffee,Grocery,1,10,2.5
ORD001204,2024-07-04,C00443,West,P2002,Sofa,Home Decor,2,1200,362.98
ORD001205,2024-12-18,C00359,North,P3002,Shoes,Apparel,2,140,16.61
ORD001206,2025-09-18,C00878,West,P2002,Sofa,Home Decor,1,600,165.26
ORD001207,2024-02-08,C00821,West,P2001,Lamp,Home Decor,3,75,17.43
ORD001208,2024-11-25,C00118,South,P4002,Coffee,Grocery,1,10,2.92
ORD001209,2024-11-21,C00480,North,P1001,Smartphone,Electronics,3,900,231.33
ORD001210,2024-12-17,C00438,North,P4001,Milk,Grocery,1,3,0.61
ORD001211,2024-06-13,C00747,East,P4001,Milk,Grocery,2,6,1.08
ORD001212,2025-09-20,C00467,North,P1001,Smartphone,Electronics,1,300,34.65
ORD001213,2024-03-01,C00348,North,P2002,Sofa,Home Decor,1,600,69.17
ORD001214,2023-12-05,C00093,North,P2001,Lamp,Home Decor,1,25,4.72
ORD001215,2024-04-03,C00358,South,P4001,Milk,Grocery,1,3,1.04
ORD001216,2024-06-28,C00244,South,P2001,Lamp,Home Decor,1,25,5.26
ORD001217,2024-12-27,C00519,South,P3002,Shoes,Apparel,1,70,14.26
ORD001218,2025-02-05,C00650,North,P1001,Smartphone,Electronics,3,900,124.07
ORD001219,2024-04-01,C00987,West,P4001,Milk,Grocery,1,3,0.38
ORD001220,2025-09-21,C00930,West,P1001,Smartphone,Electronics,1,300,59.38
ORD001221,2024-02-14,C00260,North,P1001,Smartphone,Electronics,1,300,82.36
ORD001222,2025-06-11,C00291,West,P4001,Milk,Grocery,1,3,0.95
ORD001223,2025-05-13,C00756,East,P3001,Shirt,Apparel,1,30,5.22
ORD001224,2024-09-16,C00658,West,P2001,Lamp,Home Decor,1,25,8.18
ORD001225,2024-04-11,C00763,East,P2002,Sofa,Home Decor,2,1200,287.51
ORD001226,2025-08-09,C00304,South,P4001,Milk,Grocery,1,3,0.36
ORD001227,2025-08-02,C00542,South,P1002,Headphones,Electronics,1,50,11.28
ORD001228,2025-02-18,C00222,West,P3002,Shoes,Apparel,1,70,18.03
ORD001229,2025-08-28,C00253,North,P1002,Headphones,Electronics,1,50,7.44
ORD001230,2024-03-24,C00749,South,P4001,Milk,Grocery,2,6,2.06
ORD001231,2024-03-27,C00019,North,P3002,Shoes,Apparel,1,70,21.03
ORD001232,2024-08-07,C00761,South,P1002,Headphones,Electronics,1,50,16.7
ORD001233,2024-10-23,C00862,East,P1001,Smartphone,Electronics,1,300,88.94
ORD001234,2025-06-01,C00759,North,P4001,Milk,Grocery,3,9,1.09
ORD001235,2025-08-02,C00770,West,P1001,Smartphone,Electronics,1,300,56.37
ORD001236,2024-06-14,C00259,East,P4001,Milk,Grocery,1,3,0.34
ORD001237,2025-01-26,C00186,North,P2001,Lamp,Home Decor,1,25,7.2
ORD001238,2024-01-13,C00580,East,P2002,Sofa,Home Decor,1,600,183.07
ORD001239,2023-12-28,C00984,South,P1002,Headphones,Electronics,1,50,11.29
ORD001240,2024-02-13,C00025,East,P1002,Headphones,Electronics,2,100,25.79
ORD001241,2025-06-29,C00863,South,P1001,Smartphone,Electronics,1,300,48.55
ORD001242,2025-04-10,C00631,North,P4001,Milk,Grocery,1,3,0.47
ORD001243,2025-06-23,C00453,East,P1001,Smartphone,Electronics,1,300,91.47
ORD001244,2025-05-23,C00330,East,P3001,Shirt,Apparel,2,60,13.85
ORD001245,2024-01-15,C00123,East,P4001,Milk,Grocery,1,3,0.77
ORD001246,2025-09-27,C00975,East,P2001,Lamp,Home Decor,1,25,3.76
ORD001247,2025-10-17,C00349,East,P3002,Shoes,Apparel,1,70,21.96
ORD001248,2024-04-14,C00340,East,P2001,Lamp,Home Decor,1,25,7.74
ORD001249,2024-09-25,C00136,East,P2002,Sofa,Home Decor,1,600,63.87
ORD001250,2025-05-24,C00828,South,P4002,Coffee,Grocery,1,10,3.2
ORD001251,2024-02-07,C00839,South,P3001,Shirt,Apparel,1,30,9.88
ORD001252,2025-06-03,C00997,West,P1002,Headphones,Electronics,1,50,11.77
ORD001253,2023-11-03,C00712,West,P1001,Smartphone,Electronics,1,300,74.19
ORD001254,2024-09-02,C00465,West,P1001,Smartphone,Electronics,1,300,42.74
ORD001255,2024-05-04,C00420,North,P1002,Headphones,Electronics,2,100,27.01
ORD001256,2023-10-30,C00427,North,P4001,Milk,Grocery,3,9,2.44
ORD001257,2025-02-12,C00796,South,P1002,Headphones,Electronics,3,150,18.42
ORD001258,2025-07-04,C00179,West,P2001,Lamp,Home Decor,1,25,6.69
ORD001259,2025-10-03,C00992,West,P2001,Lamp,Home Decor,2,50,10.17
ORD001260,2024-02-15,C00994,West,P2002,Sofa,Home Decor,1,600,86.56
ORD001261,2024-11-09,C00792,West,P2001,Lamp,Home Decor,3,75,17.81
ORD001262,2024-01-26,C00537,West,P4001,Milk,Grocery,1,3,0.48
ORD001263,2024-06-11,C00970,East,P3002,Shoes,Apparel,1,70,10.64
ORD001264,2025-04-17,C00495,North,P3001,Shirt,Apparel,1,30,9.92
ORD001265,2024-02-21,C00147,East,P1002,Headphones,Electronics,1,50,13.09
ORD001266,2023-11-29,C00374,North,P4001,Milk,Grocery,1,3,0.96
ORD001267,2024-06-10,C00939,East,P2002,Sofa,Home Decor,1,600,154.61
ORD001268,2025-01-01,C00850,West,P3002,Shoes,Apparel,1,70,20.99
ORD001269,2025-07-12,C00289,East,P4001,Milk,Grocery,1,3,0.85
ORD001270,2025-07-02,C00177,North,P2002,Sofa,Home Decor,2,1200,379.93
ORD001271,2024-05-26,C00168,West,P1002,Headphones,Electronics,2,100,26.31
ORD001272,2025-04-21,C00310,South,P3002,Shoes,Apparel,1,70,16.09
ORD001273,2024-08-17,C00685,South,P4002,Coffee,Grocery,1,10,2.92
ORD001274,2025-08-06,C00085,South,P4002,Coffee,Grocery,1,10,3.37
ORD001275,2024-08-17,C00646,East,P4002,Coffee,Grocery,1,10,2.02
ORD001276,2024-09-18,C00919,West,P2001,Lamp,Home Decor,1,25,5.52
ORD001277,2024-06-25,C00463,North,P3002,Shoes,Apparel,3,210,39.37
ORD001278,2025-01-14,C00813,West,P3001,Shirt,Apparel,1,30,7.15
ORD001279,2024-11-02,C00435,South,P1002,Headphones,Electronics,1,50,15.34
ORD001280,2025-02-07,C00646,East,P4001,Milk,Grocery,2,6,1.45
ORD001281,2024-01-03,C00533,South,P1001,Smartphone,Electronics,2,600,121.86
ORD001282,2025-09-13,C00343,West,P4002,Coffee,Grocery,1,10,2.22
ORD001283,2024-06-06,C00028,North,P3001,Shirt,Apparel,3,90,10.37
ORD001284,2024-02-12,C00134,East,P1002,Headphones,Electronics,1,50,5.08
ORD001285,2024-12-11,C00075,South,P1001,Smartphone,Electronics,1,300,36.85
ORD001286,2024-05-17,C00355,North,P1002,Headphones,Electronics,3,150,21.54
ORD001287,2023-11-08,C00884,North,P4002,Coffee,Grocery,1,10,2.79
ORD001288,2024-12-06,C00996,North,P4002,Coffee,Grocery,1,10,3.24
ORD001289,2024-05-28,C00482,North,P3001,Shirt,Apparel,1,30,3.91
ORD001290,2024-01-02,C00723,North,P4002,Coffee,Grocery,1,10,3.03
ORD001291,2024-12-19,C00042,East,P4002,Coffee,Grocery,1,10,1.64
ORD001292,2024-11-14,C00439,South,P1001,Smartphone,Electronics,1,300,44.9
ORD001293,2025-10-12,C00021,South,P1002,Headphones,Electronics,1,50,12.43
ORD001294,2025-01-11,C00551,East,P3002,Shoes,Apparel,1,70,8.43
ORD001295,2025-01-18,C00274,West,P1002,Headphones,Electronics,2,100,27.87
ORD001296,2024-06-17,C00015,West,P4002,Coffee,Grocery,1,10,3.03
ORD001297,2025-01-20,C00154,West,P4001,Milk,Grocery,2,6,1.06
ORD001298,2025-10-10,C00820,North,P1001,Smartphone,Electronics,1,300,41.53
ORD001299,2025-05-06,C00623,South,P4001,Milk,Grocery,1,3,0.91
ORD001300,2024-04-18,C00330,North,P3001,Shirt,Apparel,3,90,31.43
ORD001301,2025-05-08,C00191,South,P4001,Milk,Grocery,1,3,0.78
ORD001302,2024-08-15,C00611,North,P4002,Coffee,Grocery,2,20,3.28
ORD001303,2024-11-04,C00653,West,P3001,Shirt,Apparel,1,30,4.57
ORD001304,2024-12-13,C00308,East,P3001,Shirt,Apparel,1,30,8.69
ORD001305,2024-03-01,C00615,West,P1002,Headphones,Electronics,1,50,16.65
ORD001306,2025-05-13,C00206,South,P4002,Coffee,Grocery,1,10,3.34
ORD001307,2024-09-20,C00799,South,P2001,Lamp,Home Decor,2,50,6.89
ORD001308,2025-02-06,C00130,North,P2002,Sofa,Home Decor,1,600,79.61
ORD001309,2025-07-05,C00375,South,P3001,Shirt,Apparel,1,30,7.74
ORD001310,2025-06-30,C00886,West,P2001,Lamp,Home Decor,1,25,5.17
ORD001311,2025-05-28,C00956,East,P4002,Coffee,Grocery,1,10,2.0
ORD001312,2025-01-22,C00216,North,P3002,Shoes,Apparel,1,70,20.71
ORD001313,2023-10-29,C00547,East,P2002,Sofa,Home Decor,2,1200,217.12
ORD001314,2025-10-14,C00519,South,P3002,Shoes,Apparel,1,70,23.74
ORD001315,2023-12-27,C00232,East,P2001,Lamp,Home Decor,2,50,16.29
ORD001316,2024-01-23,C00595,South,P4002,Coffee,Grocery,1,10,2.5
ORD001317,2025-01-27,C00155,South,P1001,Smartphone,Electronics,1,300,94.4
ORD001318,2024-04-17,C00914,East,P1002,Headphones,Electronics,1,50,16.4
ORD001319,2024-05-21,C00849,South,P3002,Shoes,Apparel,1,70,12.8
ORD001320,2024-12-01,C00894,South,P4002,Coffee,Grocery,1,10,1.61
ORD001321,2025-08-07,C00078,East,P2002,Sofa,Home Decor,2,1200,378.43
ORD001322,2024-05-25,C00871,South,P1002,Headphones,Electronics,1,50,13.53
ORD001323,2024-12-13,C00736,South,P2001,Lamp,Home Decor,2,50,16.82
ORD001324,2025-07-04,C00669,East,P2001,Lamp,Home Decor,2,50,17.33
ORD001325,2023-10-31,C00379,East,P4002,Coffee,Grocery,1,10,1.63
ORD001326,2024-01-11,C00001,East,P3002,Shoes,Apparel,1,70,22.04
ORD001327,2024-01-17,C00553,East,P4002,Coffee,Grocery,2,20,3.92
ORD001328,2024-07-26,C00575,West,P2001,Lamp,Home Decor,1,25,6.48
ORD001329,2025-05-24,C00739,West,P3001,Shirt,Apparel,1,30,7.53
ORD001330,2025-09-02,C00687,South,P3001,Shirt,Apparel,3,90,29.98
ORD001331,2024-01-26,C00253,North,P2001,Lamp,Home Decor,2,50,13.39
ORD001332,2023-11-09,C00628,East,P4001,Milk,Grocery,1,3,0.53
ORD001333,2023-11-19,C00335,East,P1002,Headphones,Electronics,1,50,16.08
ORD001334,2023-11-23,C00247,West,P3002,Shoes,Apparel,1,70,22.09
ORD001335,2025-06-02,C00361,South,P4001,Milk,Grocery,1,3,1.01
ORD001336,2024-05-06,C00256,South,P4002,Coffee,Grocery,3,30,7.37
ORD001337,2024-12-13,C00446,East,P2002,Sofa,Home Decor,1,600,206.37
ORD001338,2025-06-28,C00082,South,P2002,Sofa,Home Decor,1,600,85.74
ORD001339,2025-04-20,C00765,North,P4001,Milk,Grocery,2,6,1.36
ORD001340,2024-02-01,C00386,North,P3002,Shoes,Apparel,1,70,13.94
ORD001341,2025-09-29,C00093,West,P3001,Shirt,Apparel,1,30,7.47
ORD001342,2024-04-05,C00485,West,P3001,Shirt,Apparel,1,30,9.13
ORD001343,2024-04-17,C00273,West,P1002,Headphones,Electronics,1,50,10.24
ORD001344,2025-04-20,C00935,South,P1002,Headphones,Electronics,1,50,16.64
ORD001345,2024-03-01,C00325,North,P3002,Shoes,Apparel,1,70,24.43
ORD001346,2024-08-12,C00165,West,P2002,Sofa,Home Decor,1,600,116.46
ORD001347,2025-05-29,C00265,East,P1001,Smartphone,Electronics,1,300,46.47
ORD001348,2025-01-26,C00674,East,P2002,Sofa,Home Decor,1,600,102.21
ORD001349,2025-07-26,C00530,East,P3001,Shirt,Apparel,1,30,3.51
ORD001350,2024-11-15,C00132,West,P1001,Smartphone,Electronics,1,300,82.92
ORD001351,2025-10-06,C00544,North,P3001,Shirt,Apparel,1,30,5.81
ORD001352,2025-09-25,C00700,South,P2002,Sofa,Home Decor,1,600,172.41
ORD001353,2024-11-27,C00874,West,P3002,Shoes,Apparel,1,70,7.94
ORD001354,2023-11-19,C00694,North,P4002,Coffee,Grocery,1,10,1.2
ORD001355,2025-04-20,C00426,North,P1001,Smartphone,Electronics,1,300,80.67
ORD001356,2023-12-15,C00798,South,P4001,Milk,Grocery,2,6,1.61
ORD001357,2025-09-27,C00248,South,P1002,Headphones,Electronics,1,50,17.36
ORD001358,2024-05-02,C00506,North,P1002,Headphones,Electronics,1,50,8.49
ORD001359,2024-03-04,C00363,North,P2002,Sofa,Home Decor,3,1800,565.89
ORD001360,2025-09-01,C00431,West,P3001,Shirt,Apparel,1,30,9.44
ORD001361,2024-08-19,C00128,West,P1002,Headphones,Electronics,1,50,15.24
ORD001362,2025-01-19,C00694,North,P4002,Coffee,Grocery,1,10,3.48
ORD001363,2025-05-16,C00083,South,P1001,Smartphone,Electronics,1,300,35.11
ORD001364,2024-06-22,C00574,South,P4001,Milk,Grocery,1,3,0.47
ORD001365,2024-11-05,C00413,East,P3001,Shirt,Apparel,2,60,19.58
ORD001366,2025-07-31,C00158,West,P1001,Smartphone,Electronics,1,300,93.0
ORD001367,2024-12-21,C00398,East,P1002,Headphones,Electronics,1,50,8.73
ORD001368,2025-07-16,C00963,West,P1001,Smartphone,Electronics,2,600,197.37
ORD001369,2024-09-01,C00803,South,P4001,Milk,Grocery,1,3,0.35
ORD001370,2024-12-04,C00710,North,P3001,Shirt,Apparel,1,30,9.48
ORD001371,2024-04-25,C00949,West,P1001,Smartphone,Electronics,3,900,145.57
ORD001372,2023-11-14,C00538,West,P2002,Sofa,Home Decor,1,600,132.43
ORD001373,2024-11-26,C00171,North,P2002,Sofa,Home Decor,2,1200,400.44
ORD001374,2024-02-26,C00693,East,P1001,Smartphone,Electronics,2,600,207.12
ORD001375,2023-11-03,C00452,South,P2002,Sofa,Home Decor,1,600,116.56
ORD001376,2025-04-12,C00002,South,P3002,Shoes,Apparel,1,70,17.36
ORD001377,2024-11-26,C00838,South,P1002,Headphones,Electronics,1,50,11.29
ORD001378,2024-06-03,C00751,North,P4002,Coffee,Grocery,1,10,2.66
ORD001379,2024-09-14,C00045,North,P1002,Headphones,Electronics,1,50,9.72
ORD001380,2024-02-20,C00847,West,P4001,Milk,Grocery,3,9,1.37
ORD001381,2024-04-18,C00621,East,P2001,Lamp,Home Decor,1,25,2.77
ORD001382,2024-05-17,C00130,East,P4002,Coffee,Grocery,1,10,2.76
ORD001383,2024-04-13,C00631,West,P1002,Headphones,Electronics,1,50,17.27
ORD001384,2025-07-07,C00579,East,P3002,Shoes,Apparel,1,70,20.44
ORD001385,2024-11-17,C00663,East,P3001,Shirt,Apparel,1,30,10.04
ORD001386,2024-12-05,C00043,East,P2001,Lamp,Home Decor,2,50,13.71
ORD001387,2024-06-01,C00736,South,P1001,Smartphone,Electronics,1,300,53.53
ORD001388,2025-03-18,C00670,West,P4001,Milk,Grocery,1,3,0.92
ORD001389,2024-08-23,C00074,East,P3001,Shirt,Apparel,1,30,3.99
ORD001390,2024-03-10,C00716,West,P4001,Milk,Grocery,1,3,0.72
ORD001391,2025-02-04,C00667,West,P4002,Coffee,Grocery,1,10,1.91
ORD001392,2024-06-10,C00442,South,P1001,Smartphone,Electronics,1,300,65.35
ORD001393,2025-04-22,C00271,North,P4001,Milk,Grocery,1,3,0.96
ORD001394,2025-07-30,C00986,North,P4001,Milk,Grocery,1,3,0.35
ORD001395,2024-06-21,C00427,North,P2001,Lamp,Home Decor,1,25,6.31
ORD001396,2024-06-07,C00366,West,P3002,Shoes,Apparel,1,70,16.55
ORD001397,2024-09-12,C00130,West,P1001,Smartphone,Electronics,1,300,98.31
ORD001398,2024-11-13,C00836,North,P1001,Smartphone,Electronics,1,300,90.92
ORD001399,2025-03-03,C00168,South,P1001,Smartphone,Electronics,1,300,102.44
ORD001400,2025-06-13,C00925,West,P2001,Lamp,Home Decor,1,25,5.27
ORD001401,2024-04-08,C00496,West,P1002,Headphones,Electronics,1,50,7.44
ORD001402,2023-10-27,C00014,North,P3001,Shirt,Apparel,1,30,4.51
ORD001403,2025-06-11,C00404,West,P3001,Shirt,Apparel,1,30,10.14
ORD001404,2024-03-14,C00205,East,P4002,Coffee,Grocery,1,10,1.14
ORD001405,2024-08-14,C00531,South,P2001,Lamp,Home Decor,1,25,3.92
ORD001406,2025-04-28,C00686,West,P2002,Sofa,Home Decor,1,600,163.71
ORD001407,2024-03-12,C00450,North,P1001,Smartphone,Electronics,1,300,66.68
ORD001408,2025-03-01,C00588,North,P1002,Headphones,Electronics,1,50,8.74
ORD001409,2024-05-23,C00567,South,P4002,Coffee,Grocery,1,10,2.08
ORD001410,2023-11-02,C00630,East,P2001,Lamp,Home Decor,3,75,22.34
ORD001411,2024-03-23,C00189,South,P3002,Shoes,Apparel,2,140,42.18
ORD001412,2025-05-23,C00118,West,P3002,Shoes,Apparel,1,70,7.35
ORD001413,2024-10-08,C00860,South,P4002,Coffee,Grocery,1,10,2.87
ORD001414,2024-03-14,C00334,East,P4002,Coffee,Grocery,1,10,2.65
ORD001415,2025-06-08,C00538,North,P1002,Headphones,Electronics,1,50,8.65
ORD001416,2025-06-11,C00068,North,P3001,Shirt,Apparel,1,30,3.8
ORD001417,2024-03-30,C00286,North,P1002,Headphones,Electronics,3,150,31.02
ORD001418,2025-02-04,C00590,West,P2002,Sofa,Home Decor,3,1800,421.04
ORD001419,2024-12-23,C00924,West,P3002,Shoes,Apparel,1,70,9.16
ORD001420,2023-10-21,C00087,East,P2002,Sofa,Home Decor,1,600,63.31
ORD001421,2024-09-21,C00380,South,P3001,Shirt,Apparel,1,30,9.29
ORD001422,2025-06-09,C00183,West,P2002,Sofa,Home Decor,2,1200,401.61
ORD001423,2024-07-07,C00784,East,P4002,Coffee,Grocery,2,20,6.88
ORD001424,2024-03-13,C00973,West,P1002,Headphones,Electronics,3,150,34.34
ORD001425,2024-09-03,C00123,South,P2002,Sofa,Home Decor,1,600,109.18
ORD001426,2024-03-16,C00480,West,P3002,Shoes,Apparel,1,70,10.36
ORD001427,2025-01-14,C00619,North,P2001,Lamp,Home Decor,1,25,7.94
ORD001428,2024-05-11,C00143,West,P4002,Coffee,Grocery,1,10,2.7
ORD001429,2024-06-09,C00293,North,P2001,Lamp,Home Decor,1,25,6.92
ORD001430,2024-02-20,C00154,North,P4001,Milk,Grocery,1,3,0.51
ORD001431,2024-06-04,C00840,South,P4002,Coffee,Grocery,1,10,2.4
ORD001432,2024-04-15,C00503,South,P4002,Coffee,Grocery,2,20,3.53
ORD001433,2025-06-26,C00238,South,P1002,Headphones,Electronics,3,150,34.78
ORD001434,2023-11-06,C00963,South,P1001,Smartphone,Electronics,2,600,75.21
ORD001435,2024-09-28,C00516,South,P4001,Milk,Grocery,1,3,0.72
ORD001436,2024-02-05,C00121,West,P3001,Shirt,Apparel,2,60,16.68
ORD001437,2024-01-14,C00081,South,P1002,Headphones,Electronics,2,100,33.07
ORD001438,2025-02-15,C00267,East,P1002,Headphones,Electronics,1,50,9.1
ORD001439,2023-11-01,C00520,South,P1001,Smartphone,Electronics,1,300,66.73
ORD001440,2025-03-18,C00469,West,P2001,Lamp,Home Decor,1,25,7.05
ORD001441,2024-10-07,C00460,North,P4002,Coffee,Grocery,1,10,1.21
ORD001442,2024-01-30,C00854,North,P3002,Shoes,Apparel,2,140,40.25
ORD001443,2024-09-07,C00216,East,P2002,Sofa,Home Decor,1,600,199.93
ORD001444,2025-09-20,C00294,South,P4001,Milk,Grocery,1,3,0.84
ORD001445,2025-01-10,C00375,South,P3001,Shirt,Apparel,1,30,5.52
ORD001446,2024-07-03,C00294,West,P1002,Headphones,Electronics,1,50,12.79
ORD001447,2024-05-19,C00248,South,P2001,Lamp,Home Decor,1,25,8.58
ORD001448,2024-10-23,C00801,East,P3001,Shirt,Apparel,1,30,6.43
ORD001449,2024-03-16,C00352,West,P1002,Headphones,Electronics,1,50,6.33
ORD001450,2023-12-27,C00180,South,P4002,Coffee,Grocery,1,10,1.64
ORD001451,2024-04-01,C00791,South,P4002,Coffee,Grocery,3,30,6.5
ORD001452,2024-07-20,C00477,East,P1001,Smartphone,Electronics,1,300,92.56
ORD001453,2025-01-15,C00258,South,P4002,Coffee,Grocery,1,10,3.36
ORD001454,2025-01-29,C00803,East,P4001,Milk,Grocery,1,3,0.33
ORD001455,2024-05-24,C00766,West,P1002,Headphones,Electronics,1,50,13.17
ORD001456,2023-10-24,C00906,East,P4002,Coffee,Grocery,1,10,1.92
ORD001457,2025-02-17,C00218,West,P2002,Sofa,Home Decor,3,1800,570.85
ORD001458,2024-10-06,C00836,South,P1001,Smartphone,Electronics,1,300,82.56
ORD001459,2024-12-04,C00954,East,P2001,Lamp,Home Decor,1,25,4.31
ORD001460,2024-05-03,C00792,South,P2001,Lamp,Home Decor,1,25,4.49
ORD001461,2024-01-19,C00112,North,P3001,Shirt,Apparel,1,30,4.29
ORD001462,2025-03-05,C00797,East,P1002,Headphones,Electronics,1,50,8.12
ORD001463,2024-06-07,C00255,West,P1002,Headphones,Electronics,1,50,6.28
ORD001464,2024-05-28,C00589,North,P1002,Headphones,Electronics,1,50,17.05
ORD001465,2025-10-01,C00903,South,P3002,Shoes,Apparel,1,70,7.18
ORD001466,2024-06-29,C00936,South,P1002,Headphones,Electronics,1,50,6.58
ORD001467,2024-04-24,C00397,North,P2002,Sofa,Home Decor,2,1200,168.18
ORD001468,2025-04-06,C00693,South,P2001,Lamp,Home Decor,2,50,12.79
ORD001469,2025-06-20,C00775,West,P1002,Headphones,Electronics,2,100,21.91
ORD001470,2025-06-07,C00752,West,P2002,Sofa,Home Decor,1,600,105.14
ORD001471,2024-08-25,C00620,South,P3001,Shirt,Apparel,1,30,4.57
ORD001472,2024-03-19,C00496,North,P3001,Shirt,Apparel,1,30,5.45
ORD001473,2023-11-10,C00461,East,P3001,Shirt,Apparel,1,30,9.35
ORD001474,2024-06-05,C00068,West,P2001,Lamp,Home Decor,1,25,7.31
ORD001475,2024-07-12,C00300,West,P4002,Coffee,Grocery,2,20,3.59
ORD001476,2024-12-24,C00732,North,P1002,Headphones,Electronics,2,100,32.13
ORD001477,2025-06-30,C00284,West,P2002,Sofa,Home Decor,1,600,155.18
ORD001478,2024-06-17,C00845,East,P2001,Lamp,Home Decor,1,25,8.35
ORD001479,2024-02-11,C00075,South,P1002,Headphones,Electronics,1,50,15.16
ORD001480,2024-12-25,C00568,North,P3002,Shoes,Apparel,1,70,12.81
ORD001481,2024-09-11,C00683,North,P4002,Coffee,Grocery,3,30,10.48
ORD001482,2024-01-27,C00595,South,P4001,Milk,Grocery,2,6,0.7
ORD001483,2024-08-29,C00863,South,P2001,Lamp,Home Decor,1,25,8.47
ORD001484,2025-02-08,C00972,South,P4002,Coffee,Grocery,2,20,6.88
ORD001485,2025-01-01,C00309,South,P2002,Sofa,Home Decor,1,600,156.06
ORD001486,2025-06-03,C00226,North,P2001,Lamp,Home Decor,3,75,11.6
ORD001487,2025-01-01,C00429,South,P3002,Shoes,Apparel,1,70,17.64
ORD001488,2024-03-07,C00628,North,P4001,Milk,Grocery,1,3,0.99
ORD001489,2024-10-12,C00730,North,P1002,Headphones,Electronics,1,50,7.1
ORD001490,2025-10-13,C00686,South,P4002,Coffee,Grocery,3,30,9.49
ORD001491,2024-02-15,C00294,East,P3002,Shoes,Apparel,1,70,17.46
ORD001492,2024-09-04,C00836,East,P3002,Shoes,Apparel,1,70,11.94
ORD001493,2024-03-01,C00247,South,P4001,Milk,Grocery,1,3,0.82
ORD001494,2025-10-16,C00560,East,P4001,Milk,Grocery,1,3,0.86
ORD001495,2025-03-31,C00380,South,P2001,Lamp,Home Decor,1,25,8.19
ORD001496,2025-07-18,C00539,West,P4002,Coffee,Grocery,1,10,2.79
ORD001497,2024-02-14,C00420,East,P4002,Coffee,Grocery,1,10,1.97
ORD001498,2023-12-02,C00754,East,P3002,Shoes,Apparel,1,70,22.11
ORD001499,2025-03-26,C00824,West,P2002,Sofa,Home Decor,1,600,142.46
ORD001500,2024-08-20,C00246,North,P4001,Milk,Grocery,2,6,0.93
ORD001501,2024-09-16,C00165,North,P2002,Sofa,Home Decor,1,600,205.78
ORD001502,2023-11-14,C00403,South,P4001,Milk,Grocery,1,3,0.93
ORD001503,2024-08-04,C00868,West,P3001,Shirt,Apparel,1,30,3.97
ORD001504,2024-08-01,C00761,West,P2002,Sofa,Home Decor,3,1800,270.63
ORD001505,2024-10-23,C00325,East,P3001,Shirt,Apparel,1,30,10.05
ORD001506,2024-06-26,C00231,North,P1002,Headphones,Electronics,1,50,9.12
ORD001507,2024-07-27,C00444,West,P1002,Headphones,Electronics,1,50,13.87
ORD001508,2024-03-06,C00881,East,P2001,Lamp,Home Decor,1,25,3.28
ORD001509,2025-03-07,C00777,North,P3002,Shoes,Apparel,1,70,7.69
ORD001510,2025-07-13,C00820,North,P3001,Shirt,Apparel,1,30,4.42
ORD001511,2024-12-19,C00484,South,P4002,Coffee,Grocery,1,10,1.07
ORD001512,2024-09-03,C00446,North,P1001,Smartphone,Electronics,1,300,75.71
ORD001513,2024-10-22,C00266,East,P2001,Lamp,Home Decor,1,25,5.48
ORD001514,2025-08-04,C00219,North,P3002,Shoes,Apparel,3,210,62.22
ORD001515,2024-04-24,C00983,West,P2002,Sofa,Home Decor,3,1800,612.93
ORD001516,2024-07-29,C00517,West,P2002,Sofa,Home Decor,1,600,193.57
ORD001517,2024-03-01,C00605,East,P3001,Shirt,Apparel,1,30,5.12
ORD001518,2024-10-10,C00426,North,P4002,Coffee,Grocery,2,20,4.94
ORD001519,2025-02-09,C00639,North,P2001,Lamp,Home Decor,1,25,3.47
ORD001520,2024-11-13,C00684,North,P3002,Shoes,Apparel,1,70,8.3
ORD001521,2025-04-15,C00983,South,P1002,Headphones,Electronics,1,50,17.08
ORD001522,2024-03-11,C00201,North,P2001,Lamp,Home Decor,1,25,4.67
ORD001523,2024-07-10,C00903,South,P3001,Shirt,Apparel,2,60,20.23
ORD001524,2023-12-17,C00329,North,P4001,Milk,Grocery,1,3,1.01
ORD001525,2025-06-10,C00612,East,P2001,Lamp,Home Decor,1,25,5.31
ORD001526,2025-06-06,C00758,East,P1001,Smartphone,Electronics,1,300,95.04
ORD001527,2024-03-11,C00429,West,P4001,Milk,Grocery,1,3,0.6
ORD001528,2025-07-31,C00196,West,P3002,Shoes,Apparel,1,70,8.01
ORD001529,2024-06-06,C00014,North,P3001,Shirt,Apparel,1,30,7.08
ORD001530,2024-04-16,C00210,North,P1002,Headphones,Electronics,1,50,13.35
ORD001531,2025-02-07,C00209,North,P3002,Shoes,Apparel,2,140,19.97
ORD001532,2024-02-25,C00924,West,P4001,Milk,Grocery,1,3,0.48
ORD001533,2025-03-12,C00211,North,P2002,Sofa,Home Decor,2,1200,292.95
ORD001534,2024-12-16,C00109,North,P2002,Sofa,Home Decor,2,1200,176.25
ORD001535,2023-12-31,C00958,East,P1002,Headphones,Electronics,1,50,5.11
ORD001536,2024-11-11,C00928,East,P2002,Sofa,Home Decor,1,600,186.72
ORD001537,2025-01-21,C00989,South,P2002,Sofa,Home Decor,2,1200,161.84
ORD001538,2025-09-16,C00162,East,P2002,Sofa,Home Decor,1,600,198.87
ORD001539,2025-06-05,C00511,North,P2002,Sofa,Home Decor,1,600,128.69
ORD001540,2025-04-17,C00179,East,P2001,Lamp,Home Decor,2,50,6.56
ORD001541,2024-02-16,C00004,East,P1002,Headphones,Electronics,1,50,9.35
ORD001542,2024-11-12,C00194,East,P2002,Sofa,Home Decor,1,600,193.35
ORD001543,2024-05-05,C00404,North,P3002,Shoes,Apparel,1,70,11.79
ORD001544,2024-07-03,C00217,North,P3002,Shoes,Apparel,1,70,21.38
ORD001545,2023-11-05,C00133,West,P4001,Milk,Grocery,1,3,0.67
ORD001546,2024-01-12,C00871,South,P1002,Headphones,Electronics,1,50,14.55
ORD001547,2025-04-21,C00122,North,P1002,Headphones,Electronics,1,50,12.21
ORD001548,2025-04-19,C00252,East,P2002,Sofa,Home Decor,1,600,60.41
ORD001549,2024-07-31,C00498,South,P4001,Milk,Grocery,1,3,0.31
ORD001550,2024-07-24,C00556,East,P3001,Shirt,Apparel,2,60,9.16
ORD001551,2025-04-27,C00416,East,P3002,Shoes,Apparel,2,140,28.61
ORD001552,2025-10-02,C00579,North,P2001,Lamp,Home Decor,1,25,8.46
ORD001553,2025-06-15,C00269,West,P2002,Sofa,Home Decor,1,600,93.01
ORD001554,2025-01-16,C00529,West,P1002,Headphones,Electronics,1,50,8.62
ORD001555,2023-11-07,C00905,East,P3002,Shoes,Apparel,2,140,39.28
ORD001556,2025-04-04,C00516,West,P3001,Shirt,Apparel,1,30,5.93
ORD001557,2025-05-10,C00869,West,P2001,Lamp,Home Decor,1,25,5.28
ORD001558,2024-09-13,C00620,North,P4002,Coffee,Grocery,1,10,1.67
ORD001559,2025-10-17,C00141,East,P4002,Coffee,Grocery,1,10,2.87
ORD001560,2025-01-23,C00355,North,P3002,Shoes,Apparel,1,70,12.47
ORD001561,2025-03-29,C00066,West,P1001,Smartphone,Electronics,3,900,264.99
ORD001562,2023-11-22,C00367,East,P2002,Sofa,Home Decor,1,600,174.94
ORD001563,2024-05-07,C00396,West,P4001,Milk,Grocery,2,6,1.82
ORD001564,2024-11-28,C00809,North,P3001,Shirt,Apparel,1,30,10.41
ORD001565,2023-12-01,C00970,North,P3001,Shirt,Apparel,1,30,6.99
ORD001566,2024-05-11,C00173,East,P1001,Smartphone,Electronics,2,600,145.24
ORD001567,2025-07-11,C00894,East,P2001,Lamp,Home Decor,1,25,5.74
ORD001568,2023-11-20,C00162,East,P3001,Shirt,Apparel,1,30,7.74
ORD001569,2025-05-10,C00066,South,P4002,Coffee,Grocery,1,10,2.12
ORD001570,2025-08-18,C00738,South,P1001,Smartphone,Electronics,1,300,78.94
ORD001571,2024-09-28,C00657,North,P4002,Coffee,Grocery,1,10,1.33
ORD001572,2024-02-05,C00750,South,P2001,Lamp,Home Decor,1,25,4.4
ORD001573,2024-07-17,C00601,East,P3002,Shoes,Apparel,2,140,40.87
ORD001574,2024-04-03,C00049,West,P2002,Sofa,Home Decor,1,600,134.93
ORD001575,2025-02-11,C00999,South,P1001,Smartphone,Electronics,1,300,69.65
ORD001576,2024-02-25,C00755,East,P3002,Shoes,Apparel,1,70,22.16
ORD001577,2024-05-28,C00688,West,P4002,Coffee,Grocery,1,10,1.33
ORD001578,2024-10-25,C00358,East,P1002,Headphones,Electronics,1,50,6.29
ORD001579,2025-05-03,C00681,West,P1002,Headphones,Electronics,2,100,23.2
ORD001580,2024-08-14,C00743,North,P2001,Lamp,Home Decor,3,75,15.67
ORD001581,2024-02-23,C00314,North,P2002,Sofa,Home Decor,1,600,71.29
ORD001582,2024-05-25,C00559,North,P2001,Lamp,Home Decor,1,25,5.28
ORD001583,2025-08-11,C00738,North,P2001,Lamp,Home Decor,1,25,8.39
ORD001584,2024-08-05,C00147,North,P4001,Milk,Grocery,1,3,0.68
ORD001585,2025-01-20,C00179,East,P4002,Coffee,Grocery,1,10,2.6
ORD001586,2025-07-03,C00029,West,P2002,Sofa,Home Decor,1,600,178.36
ORD001587,2024-05-14,C00411,North,P2001,Lamp,Home Decor,1,25,6.85
ORD001588,2025-10-07,C00066,East,P3001,Shirt,Apparel,1,30,5.61
ORD001589,2024-01-02,C00705,East,P2002,Sofa,Home Decor,2,1200,313.89
ORD001590,2024-01-21,C00897,North,P2001,Lamp,Home Decor,1,25,4.09
ORD001591,2024-10-15,C00051,South,P2001,Lamp,Home Decor,1,25,2.75
ORD001592,2024-09-25,C00970,North,P1002,Headphones,Electronics,1,50,12.41
ORD001593,2025-05-02,C00189,East,P1001,Smartphone,Electronics,1,300,65.18
ORD001594,2025-03-14,C00085,North,P1002,Headphones,Electronics,1,50,9.97
ORD001595,2024-03-14,C00970,North,P4001,Milk,Grocery,3,9,1.71
ORD001596,2025-07-28,C00346,South,P3002,Shoes,Apparel,2,140,40.23
ORD001597,2023-12-28,C00766,East,P4001,Milk,Grocery,1,3,0.54
ORD001598,2025-01-30,C00259,West,P2001,Lamp,Home Decor,1,25,2.57
ORD001599,2024-10-05,C00311,East,P4001,Milk,Grocery,2,6,1.27
ORD001600,2023-12-25,C00090,South,P3001,Shirt,Apparel,2,60,17.05
ORD001601,2023-12-02,C00907,West,P3002,Shoes,Apparel,1,70,21.68
ORD001602,2024-04-16,C00486,North,P4002,Coffee,Grocery,1,10,2.68
ORD001603,2024-05-29,C00448,West,P4002,Coffee,Grocery,3,30,9.15
ORD001604,2024-12-01,C00498,North,P2002,Sofa,Home Decor,1,600,150.86
ORD001605,2025-05-19,C00666,South,P3001,Shirt,Apparel,1,30,3.69
ORD001606,2025-06-24,C00365,South,P3001,Shirt,Apparel,2,60,19.04
ORD001607,2024-12-26,C00744,North,P3001,Shirt,Apparel,1,30,7.41
ORD001608,2025-03-22,C00159,South,P4002,Coffee,Grocery,1,10,1.27
ORD001609,2024-05-01,C00511,East,P3001,Shirt,Apparel,1,30,5.62
ORD001610,2024-11-08,C00817,East,P4002,Coffee,Grocery,3,30,6.31
ORD001611,2024-02-23,C00389,South,P2002,Sofa,Home Decor,1,600,171.25
ORD001612,2025-09-14,C00058,South,P4001,Milk,Grocery,1,3,0.51
ORD001613,2023-11-24,C00129,East,P1002,Headphones,Electronics,1,50,15.73
ORD001614,2024-01-23,C00125,East,P1002,Headphones,Electronics,1,50,9.29
ORD001615,2024-01-19,C00578,South,P3002,Shoes,Apparel,1,70,17.82
ORD001616,2025-05-15,C00662,North,P1002,Headphones,Electronics,1,50,15.11
ORD001617,2024-09-07,C00577,North,P2002,Sofa,Home Decor,2,1200,205.84
ORD001618,2025-07-25,C00749,South,P1001,Smartphone,Electronics,1,300,32.48
ORD001619,2024-10-05,C00331,West,P1001,Smartphone,Electronics,1,300,83.42
ORD001620,2024-04-11,C00845,North,P3002,Shoes,Apparel,1,70,7.84
ORD001621,2023-12-05,C00540,West,P4002,Coffee,Grocery,1,10,2.9
ORD001622,2024-10-20,C00243,South,P4002,Coffee,Grocery,1,10,2.88
ORD001623,2025-09-18,C00779,North,P4001,Milk,Grocery,1,3,0.81
ORD001624,2025-06-08,C00837,East,P4001,Milk,Grocery,1,3,0.98
ORD001625,2024-01-25,C00103,North,P3001,Shirt,Apparel,3,90,15.58
ORD001626,2024-08-02,C00039,East,P1002,Headphones,Electronics,1,50,15.41
ORD001627,2025-05-29,C00869,West,P2002,Sofa,Home Decor,1,600,194.37
ORD001628,2024-08-25,C00928,West,P4001,Milk,Grocery,1,3,0.76
ORD001629,2024-12-10,C00028,North,P2002,Sofa,Home Decor,1,600,201.86
ORD001630,2024-01-09,C00798,South,P1001,Smartphone,Electronics,1,300,35.33
ORD001631,2024-08-17,C00826,East,P2002,Sofa,Home Decor,1,600,75.7
ORD001632,2023-11-06,C00728,East,P1001,Smartphone,Electronics,1,300,61.76
ORD001633,2024-08-10,C00676,West,P3001,Shirt,Apparel,1,30,3.73
ORD001634,2025-03-01,C00464,North,P2002,Sofa,Home Decor,1,600,84.74
ORD001635,2024-03-02,C00384,West,P1002,Headphones,Electronics,1,50,13.46
ORD001636,2024-01-04,C00602,North,P4001,Milk,Grocery,1,3,0.38
ORD001637,2024-04-23,C00073,East,P1001,Smartphone,Electronics,2,600,145.42
ORD001638,2024-01-16,C00176,South,P3002,Shoes,Apparel,1,70,10.21
ORD001639,2024-09-11,C00871,South,P3002,Shoes,Apparel,3,210,72.74
ORD001640,2025-07-30,C00297,East,P4001,Milk,Grocery,2,6,1.01
ORD001641,2024-12-10,C00140,North,P2001,Lamp,Home Decor,3,75,14.68
ORD001642,2025-05-09,C00389,North,P4001,Milk,Grocery,1,3,0.36
ORD001643,2025-09-22,C00849,North,P1002,Headphones,Electronics,3,150,50.28
ORD001644,2024-10-21,C00996,West,P3001,Shirt,Apparel,1,30,7.68
ORD001645,2023-12-14,C00893,South,P1002,Headphones,Electronics,1,50,16.4
ORD001646,2024-10-31,C00682,North,P3002,Shoes,Apparel,1,70,12.53
ORD001647,2024-01-07,C00441,North,P4001,Milk,Grocery,1,3,0.77
ORD001648,2024-01-07,C00899,East,P2002,Sofa,Home Decor,2,1200,400.63
ORD001649,2025-02-16,C00429,South,P1002,Headphones,Electronics,1,50,6.34
ORD001650,2024-08-18,C00112,North,P1002,Headphones,Electronics,3,150,21.65
ORD001651,2025-09-18,C00462,North,P1001,Smartphone,Electronics,1,300,49.89
ORD001652,2025-08-28,C00098,West,P2002,Sofa,Home Decor,1,600,72.59
ORD001653,2025-02-03,C00649,South,P3001,Shirt,Apparel,1,30,10.33
ORD001654,2024-06-24,C00114,West,P4002,Coffee,Grocery,2,20,4.61
ORD001655,2025-06-23,C00798,North,P3001,Shirt,Apparel,2,60,11.67
ORD001656,2025-01-13,C00580,North,P1002,Headphones,Electronics,1,50,10.24
ORD001657,2025-04-08,C00311,East,P2001,Lamp,Home Decor,1,25,8.66
ORD001658,2025-08-04,C00172,West,P1001,Smartphone,Electronics,1,300,40.77
ORD001659,2024-06-09,C00978,North,P4001,Milk,Grocery,1,3,1.0
ORD001660,2024-04-11,C00330,West,P3002,Shoes,Apparel,1,70,8.11
ORD001661,2024-12-29,C00997,South,P4002,Coffee,Grocery,1,10,1.9
ORD001662,2025-05-17,C00835,North,P4001,Milk,Grocery,1,3,0.74
ORD001663,2025-02-21,C00565,South,P2001,Lamp,Home Decor,1,25,7.6
ORD001664,2025-06-30,C00716,North,P2001,Lamp,Home Decor,1,25,8.07
ORD001665,2023-10-27,C00986,South,P2002,Sofa,Home Decor,1,600,154.5
ORD001666,2025-05-28,C00556,South,P3001,Shirt,Apparel,1,30,3.22
ORD001667,2024-06-29,C00255,North,P3001,Shirt,Apparel,1,30,4.59
ORD001668,2025-05-11,C00879,North,P2002,Sofa,Home Decor,1,600,192.3
ORD001669,2024-08-30,C00773,East,P2001,Lamp,Home Decor,2,50,15.8
ORD001670,2025-04-01,C00923,West,P4001,Milk,Grocery,1,3,0.82
ORD001671,2025-09-14,C00896,South,P4002,Coffee,Grocery,1,10,2.14
ORD001672,2023-11-03,C00801,East,P1002,Headphones,Electronics,2,100,28.66
ORD001673,2025-06-08,C00791,East,P3001,Shirt,Apparel,2,60,9.5
ORD001674,2025-02-27,C00106,West,P1002,Headphones,Electronics,1,50,9.4
ORD001675,2024-10-24,C00534,East,P3001,Shirt,Apparel,2,60,12.23
ORD001676,2025-08-28,C00865,East,P3001,Shirt,Apparel,1,30,7.06
ORD001677,2024-11-21,C00144,North,P1002,Headphones,Electronics,1,50,12.84
ORD001678,2025-10-17,C00753,South,P4001,Milk,Grocery,1,3,0.63
ORD001679,2025-06-13,C00678,South,P1002,Headphones,Electronics,3,150,45.03
ORD001680,2024-01-29,C00988,South,P4002,Coffee,Grocery,1,10,2.8
ORD001681,2025-01-06,C00070,South,P1001,Smartphone,Electronics,1,300,48.44
ORD001682,2023-12-20,C00652,East,P3002,Shoes,Apparel,1,70,15.52
ORD001683,2024-04-04,C00455,West,P3002,Shoes,Apparel,1,70,9.26
ORD001684,2024-08-22,C00394,North,P1002,Headphones,Electronics,3,150,32.2
ORD001685,2025-03-26,C00898,North,P4001,Milk,Grocery,1,3,0.42
ORD001686,2024-08-20,C00803,South,P3001,Shirt,Apparel,3,90,29.98
ORD001687,2024-08-22,C00838,East,P2001,Lamp,Home Decor,1,25,8.65
ORD001688,2024-10-06,C00210,East,P4002,Coffee,Grocery,1,10,2.79
ORD001689,2024-01-16,C00651,North,P1001,Smartphone,Electronics,1,300,78.6
ORD001690,2025-01-20,C00604,East,P3002,Shoes,Apparel,1,70,24.02
ORD001691,2023-11-18,C00130,North,P3001,Shirt,Apparel,2,60,7.18
ORD001692,2024-05-18,C00406,West,P3001,Shirt,Apparel,1,30,4.66
ORD001693,2025-05-05,C00931,West,P2001,Lamp,Home Decor,1,25,3.83
ORD001694,2025-03-26,C00299,West,P3002,Shoes,Apparel,1,70,10.62
ORD001695,2024-01-19,C00755,South,P1002,Headphones,Electronics,1,50,13.78
ORD001696,2024-02-17,C00883,West,P4002,Coffee,Grocery,1,10,2.7
ORD001697,2024-06-18,C00768,North,P1002,Headphones,Electronics,3,150,39.38
ORD001698,2024-04-28,C00858,South,P4002,Coffee,Grocery,1,10,2.56
ORD001699,2024-06-30,C00833,North,P1001,Smartphone,Electronics,1,300,40.05
ORD001700,2023-10-28,C00556,West,P2001,Lamp,Home Decor,3,75,15.12
ORD001701,2025-08-16,C00680,South,P2002,Sofa,Home Decor,2,1200,392.33
ORD001702,2024-08-03,C00962,West,P2002,Sofa,Home Decor,1,600,182.06
ORD001703,2025-04-07,C00393,North,P3002,Shoes,Apparel,2,140,43.75
ORD001704,2025-09-26,C00962,West,P2001,Lamp,Home Decor,1,25,6.05
ORD001705,2025-09-05,C00677,East,P4001,Milk,Grocery,1,3,0.78
ORD001706,2025-07-23,C00377,South,P2002,Sofa,Home Decor,1,600,135.39
ORD001707,2024-02-08,C00871,North,P4002,Coffee,Grocery,1,10,3.33
ORD001708,2023-11-15,C00341,North,P3001,Shirt,Apparel,1,30,10.15
ORD001709,2025-03-05,C00537,South,P2002,Sofa,Home Decor,1,600,70.83
ORD001710,2024-04-05,C00323,North,P1001,Smartphone,Electronics,2,600,132.79
ORD001711,2025-10-06,C00908,West,P1001,Smartphone,Electronics,1,300,95.43
ORD001712,2024-01-14,C00606,North,P1001,Smartphone,Electronics,1,300,78.23
ORD001713,2025-06-03,C00687,South,P1002,Headphones,Electronics,1,50,8.16
ORD001714,2025-03-28,C00069,West,P2001,Lamp,Home Decor,1,25,8.34
ORD001715,2025-04-09,C00946,West,P4002,Coffee,Grocery,2,20,2.66
ORD001716,2024-05-04,C00717,North,P2002,Sofa,Home Decor,2,1200,198.2
ORD001717,2024-02-09,C00992,South,P1002,Headphones,Electronics,2,100,12.48
ORD001718,2024-10-18,C00498,East,P4002,Coffee,Grocery,1,10,2.12
ORD001719,2025-01-28,C00992,South,P4002,Coffee,Grocery,1,10,3.4
ORD001720,2024-08-19,C00214,West,P4001,Milk,Grocery,1,3,0.78
ORD001721,2025-04-04,C00146,East,P1001,Smartphone,Electronics,2,600,180.34
ORD001722,2024-06-13,C00528,East,P2002,Sofa,Home Decor,1,600,79.07
ORD001723,2024-09-25,C00757,South,P4002,Coffee,Grocery,1,10,2.13
ORD001724,2024-08-13,C00401,East,P4001,Milk,Grocery,1,3,0.91
ORD001725,2024-12-28,C00605,West,P1001,Smartphone,Electronics,1,300,56.9
ORD001726,2024-12-01,C00589,South,P3002,Shoes,Apparel,2,140,31.25
ORD001727,2023-11-19,C00488,South,P4001,Milk,Grocery,1,3,0.34
ORD001728,2024-06-03,C00017,East,P1001,Smartphone,Electronics,1,300,66.89
ORD001729,2024-05-13,C00546,West,P2001,Lamp,Home Decor,3,75,18.84
ORD001730,2025-09-07,C00853,East,P1001,Smartphone,Electronics,1,300,47.91
ORD001731,2025-08-10,C00222,East,P2001,Lamp,Home Decor,2,50,7.13
ORD001732,2024-04-02,C00016,West,P1001,Smartphone,Electronics,1,300,54.24
ORD001733,2024-02-02,C00690,East,P3002,Shoes,Apparel,1,70,14.83
ORD001734,2024-05-21,C00134,West,P2002,Sofa,Home Decor,1,600,87.67
ORD001735,2024-03-12,C00604,North,P2001,Lamp,Home Decor,2,50,7.57
ORD001736,2025-05-12,C00103,North,P3001,Shirt,Apparel,1,30,6.67
ORD001737,2024-04-06,C00226,East,P4001,Milk,Grocery,1,3,0.45
ORD001738,2025-01-16,C00506,South,P4001,Milk,Grocery,1,3,0.91
ORD001739,2024-06-02,C00984,East,P4001,Milk,Grocery,1,3,0.84
ORD001740,2024-03-01,C00910,West,P4001,Milk,Grocery,1,3,0.5
ORD001741,2025-04-19,C00109,East,P2002,Sofa,Home Decor,1,600,89.4
ORD001742,2025-10-05,C00628,South,P3002,Shoes,Apparel,2,140,25.25
ORD001743,2024-05-29,C00508,East,P3002,Shoes,Apparel,1,70,19.29
ORD001744,2024-02-10,C00086,East,P4002,Coffee,Grocery,1,10,2.82
ORD001745,2025-09-12,C00959,East,P3002,Shoes,Apparel,1,70,7.07
ORD001746,2025-06-27,C00990,East,P4001,Milk,Grocery,2,6,1.5
ORD001747,2024-08-03,C00613,North,P2001,Lamp,Home Decor,1,25,4.28
ORD001748,2024-05-30,C00364,South,P4001,Milk,Grocery,2,6,0.89
ORD001749,2025-01-23,C00818,South,P2002,Sofa,Home Decor,1,600,121.57
ORD001750,2025-10-03,C00924,West,P4001,Milk,Grocery,2,6,1.4
ORD001751,2025-04-05,C00229,South,P1002,Headphones,Electronics,1,50,15.95
ORD001752,2024-04-07,C00714,East,P4001,Milk,Grocery,1,3,0.32
ORD001753,2025-09-07,C00460,East,P1001,Smartphone,Electronics,3,900,220.45
ORD001754,2024-01-24,C00075,East,P3001,Shirt,Apparel,2,60,13.58
ORD001755,2024-07-14,C00211,West,P1001,Smartphone,Electronics,2,600,168.5
ORD001756,2024-08-02,C00480,South,P3002,Shoes,Apparel,1,70,23.16
ORD001757,2025-09-08,C00846,West,P4001,Milk,Grocery,1,3,0.49
ORD001758,2024-08-10,C00661,South,P1001,Smartphone,Electronics,1,300,72.49
ORD001759,2023-12-23,C00512,North,P1002,Headphones,Electronics,1,50,12.82
ORD001760,2024-03-01,C00718,East,P2001,Lamp,Home Decor,1,25,8.03
ORD001761,2025-05-04,C00770,East,P2002,Sofa,Home Decor,1,600,89.65
ORD001762,2025-08-13,C00222,West,P4001,Milk,Grocery,1,3,0.67
ORD001763,2023-11-04,C00326,East,P3002,Shoes,Apparel,1,70,21.05
ORD001764,2025-01-24,C00229,West,P4002,Coffee,Grocery,1,10,1.36
ORD001765,2024-07-06,C00975,East,P4002,Coffee,Grocery,1,10,3.5
ORD001766,2024-02-16,C00556,West,P3002,Shoes,Apparel,1,70,11.26
ORD001767,2024-09-17,C00711,East,P1001,Smartphone,Electronics,3,900,227.46
ORD001768,2024-05-10,C00675,West,P3001,Shirt,Apparel,3,90,23.63
ORD001769,2024-02-02,C00206,South,P3001,Shirt,Apparel,3,90,19.88
ORD001770,2024-11-01,C00237,North,P2002,Sofa,Home Decor,1,600,134.48
ORD001771,2024-10-16,C00993,North,P4002,Coffee,Grocery,1,10,3.33
ORD001772,2025-02-25,C00687,South,P1002,Headphones,Electronics,1,50,9.58
ORD001773,2024-12-03,C00936,West,P1001,Smartphone,Electronics,2,600,114.24
ORD001774,2024-08-25,C00462,North,P4001,Milk,Grocery,1,3,0.38
ORD001775,2025-08-16,C00364,West,P1002,Headphones,Electronics,3,150,17.64
ORD001776,2024-03-07,C00835,West,P1001,Smartphone,Electronics,1,300,98.35
ORD001777,2024-04-23,C00595,West,P4001,Milk,Grocery,1,3,1.03
ORD001778,2024-08-28,C00775,East,P2002,Sofa,Home Decor,1,600,190.02
ORD001779,2024-06-04,C00403,South,P3001,Shirt,Apparel,1,30,4.66
ORD001780,2024-11-04,C00816,North,P1001,Smartphone,Electronics,2,600,151.01
ORD001781,2025-04-04,C00793,East,P1002,Headphones,Electronics,1,50,6.14
ORD001782,2024-07-28,C00616,South,P4001,Milk,Grocery,1,3,0.55
ORD001783,2024-02-05,C00284,North,P4001,Milk,Grocery,1,3,0.33
ORD001784,2025-07-25,C00394,East,P2001,Lamp,Home Decor,2,50,7.69
ORD001785,2025-07-10,C00466,East,P3002,Shoes,Apparel,1,70,10.34
ORD001786,2025-07-24,C00619,East,P4002,Coffee,Grocery,1,10,3.45
ORD001787,2024-07-23,C00258,North,P4002,Coffee,Grocery,2,20,6.7
ORD001788,2023-10-23,C00738,West,P4001,Milk,Grocery,1,3,0.71
ORD001789,2024-07-23,C00865,East,P4001,Milk,Grocery,2,6,1.53
ORD001790,2024-02-17,C00915,West,P3002,Shoes,Apparel,1,70,21.47
ORD001791,2024-05-04,C00510,West,P2001,Lamp,Home Decor,1,25,4.9
ORD001792,2025-08-17,C00569,South,P4002,Coffee,Grocery,2,20,4.16
ORD001793,2024-08-15,C00754,East,P1002,Headphones,Electronics,1,50,14.31
ORD001794,2025-03-30,C00281,East,P4001,Milk,Grocery,1,3,0.95
ORD001795,2023-11-19,C00994,South,P2002,Sofa,Home Decor,1,600,165.32
ORD001796,2024-09-01,C00235,East,P3002,Shoes,Apparel,2,140,29.49
ORD001797,2025-01-09,C00421,East,P1001,Smartphone,Electronics,1,300,72.42
ORD001798,2024-11-08,C00748,East,P2002,Sofa,Home Decor,1,600,138.89
ORD001799,2025-06-19,C00374,West,P1001,Smartphone,Electronics,2,600,132.58
ORD001800,2024-03-22,C00989,North,P3001,Shirt,Apparel,1,30,10.0
ORD001801,2024-02-09,C00774,West,P3001,Shirt,Apparel,1,30,3.63
ORD001802,2025-08-10,C00825,East,P2001,Lamp,Home Decor,1,25,5.91
ORD001803,2024-02-10,C00233,East,P3002,Shoes,Apparel,1,70,18.7
ORD001804,2025-08-11,C00177,North,P2001,Lamp,Home Decor,1,25,2.83
ORD001805,2025-07-12,C00053,South,P2001,Lamp,Home Decor,1,25,4.17
ORD001806,2025-03-21,C00056,South,P3002,Shoes,Apparel,2,140,19.89
ORD001807,2025-02-14,C00803,North,P2002,Sofa,Home Decor,3,1800,479.17
ORD001808,2025-06-03,C00708,West,P2002,Sofa,Home Decor,1,600,183.68
ORD001809,2024-08-19,C00440,North,P4002,Coffee,Grocery,2,20,4.07
ORD001810,2024-04-28,C00396,East,P1002,Headphones,Electronics,2,100,10.18
ORD001811,2024-03-15,C00574,West,P4002,Coffee,Grocery,1,10,2.94
ORD001812,2025-09-10,C00333,East,P1002,Headphones,Electronics,1,50,10.73
ORD001813,2025-01-22,C00657,South,P4001,Milk,Grocery,1,3,0.65
ORD001814,2024-12-29,C00956,East,P3001,Shirt,Apparel,1,30,4.93
ORD001815,2023-10-29,C00276,South,P4001,Milk,Grocery,1,3,0.68
ORD001816,2025-10-11,C00736,West,P2002,Sofa,Home Decor,1,600,88.9
ORD001817,2024-03-21,C00085,North,P3002,Shoes,Apparel,1,70,7.69
ORD001818,2025-06-18,C00822,North,P4001,Milk,Grocery,3,9,1.02
ORD001819,2025-04-30,C00099,East,P3001,Shirt,Apparel,1,30,3.21
ORD001820,2025-04-28,C00062,North,P4001,Milk,Grocery,2,6,1.36
ORD001821,2024-01-11,C00382,West,P4001,Milk,Grocery,1,3,0.72
ORD001822,2023-12-03,C00337,South,P1001,Smartphone,Electronics,2,600,155.06
ORD001823,2025-07-18,C00752,West,P2002,Sofa,Home Decor,1,600,134.73
ORD001824,2024-05-02,C00576,East,P4001,Milk,Grocery,3,9,1.89
ORD001825,2024-11-24,C00145,West,P3002,Shoes,Apparel,1,70,22.28
ORD001826,2023-11-24,C00550,North,P2001,Lamp,Home Decor,1,25,2.65
ORD001827,2024-11-04,C00812,West,P3001,Shirt,Apparel,3,90,10.08
ORD001828,2024-08-23,C00935,South,P2002,Sofa,Home Decor,1,600,78.84
ORD001829,2024-02-09,C00402,East,P4002,Coffee,Grocery,1,10,3.29
ORD001830,2025-08-18,C00116,East,P4002,Coffee,Grocery,1,10,3.22
ORD001831,2024-06-16,C00318,North,P1002,Headphones,Electronics,1,50,10.45
ORD001832,2025-01-27,C00894,South,P1002,Headphones,Electronics,1,50,14.81
ORD001833,2023-11-07,C00696,North,P2002,Sofa,Home Decor,2,1200,402.38
ORD001834,2025-04-18,C00916,North,P2002,Sofa,Home Decor,1,600,152.68
ORD001835,2024-07-18,C00976,South,P4001,Milk,Grocery,1,3,0.39
ORD001836,2024-04-18,C00788,East,P3002,Shoes,Apparel,2,140,22.83
ORD001837,2025-09-15,C00331,South,P3002,Shoes,Apparel,1,70,16.44
ORD001838,2024-09-04,C00940,South,P4002,Coffee,Grocery,1,10,1.72
ORD001839,2023-11-04,C00318,East,P1002,Headphones,Electronics,3,150,31.14
ORD001840,2024-11-14,C00701,East,P3002,Shoes,Apparel,1,70,8.09
ORD001841,2024-08-16,C00044,West,P2001,Lamp,Home Decor,1,25,4.67
ORD001842,2024-07-30,C00867,West,P2002,Sofa,Home Decor,2,1200,404.46
ORD001843,2024-10-03,C00443,South,P4002,Coffee,Grocery,1,10,2.35
ORD001844,2024-01-16,C00672,South,P2001,Lamp,Home Decor,3,75,21.12
ORD001845,2023-11-01,C00702,East,P2001,Lamp,Home Decor,1,25,8.56
ORD001846,2025-08-30,C00872,South,P1002,Headphones,Electronics,2,100,25.55
ORD001847,2025-07-27,C00594,North,P2002,Sofa,Home Decor,1,600,148.87
ORD001848,2025-06-02,C00784,West,P2001,Lamp,Home Decor,1,25,8.57
ORD001849,2025-06-03,C00295,West,P4002,Coffee,Grocery,3,30,5.88
ORD001850,2025-06-11,C00839,South,P1001,Smartphone,Electronics,1,300,34.93
ORD001851,2024-09-11,C00293,West,P4001,Milk,Grocery,1,3,1.02
ORD001852,2025-06-12,C00234,North,P4002,Coffee,Grocery,1,10,1.36
ORD001853,2024-09-03,C00890,West,P3001,Shirt,Apparel,1,30,3.6
ORD001854,2025-06-05,C00452,West,P2001,Lamp,Home Decor,1,25,6.61
ORD001855,2024-07-07,C00229,East,P2002,Sofa,Home Decor,3,1800,564.53
ORD001856,2024-12-10,C00455,East,P4002,Coffee,Grocery,2,20,6.23
ORD001857,2025-02-15,C00543,South,P4001,Milk,Grocery,2,6,1.55
ORD001858,2024-05-05,C00871,West,P4001,Milk,Grocery,3,9,1.25
ORD001859,2024-05-07,C00423,North,P2001,Lamp,Home Decor,1,25,8.5
ORD001860,2023-12-12,C00531,East,P3001,Shirt,Apparel,3,90,9.56
ORD001861,2023-10-19,C00297,South,P3002,Shoes,Apparel,1,70,22.02
ORD001862,2025-08-21,C00583,North,P2001,Lamp,Home Decor,3,75,7.67
ORD001863,2025-05-19,C00875,East,P4001,Milk,Grocery,2,6,1.35
ORD001864,2024-05-07,C00625,North,P1002,Headphones,Electronics,1,50,7.36
ORD001865,2025-02-22,C00969,North,P3001,Shirt,Apparel,1,30,6.89
ORD001866,2025-05-03,C00530,South,P1001,Smartphone,Electronics,1,300,67.71
ORD001867,2023-12-05,C00869,West,P2002,Sofa,Home Decor,2,1200,215.19
ORD001868,2023-12-17,C00718,East,P1001,Smartphone,Electronics,1,300,87.08
ORD001869,2025-04-25,C00932,North,P2001,Lamp,Home Decor,1,25,2.51
ORD001870,2024-02-22,C00153,South,P1002,Headphones,Electronics,1,50,9.04
ORD001871,2023-12-13,C00006,West,P4001,Milk,Grocery,1,3,0.44
ORD001872,2024-01-08,C00601,South,P3001,Shirt,Apparel,1,30,5.9
ORD001873,2024-11-20,C00056,West,P4001,Milk,Grocery,1,3,0.64
ORD001874,2024-03-08,C00784,West,P1001,Smartphone,Electronics,1,300,83.01
ORD001875,2024-05-19,C00387,North,P2002,Sofa,Home Decor,1,600,198.84
ORD001876,2025-06-10,C00636,South,P2001,Lamp,Home Decor,3,75,21.37
ORD001877,2025-03-24,C00141,North,P1002,Headphones,Electronics,1,50,9.25
ORD001878,2024-07-02,C00384,South,P3001,Shirt,Apparel,1,30,8.93
ORD001879,2024-05-05,C00369,South,P4002,Coffee,Grocery,1,10,2.54
ORD001880,2024-02-04,C00156,West,P2001,Lamp,Home Decor,1,25,3.23
ORD001881,2025-03-10,C00341,North,P3001,Shirt,Apparel,3,90,19.04
ORD001882,2024-11-10,C00633,South,P4001,Milk,Grocery,1,3,0.91
ORD001883,2023-10-21,C00356,West,P1002,Headphones,Electronics,1,50,15.23
ORD001884,2024-01-13,C00186,North,P2002,Sofa,Home Decor,1,600,190.43
ORD001885,2025-05-15,C00434,South,P3001,Shirt,Apparel,1,30,8.05
ORD001886,2025-07-27,C00858,West,P1001,Smartphone,Electronics,1,300,57.85
ORD001887,2024-04-06,C00966,South,P2001,Lamp,Home Decor,1,25,5.78
ORD001888,2024-04-22,C00548,South,P2001,Lamp,Home Decor,1,25,7.61
ORD001889,2025-01-27,C00551,East,P2002,Sofa,Home Decor,1,600,111.85
ORD001890,2025-03-17,C00141,South,P2001,Lamp,Home Decor,2,50,11.87
ORD001891,2025-07-07,C00128,East,P1001,Smartphone,Electronics,1,300,55.35
ORD001892,2023-10-30,C00386,South,P4001,Milk,Grocery,1,3,0.61
ORD001893,2024-10-30,C00323,West,P4001,Milk,Grocery,2,6,1.34
ORD001894,2025-07-29,C00604,South,P4001,Milk,Grocery,1,3,0.5
ORD001895,2025-01-26,C00071,East,P3002,Shoes,Apparel,1,70,22.03
ORD001896,2025-05-07,C00514,West,P1002,Headphones,Electronics,1,50,10.11
ORD001897,2024-05-24,C00934,South,P2002,Sofa,Home Decor,1,600,97.68
ORD001898,2025-07-12,C00376,North,P1002,Headphones,Electronics,2,100,23.99
ORD001899,2023-12-26,C00471,North,P2001,Lamp,Home Decor,1,25,7.17
ORD001900,2025-03-24,C00404,South,P4002,Coffee,Grocery,1,10,3.33
ORD001901,2025-07-25,C00270,West,P1001,Smartphone,Electronics,1,300,55.92
ORD001902,2024-05-12,C00311,North,P3001,Shirt,Apparel,1,30,9.23
ORD001903,2023-10-25,C00538,South,P4002,Coffee,Grocery,1,10,1.63
ORD001904,2024-09-18,C00587,East,P4002,Coffee,Grocery,1,10,3.19
ORD001905,2025-05-30,C00698,South,P2001,Lamp,Home Decor,1,25,6.84
ORD001906,2025-03-03,C00387,West,P4001,Milk,Grocery,1,3,0.81
ORD001907,2025-01-20,C00431,South,P1002,Headphones,Electronics,2,100,15.44
ORD001908,2025-03-28,C00026,East,P3002,Shoes,Apparel,1,70,15.44
ORD001909,2025-06-14,C00130,North,P1001,Smartphone,Electronics,1,300,90.66
ORD001910,2023-11-29,C00091,North,P3002,Shoes,Apparel,1,70,7.07
ORD001911,2024-06-17,C00585,West,P3002,Shoes,Apparel,1,70,21.31
ORD001912,2025-09-17,C00557,West,P3001,Shirt,Apparel,1,30,4.7
ORD001913,2023-12-01,C00716,South,P1001,Smartphone,Electronics,1,300,83.17
ORD001914,2023-12-08,C00048,South,P2001,Lamp,Home Decor,1,25,3.46
ORD001915,2024-03-03,C00897,East,P4001,Milk,Grocery,1,3,0.52
ORD001916,2024-02-01,C00125,North,P3001,Shirt,Apparel,2,60,17.19
ORD001917,2024-10-01,C00957,North,P4002,Coffee,Grocery,1,10,1.84
ORD001918,2024-11-16,C00700,South,P1001,Smartphone,Electronics,2,600,131.12
ORD001919,2025-04-28,C00644,North,P2001,Lamp,Home Decor,3,75,13.96
ORD001920,2024-05-23,C00765,East,P2002,Sofa,Home Decor,2,1200,173.36
ORD001921,2023-10-30,C00467,North,P4002,Coffee,Grocery,3,30,4.28
ORD001922,2024-06-27,C00394,North,P2002,Sofa,Home Decor,1,600,188.02
ORD001923,2025-08-03,C00783,East,P1002,Headphones,Electronics,1,50,5.93
ORD001924,2023-10-21,C00320,North,P1001,Smartphone,Electronics,2,600,77.13
ORD001925,2025-09-10,C00281,East,P4001,Milk,Grocery,1,3,0.3
ORD001926,2024-11-10,C00009,West,P1001,Smartphone,Electronics,1,300,98.64
ORD001927,2025-06-16,C00582,North,P3001,Shirt,Apparel,1,30,4.2
ORD001928,2024-09-25,C00442,South,P4001,Milk,Grocery,3,9,2.12
ORD001929,2024-07-30,C00666,West,P2002,Sofa,Home Decor,1,600,192.19
ORD001930,2025-06-08,C00208,South,P4002,Coffee,Grocery,1,10,3.02
ORD001931,2025-09-02,C00426,North,P2002,Sofa,Home Decor,1,600,103.09
ORD001932,2025-05-16,C00679,South,P3001,Shirt,Apparel,1,30,7.41
ORD001933,2024-09-27,C00900,West,P1001,Smartphone,Electronics,1,300,67.74
ORD001934,2023-12-19,C00546,West,P3001,Shirt,Apparel,1,30,8.84
ORD001935,2023-12-29,C00317,South,P3002,Shoes,Apparel,2,140,33.27
ORD001936,2025-07-16,C00133,West,P3002,Shoes,Apparel,1,70,8.86
ORD001937,2025-10-10,C00496,North,P4001,Milk,Grocery,1,3,1.02
ORD001938,2023-11-14,C00910,East,P2001,Lamp,Home Decor,1,25,3.12
ORD001939,2024-01-04,C00123,West,P2002,Sofa,Home Decor,1,600,129.65
ORD001940,2024-09-16,C00520,North,P4001,Milk,Grocery,2,6,2.04
ORD001941,2024-04-06,C00542,East,P3001,Shirt,Apparel,1,30,8.8
ORD001942,2024-12-01,C00130,North,P1001,Smartphone,Electronics,1,300,90.57
ORD001943,2025-08-21,C00793,East,P1001,Smartphone,Electronics,1,300,99.94
ORD001944,2025-03-21,C00802,East,P1001,Smartphone,Electronics,2,600,180.02
ORD001945,2025-05-21,C00130,South,P1002,Headphones,Electronics,3,150,23.07
ORD001946,2024-06-19,C00001,North,P1002,Headphones,Electronics,1,50,6.56
ORD001947,2024-04-13,C00053,West,P4002,Coffee,Grocery,3,30,3.67
ORD001948,2023-10-27,C00147,East,P4002,Coffee,Grocery,3,30,5.72
ORD001949,2024-06-22,C00276,West,P3002,Shoes,Apparel,1,70,9.79
ORD001950,2025-01-31,C00354,South,P3001,Shirt,Apparel,1,30,8.39
ORD001951,2025-09-03,C00554,East,P3002,Shoes,Apparel,3,210,31.17
ORD001952,2024-04-07,C00708,South,P2002,Sofa,Home Decor,1,600,120.19
ORD001953,2024-02-27,C00509,East,P4001,Milk,Grocery,3,9,2.94
ORD001954,2023-11-13,C00976,South,P1001,Smartphone,Electronics,1,300,68.11
ORD001955,2025-03-23,C00666,West,P1001,Smartphone,Electronics,3,900,232.63
ORD001956,2025-06-07,C00426,North,P3002,Shoes,Apparel,2,140,42.51
ORD001957,2023-11-26,C00834,South,P2002,Sofa,Home Decor,1,600,118.93
ORD001958,2025-02-18,C00681,North,P4002,Coffee,Grocery,1,10,1.66
ORD001959,2025-06-28,C00456,East,P4001,Milk,Grocery,1,3,0.56
ORD001960,2025-10-08,C00950,West,P1001,Smartphone,Electronics,1,300,43.55
ORD001961,2024-05-12,C00330,East,P1002,Headphones,Electronics,1,50,14.59
ORD001962,2025-06-28,C00843,South,P2002,Sofa,Home Decor,1,600,201.48
ORD001963,2024-01-04,C00675,South,P3002,Shoes,Apparel,1,70,21.73
ORD001964,2024-07-29,C00274,West,P2001,Lamp,Home Decor,1,25,8.13
ORD001965,2023-12-05,C00031,South,P4001,Milk,Grocery,2,6,1.33
ORD001966,2025-05-16,C00414,North,P4002,Coffee,Grocery,1,10,1.8
ORD001967,2023-12-06,C00136,East,P4001,Milk,Grocery,1,3,0.94
ORD001968,2024-06-14,C00465,West,P2001,Lamp,Home Decor,1,25,2.83
ORD001969,2025-04-16,C00862,North,P1001,Smartphone,Electronics,2,600,116.58
ORD001970,2024-06-24,C00291,North,P2002,Sofa,Home Decor,3,1800,270.25
ORD001971,2025-04-21,C00004,East,P4001,Milk,Grocery,1,3,0.87
ORD001972,2023-11-29,C00940,West,P2002,Sofa,Home Decor,1,600,121.79
ORD001973,2024-12-28,C00508,West,P4002,Coffee,Grocery,1,10,3.13
ORD001974,2024-09-01,C00076,North,P2001,Lamp,Home Decor,1,25,5.02
ORD001975,2024-11-24,C00106,North,P3001,Shirt,Apparel,2,60,18.93
ORD001976,2024-10-15,C00723,North,P4001,Milk,Grocery,1,3,0.4
ORD001977,2024-04-24,C00578,South,P3001,Shirt,Apparel,1,30,7.27
ORD001978,2025-06-26,C00737,South,P3002,Shoes,Apparel,1,70,21.21
ORD001979,2023-11-29,C00545,North,P3001,Shirt,Apparel,1,30,3.54
ORD001980,2023-11-10,C00763,East,P4002,Coffee,Grocery,1,10,1.57
ORD001981,2024-11-08,C00043,West,P4002,Coffee,Grocery,2,20,3.21
ORD001982,2024-08-16,C00016,South,P2002,Sofa,Home Decor,1,600,182.91
ORD001983,2025-08-19,C00958,East,P4002,Coffee,Grocery,1,10,1.73
ORD001984,2024-02-05,C00955,West,P1001,Smartphone,Electronics,1,300,59.98
ORD001985,2025-03-13,C00791,South,P4001,Milk,Grocery,2,6,1.23
ORD001986,2024-07-16,C00199,East,P3002,Shoes,Apparel,1,70,18.56
ORD001987,2023-10-31,C00942,West,P2002,Sofa,Home Decor,1,600,146.56
ORD001988,2024-06-07,C00735,South,P1001,Smartphone,Electronics,1,300,62.7
ORD001989,2024-11-04,C00851,South,P1001,Smartphone,Electronics,1,300,39.94
ORD001990,2024-02-20,C00558,North,P3002,Shoes,Apparel,1,70,23.36
ORD001991,2024-12-13,C00061,North,P1002,Headphones,Electronics,1,50,15.97
ORD001992,2025-05-05,C00628,North,P4002,Coffee,Grocery,1,10,1.08
ORD001993,2025-04-09,C00310,South,P4001,Milk,Grocery,1,3,0.82
ORD001994,2024-08-01,C00579,South,P2002,Sofa,Home Decor,1,600,160.06
ORD001995,2025-02-12,C00569,East,P1001,Smartphone,Electronics,2,600,95.45
ORD001996,2024-02-19,C00057,West,P2001,Lamp,Home Decor,2,50,14.58
ORD001997,2025-05-25,C00887,West,P3001,Shirt,Apparel,1,30,9.27
ORD001998,2024-06-15,C00122,North,P3002,Shoes,Apparel,1,70,11.38
ORD001999,2024-02-11,C00763,North,P4001,Milk,Grocery,1,3,0.83
ORD002000,2024-11-22,C00819,West,P4002,Coffee,Grocery,1,10,1.2
ORD002001,2024-06-02,C00402,East,P2002,Sofa,Home Decor,1,600,171.0
ORD002002,2025-07-07,C00621,East,P2001,Lamp,Home Decor,2,50,12.55
ORD002003,2025-07-18,C00664,West,P2001,Lamp,Home Decor,2,50,12.71
ORD002004,2023-11-29,C00148,South,P2001,Lamp,Home Decor,1,25,4.28
ORD002005,2024-11-28,C00702,South,P1001,Smartphone,Electronics,1,300,94.76
ORD002006,2025-06-02,C00852,North,P3002,Shoes,Apparel,1,70,16.41
ORD002007,2024-09-30,C00713,South,P2002,Sofa,Home Decor,1,600,135.87
ORD002008,2024-11-04,C00628,West,P1002,Headphones,Electronics,3,150,29.36
ORD002009,2024-04-20,C00443,West,P1001,Smartphone,Electronics,2,600,80.32
ORD002010,2024-08-17,C00279,North,P3001,Shirt,Apparel,1,30,9.97
ORD002011,2025-03-30,C00386,South,P3002,Shoes,Apparel,1,70,22.54
ORD002012,2025-05-25,C00400,East,P3002,Shoes,Apparel,2,140,45.88
ORD002013,2025-03-18,C00221,West,P1002,Headphones,Electronics,1,50,10.46
ORD002014,2024-04-19,C00418,South,P4001,Milk,Grocery,1,3,0.33
ORD002015,2024-06-12,C00328,West,P2001,Lamp,Home Decor,3,75,17.28
ORD002016,2025-04-25,C00362,North,P4001,Milk,Grocery,1,3,0.36
ORD002017,2024-02-17,C00737,North,P1001,Smartphone,Electronics,1,300,99.09
ORD002018,2024-05-14,C00672,West,P1002,Headphones,Electronics,2,100,18.39
ORD002019,2024-12-23,C00403,West,P4001,Milk,Grocery,1,3,0.52
ORD002020,2023-10-29,C00015,South,P3001,Shirt,Apparel,1,30,7.64
ORD002021,2025-06-20,C00640,West,P1001,Smartphone,Electronics,3,900,198.45
ORD002022,2025-07-09,C00831,North,P1001,Smartphone,Electronics,1,300,56.75
ORD002023,2025-01-24,C00743,North,P3002,Shoes,Apparel,2,140,36.9
ORD002024,2024-05-19,C00940,East,P3002,Shoes,Apparel,1,70,10.52
ORD002025,2023-12-12,C00135,South,P1002,Headphones,Electronics,1,50,8.91
ORD002026,2025-06-29,C00295,West,P1001,Smartphone,Electronics,1,300,96.11
ORD002027,2025-04-03,C00299,East,P3002,Shoes,Apparel,1,70,8.84
ORD002028,2024-09-14,C00836,East,P3001,Shirt,Apparel,1,30,9.81
ORD002029,2025-01-27,C00791,East,P1001,Smartphone,Electronics,1,300,82.58
ORD002030,2025-09-17,C00920,East,P3001,Shirt,Apparel,1,30,7.01
ORD002031,2025-05-09,C00278,North,P1002,Headphones,Electronics,1,50,14.57
ORD002032,2024-07-14,C00839,South,P1001,Smartphone,Electronics,1,300,100.88
ORD002033,2024-08-26,C00919,West,P1002,Headphones,Electronics,1,50,11.59
ORD002034,2024-06-02,C00777,East,P3002,Shoes,Apparel,2,140,44.34
ORD002035,2024-08-01,C00803,North,P4001,Milk,Grocery,2,6,1.76
ORD002036,2024-05-27,C00480,North,P3001,Shirt,Apparel,2,60,9.97
ORD002037,2025-06-16,C00510,North,P2001,Lamp,Home Decor,1,25,8.07
ORD002038,2025-02-04,C00225,West,P3001,Shirt,Apparel,1,30,8.77
ORD002039,2025-03-19,C00591,South,P4001,Milk,Grocery,1,3,0.92
ORD002040,2024-08-14,C00244,North,P2001,Lamp,Home Decor,1,25,5.39
ORD002041,2025-08-12,C00210,West,P3001,Shirt,Apparel,2,60,7.05
ORD002042,2024-01-13,C00635,North,P3001,Shirt,Apparel,1,30,8.33
ORD002043,2024-06-04,C00186,West,P4002,Coffee,Grocery,1,10,2.89
ORD002044,2025-05-07,C00787,North,P3001,Shirt,Apparel,1,30,9.65
ORD002045,2025-04-29,C00685,West,P2001,Lamp,Home Decor,1,25,3.13
ORD002046,2024-05-02,C00925,North,P3002,Shoes,Apparel,2,140,21.37
ORD002047,2024-01-23,C00349,West,P2002,Sofa,Home Decor,1,600,177.01
ORD002048,2025-09-28,C00770,North,P1002,Headphones,Electronics,1,50,10.89
ORD002049,2024-07-16,C00099,East,P1001,Smartphone,Electronics,1,300,75.38
ORD002050,2025-05-18,C00240,East,P1001,Smartphone,Electronics,2,600,173.63
ORD002051,2024-07-23,C00819,East,P2001,Lamp,Home Decor,1,25,3.32
ORD002052,2025-03-08,C00943,South,P4002,Coffee,Grocery,1,10,2.84
ORD002053,2024-05-08,C00169,East,P4001,Milk,Grocery,1,3,0.38
ORD002054,2023-10-21,C00211,East,P3002,Shoes,Apparel,1,70,14.68
ORD002055,2025-02-15,C00023,West,P2002,Sofa,Home Decor,2,1200,256.9
ORD002056,2025-07-11,C00868,East,P3001,Shirt,Apparel,1,30,4.11
ORD002057,2024-05-08,C00327,East,P2001,Lamp,Home Decor,1,25,3.13
ORD002058,2024-10-12,C00907,West,P4001,Milk,Grocery,3,9,1.45
ORD002059,2024-09-02,C00221,North,P3001,Shirt,Apparel,3,90,14.74
ORD002060,2025-05-07,C00274,East,P1002,Headphones,Electronics,1,50,16.84
ORD002061,2024-07-03,C00010,North,P4002,Coffee,Grocery,1,10,2.91
ORD002062,2024-08-07,C00899,South,P2001,Lamp,Home Decor,1,25,5.46
ORD002063,2023-12-13,C00002,West,P4001,Milk,Grocery,1,3,0.87
ORD002064,2025-08-12,C00626,West,P3002,Shoes,Apparel,3,210,27.29
ORD002065,2024-08-02,C00167,East,P2001,Lamp,Home Decor,2,50,5.7
ORD002066,2025-04-10,C00157,North,P4001,Milk,Grocery,1,3,0.91
ORD002067,2024-06-29,C00395,South,P1001,Smartphone,Electronics,2,600,199.41
ORD002068,2024-05-03,C00623,South,P2001,Lamp,Home Decor,1,25,2.82
ORD002069,2025-08-15,C00459,South,P4002,Coffee,Grocery,3,30,8.89
ORD002070,2024-01-14,C00568,East,P1001,Smartphone,Electronics,1,300,30.03
ORD002071,2024-09-27,C00974,West,P3002,Shoes,Apparel,1,70,7.85
ORD002072,2025-03-25,C00288,South,P4001,Milk,Grocery,2,6,0.79
ORD002073,2024-08-04,C00498,North,P4002,Coffee,Grocery,1,10,2.08
ORD002074,2025-03-02,C00577,East,P3002,Shoes,Apparel,1,70,20.36
ORD002075,2024-06-06,C00571,West,P1001,Smartphone,Electronics,1,300,34.02
ORD002076,2025-10-08,C00569,North,P1001,Smartphone,Electronics,1,300,91.86
ORD002077,2025-01-26,C00577,West,P4002,Coffee,Grocery,1,10,3.37
ORD002078,2024-12-25,C00449,North,P3001,Shirt,Apparel,3,90,21.32
ORD002079,2025-04-26,C00049,East,P1001,Smartphone,Electronics,1,300,103.37
ORD002080,2025-04-02,C00841,West,P2002,Sofa,Home Decor,1,600,204.93
ORD002081,2024-11-13,C00785,North,P1001,Smartphone,Electronics,1,300,50.6
ORD002082,2024-05-25,C00555,North,P2002,Sofa,Home Decor,1,600,98.5
ORD002083,2024-06-22,C00046,South,P1002,Headphones,Electronics,2,100,10.78
ORD002084,2025-05-06,C00148,South,P4001,Milk,Grocery,2,6,1.0
ORD002085,2025-07-12,C00606,South,P4002,Coffee,Grocery,3,30,3.29
ORD002086,2025-08-05,C00204,North,P1001,Smartphone,Electronics,1,300,95.07
ORD002087,2025-09-05,C00606,East,P3002,Shoes,Apparel,1,70,19.3
ORD002088,2024-03-04,C00543,East,P2001,Lamp,Home Decor,2,50,13.27
ORD002089,2025-02-06,C00237,East,P2002,Sofa,Home Decor,1,600,92.29
ORD002090,2024-05-14,C00080,East,P3001,Shirt,Apparel,1,30,10.45
ORD002091,2024-07-01,C00671,East,P2002,Sofa,Home Decor,1,600,158.14
ORD002092,2025-01-21,C00631,East,P4002,Coffee,Grocery,1,10,3.07
ORD002093,2024-10-18,C00873,South,P1001,Smartphone,Electronics,1,300,50.08
ORD002094,2025-05-21,C00795,North,P3002,Shoes,Apparel,1,70,20.6
ORD002095,2025-07-25,C00336,North,P3002,Shoes,Apparel,1,70,15.69
ORD002096,2025-09-12,C00081,North,P1002,Headphones,Electronics,1,50,13.48
ORD002097,2025-03-22,C00504,West,P1002,Headphones,Electronics,1,50,15.94
ORD002098,2024-11-17,C00322,North,P1001,Smartphone,Electronics,1,300,59.26
ORD002099,2025-09-07,C00461,East,P4002,Coffee,Grocery,1,10,2.23
ORD002100,2024-09-30,C00618,West,P3001,Shirt,Apparel,1,30,8.21
ORD002101,2024-05-27,C00825,North,P4002,Coffee,Grocery,1,10,2.51
ORD002102,2023-12-07,C00653,East,P4001,Milk,Grocery,1,3,0.57
ORD002103,2024-07-11,C00616,South,P4001,Milk,Grocery,1,3,0.62
ORD002104,2024-02-29,C00242,East,P1002,Headphones,Electronics,2,100,24.49
ORD002105,2024-08-22,C00417,South,P4001,Milk,Grocery,1,3,1.03
ORD002106,2024-04-24,C00688,South,P4002,Coffee,Grocery,2,20,2.4
ORD002107,2025-05-01,C00619,West,P3002,Shoes,Apparel,1,70,11.87
ORD002108,2024-05-25,C00619,North,P2001,Lamp,Home Decor,1,25,2.61
ORD002109,2025-07-21,C00023,South,P1001,Smartphone,Electronics,1,300,81.8
ORD002110,2025-04-28,C00059,West,P3002,Shoes,Apparel,1,70,17.24
ORD002111,2025-07-10,C00657,East,P2001,Lamp,Home Decor,3,75,10.79
ORD002112,2024-12-26,C00257,North,P1002,Headphones,Electronics,1,50,9.45
ORD002113,2024-09-27,C00948,East,P2001,Lamp,Home Decor,1,25,5.9
ORD002114,2025-04-19,C00832,West,P3001,Shirt,Apparel,1,30,3.87
ORD002115,2024-06-09,C00949,West,P4001,Milk,Grocery,1,3,0.59
ORD002116,2024-04-21,C00620,East,P2001,Lamp,Home Decor,1,25,5.79
ORD002117,2024-09-17,C00786,North,P1002,Headphones,Electronics,1,50,13.32
ORD002118,2025-08-30,C00571,West,P2001,Lamp,Home Decor,1,25,5.2
ORD002119,2025-04-03,C00285,North,P1001,Smartphone,Electronics,2,600,91.61
ORD002120,2024-01-11,C00858,West,P1001,Smartphone,Electronics,1,300,98.39
ORD002121,2024-08-08,C00918,West,P1001,Smartphone,Electronics,1,300,78.36
ORD002122,2024-06-21,C00452,North,P2001,Lamp,Home Decor,2,50,14.51
ORD002123,2025-07-15,C00041,South,P3001,Shirt,Apparel,1,30,7.02
ORD002124,2024-08-10,C00541,East,P2001,Lamp,Home Decor,1,25,5.61
ORD002125,2025-06-11,C00061,South,P4001,Milk,Grocery,1,3,0.6
ORD002126,2025-05-17,C00881,North,P2001,Lamp,Home Decor,3,75,23.35
ORD002127,2024-04-08,C00333,South,P2001,Lamp,Home Decor,1,25,4.83
ORD002128,2025-07-23,C00423,North,P1001,Smartphone,Electronics,2,600,184.95
ORD002129,2024-12-14,C00080,East,P1001,Smartphone,Electronics,2,600,65.75
ORD002130,2024-10-09,C00564,South,P1001,Smartphone,Electronics,1,300,82.41
ORD002131,2025-01-09,C00387,East,P4002,Coffee,Grocery,1,10,3.18
ORD002132,2024-04-29,C00467,East,P1002,Headphones,Electronics,1,50,14.07
ORD002133,2024-03-30,C00993,West,P3001,Shirt,Apparel,1,30,8.09
ORD002134,2024-03-01,C00327,West,P3001,Shirt,Apparel,3,90,28.88
ORD002135,2025-04-05,C00286,West,P4001,Milk,Grocery,1,3,0.55
ORD002136,2024-10-19,C00097,North,P1002,Headphones,Electronics,1,50,12.54
ORD002137,2023-12-17,C00948,West,P1001,Smartphone,Electronics,1,300,80.16
ORD002138,2023-11-22,C00806,South,P1002,Headphones,Electronics,3,150,25.36
ORD002139,2024-01-17,C00566,West,P1002,Headphones,Electronics,3,150,30.56
ORD002140,2024-02-21,C00528,North,P1002,Headphones,Electronics,1,50,7.32
ORD002141,2024-07-04,C00087,South,P3001,Shirt,Apparel,1,30,3.85
ORD002142,2025-08-30,C00833,South,P3002,Shoes,Apparel,1,70,16.61
ORD002143,2025-05-08,C00649,South,P1001,Smartphone,Electronics,1,300,57.7
ORD002144,2025-03-13,C00893,East,P2001,Lamp,Home Decor,3,75,24.96
ORD002145,2025-07-27,C00653,South,P1002,Headphones,Electronics,1,50,11.85
ORD002146,2024-07-30,C00601,East,P4001,Milk,Grocery,1,3,0.59
ORD002147,2025-04-16,C00512,North,P3002,Shoes,Apparel,1,70,21.71
ORD002148,2025-06-07,C00997,North,P4001,Milk,Grocery,1,3,0.92
ORD002149,2025-07-12,C00750,West,P1001,Smartphone,Electronics,1,300,34.59
ORD002150,2024-07-05,C00529,West,P1002,Headphones,Electronics,2,100,34.03
ORD002151,2024-08-22,C00387,East,P1001,Smartphone,Electronics,1,300,92.22
ORD002152,2025-07-27,C00960,West,P2001,Lamp,Home Decor,1,25,5.63
ORD002153,2024-01-26,C00993,East,P1001,Smartphone,Electronics,1,300,63.72
ORD002154,2024-10-23,C00992,West,P3001,Shirt,Apparel,1,30,7.3
ORD002155,2025-01-12,C00801,East,P3002,Shoes,Apparel,1,70,8.98
ORD002156,2025-01-19,C00840,West,P4001,Milk,Grocery,1,3,0.56
ORD002157,2025-02-07,C00019,West,P1001,Smartphone,Electronics,2,600,65.65
ORD002158,2024-11-04,C00592,West,P2002,Sofa,Home Decor,1,600,166.01
ORD002159,2024-07-15,C00637,East,P4002,Coffee,Grocery,1,10,2.45
ORD002160,2024-10-20,C00787,North,P4002,Coffee,Grocery,1,10,2.84
ORD002161,2025-07-29,C00273,West,P3002,Shoes,Apparel,1,70,9.1
ORD002162,2023-10-19,C00637,East,P1001,Smartphone,Electronics,1,300,46.66
ORD002163,2025-02-23,C00951,North,P1001,Smartphone,Electronics,1,300,44.4
ORD002164,2023-10-19,C00833,East,P2001,Lamp,Home Decor,2,50,17.47
ORD002165,2024-11-08,C00025,South,P3002,Shoes,Apparel,1,70,7.21
ORD002166,2024-11-25,C00690,North,P3001,Shirt,Apparel,1,30,4.32
ORD002167,2024-03-03,C00953,East,P4001,Milk,Grocery,3,9,1.62
ORD002168,2025-02-16,C00425,East,P4002,Coffee,Grocery,2,20,6.4
ORD002169,2023-12-31,C00345,West,P3002,Shoes,Apparel,1,70,10.13
ORD002170,2024-12-17,C00541,West,P3002,Shoes,Apparel,1,70,7.68
ORD002171,2025-04-10,C00345,North,P2002,Sofa,Home Decor,2,1200,411.37
ORD002172,2024-12-16,C00771,East,P4002,Coffee,Grocery,1,10,1.23
ORD002173,2024-09-14,C00492,North,P1001,Smartphone,Electronics,1,300,78.8
ORD002174,2024-07-22,C00859,West,P1001,Smartphone,Electronics,1,300,38.45
ORD002175,2024-10-13,C00067,North,P3001,Shirt,Apparel,1,30,5.44
ORD002176,2025-10-09,C00754,North,P3002,Shoes,Apparel,2,140,46.27
ORD002177,2024-02-22,C00473,North,P3001,Shirt,Apparel,1,30,3.18
ORD002178,2024-01-19,C00229,North,P4002,Coffee,Grocery,1,10,1.89
ORD002179,2024-12-12,C00612,North,P3002,Shoes,Apparel,1,70,16.0
ORD002180,2024-10-25,C00178,North,P1001,Smartphone,Electronics,1,300,88.43
ORD002181,2024-06-11,C00059,North,P2001,Lamp,Home Decor,1,25,7.58
ORD002182,2025-06-10,C00095,North,P1001,Smartphone,Electronics,1,300,38.26
ORD002183,2024-02-05,C00728,East,P1001,Smartphone,Electronics,1,300,32.88
ORD002184,2025-10-15,C00262,North,P3001,Shirt,Apparel,1,30,5.37
ORD002185,2025-01-31,C00912,North,P2001,Lamp,Home Decor,1,25,6.83
ORD002186,2025-05-05,C00047,South,P4001,Milk,Grocery,2,6,0.86
ORD002187,2024-04-04,C00154,South,P4002,Coffee,Grocery,1,10,2.29
ORD002188,2025-10-07,C00769,East,P4001,Milk,Grocery,1,3,0.52
ORD002189,2025-03-16,C00163,East,P4002,Coffee,Grocery,3,30,6.97
ORD002190,2025-04-27,C00850,East,P4002,Coffee,Grocery,2,20,4.5
ORD002191,2024-01-20,C00449,North,P2001,Lamp,Home Decor,1,25,4.41
ORD002192,2024-05-16,C00259,West,P1002,Headphones,Electronics,2,100,13.54
ORD002193,2024-09-04,C00627,North,P2001,Lamp,Home Decor,3,75,20.21
ORD002194,2024-01-05,C00077,North,P1002,Headphones,Electronics,2,100,16.62
ORD002195,2024-09-24,C00782,West,P3001,Shirt,Apparel,2,60,15.67
ORD002196,2025-04-02,C00566,West,P2002,Sofa,Home Decor,2,1200,222.06
ORD002197,2025-10-10,C00053,North,P3002,Shoes,Apparel,1,70,21.71
ORD002198,2025-01-14,C00842,West,P3002,Shoes,Apparel,1,70,11.89
ORD002199,2024-02-14,C00218,South,P4001,Milk,Grocery,3,9,1.4
ORD002200,2025-05-27,C00124,East,P3001,Shirt,Apparel,1,30,3.41
ORD002201,2024-02-08,C00989,South,P1001,Smartphone,Electronics,1,300,86.12
ORD002202,2024-12-01,C00721,East,P4002,Coffee,Grocery,1,10,2.05
ORD002203,2024-01-22,C00836,East,P2001,Lamp,Home Decor,1,25,5.8
ORD002204,2025-03-28,C00607,South,P4002,Coffee,Grocery,1,10,1.85
ORD002205,2024-07-28,C00540,West,P3001,Shirt,Apparel,3,90,13.69
ORD002206,2024-12-15,C00056,South,P3002,Shoes,Apparel,1,70,18.8
ORD002207,2025-07-17,C00937,South,P4001,Milk,Grocery,1,3,0.65
ORD002208,2024-02-01,C00810,North,P1001,Smartphone,Electronics,1,300,31.03
ORD002209,2025-07-03,C00745,East,P2002,Sofa,Home Decor,1,600,163.22
ORD002210,2024-02-25,C00174,South,P2002,Sofa,Home Decor,1,600,144.75
ORD002211,2025-05-01,C00628,West,P1001,Smartphone,Electronics,2,600,193.77
ORD002212,2024-06-29,C00811,West,P4001,Milk,Grocery,1,3,0.73
ORD002213,2024-04-30,C00288,South,P3001,Shirt,Apparel,1,30,7.69
ORD002214,2023-12-20,C00087,South,P4001,Milk,Grocery,2,6,1.57
ORD002215,2025-05-05,C00560,North,P3002,Shoes,Apparel,2,140,22.71
ORD002216,2024-05-22,C00101,East,P1002,Headphones,Electronics,1,50,14.37
ORD002217,2025-09-06,C00578,South,P3002,Shoes,Apparel,2,140,32.14
ORD002218,2024-11-12,C00431,West,P4002,Coffee,Grocery,1,10,2.6
ORD002219,2023-10-26,C00086,North,P4001,Milk,Grocery,1,3,0.56
ORD002220,2025-07-05,C00381,West,P3001,Shirt,Apparel,1,30,5.94
ORD002221,2025-02-22,C00308,North,P1001,Smartphone,Electronics,1,300,78.92
ORD002222,2024-09-06,C00825,West,P2001,Lamp,Home Decor,1,25,7.85
ORD002223,2025-07-16,C00024,North,P4001,Milk,Grocery,1,3,0.33
ORD002224,2025-01-19,C00325,North,P1001,Smartphone,Electronics,1,300,53.88
ORD002225,2024-03-26,C00044,East,P4001,Milk,Grocery,2,6,1.88
ORD002226,2024-09-17,C00883,West,P2001,Lamp,Home Decor,1,25,5.1
ORD002227,2024-09-30,C00869,East,P1002,Headphones,Electronics,1,50,7.87
ORD002228,2025-01-11,C00235,East,P2002,Sofa,Home Decor,1,600,157.99
ORD002229,2025-06-19,C00679,East,P4001,Milk,Grocery,1,3,0.59
ORD002230,2023-11-12,C00076,East,P1002,Headphones,Electronics,1,50,15.68
ORD002231,2024-02-14,C00025,West,P2001,Lamp,Home Decor,1,25,6.0
ORD002232,2024-06-11,C00502,South,P4002,Coffee,Grocery,1,10,3.03
ORD002233,2025-06-19,C00741,South,P3001,Shirt,Apparel,1,30,6.42
ORD002234,2024-05-11,C00617,South,P3002,Shoes,Apparel,2,140,30.49
ORD002235,2025-08-08,C00898,West,P2001,Lamp,Home Decor,1,25,2.92
ORD002236,2024-08-18,C00950,West,P4001,Milk,Grocery,2,6,0.94
ORD002237,2025-10-01,C00990,South,P1002,Headphones,Electronics,1,50,5.17
ORD002238,2024-11-25,C00467,East,P1001,Smartphone,Electronics,1,300,92.74
ORD002239,2025-08-02,C00845,West,P3001,Shirt,Apparel,1,30,6.08
ORD002240,2025-07-05,C00735,West,P1001,Smartphone,Electronics,2,600,121.41
ORD002241,2025-03-06,C00646,West,P1002,Headphones,Electronics,1,50,12.84
ORD002242,2023-12-31,C00836,East,P4002,Coffee,Grocery,1,10,2.08
ORD002243,2023-11-18,C00491,East,P1001,Smartphone,Electronics,1,300,92.94
ORD002244,2024-05-15,C00975,South,P1001,Smartphone,Electronics,1,300,75.81
ORD002245,2024-06-15,C00004,North,P3001,Shirt,Apparel,1,30,5.9
ORD002246,2025-05-16,C00474,North,P2002,Sofa,Home Decor,1,600,172.0
ORD002247,2024-01-31,C00502,East,P4002,Coffee,Grocery,2,20,2.52
ORD002248,2024-05-16,C00101,West,P4002,Coffee,Grocery,1,10,3.36
ORD002249,2023-11-01,C00759,East,P3002,Shoes,Apparel,1,70,15.81
ORD002250,2025-01-06,C00359,North,P2002,Sofa,Home Decor,2,1200,264.9
ORD002251,2025-01-14,C00820,East,P3002,Shoes,Apparel,1,70,11.51
ORD002252,2023-11-14,C00983,North,P1002,Headphones,Electronics,1,50,14.77
ORD002253,2025-08-20,C00600,West,P4001,Milk,Grocery,1,3,1.04
ORD002254,2025-06-14,C00464,East,P1001,Smartphone,Electronics,2,600,73.14
ORD002255,2025-04-21,C00769,East,P4002,Coffee,Grocery,1,10,2.34
ORD002256,2023-12-25,C00538,East,P1001,Smartphone,Electronics,1,300,87.67
ORD002257,2024-07-20,C00481,East,P3001,Shirt,Apparel,1,30,6.08
ORD002258,2024-01-14,C00887,East,P2002,Sofa,Home Decor,3,1800,196.9
ORD002259,2025-09-23,C00667,North,P1001,Smartphone,Electronics,1,300,94.0
ORD002260,2025-07-26,C00356,North,P4001,Milk,Grocery,1,3,0.37
ORD002261,2025-03-05,C00902,North,P4001,Milk,Grocery,1,3,0.55
ORD002262,2025-02-18,C00445,South,P4001,Milk,Grocery,1,3,0.56
ORD002263,2025-02-18,C00266,South,P4001,Milk,Grocery,1,3,0.57
ORD002264,2025-01-06,C00440,West,P1001,Smartphone,Electronics,1,300,40.88
ORD002265,2024-06-02,C00311,East,P3001,Shirt,Apparel,1,30,8.47
ORD002266,2025-09-19,C00666,East,P3001,Shirt,Apparel,1,30,4.29
ORD002267,2024-12-24,C00255,West,P4001,Milk,Grocery,1,3,0.97
ORD002268,2024-10-02,C00683,South,P1002,Headphones,Electronics,2,100,34.99
ORD002269,2025-05-22,C00756,East,P3002,Shoes,Apparel,2,140,25.02
ORD002270,2023-12-08,C00055,North,P2002,Sofa,Home Decor,2,1200,158.55
ORD002271,2025-03-24,C00666,North,P3002,Shoes,Apparel,1,70,14.36
ORD002272,2025-08-05,C00259,East,P2001,Lamp,Home Decor,1,25,4.12
ORD002273,2025-01-26,C00889,North,P1002,Headphones,Electronics,1,50,6.92
ORD002274,2024-11-15,C00438,East,P3001,Shirt,Apparel,1,30,5.03
ORD002275,2025-10-03,C00008,West,P3001,Shirt,Apparel,1,30,8.16
ORD002276,2024-10-04,C00861,East,P2002,Sofa,Home Decor,1,600,108.46
ORD002277,2024-10-11,C00553,South,P3001,Shirt,Apparel,2,60,18.58
ORD002278,2025-03-01,C00690,North,P3002,Shoes,Apparel,3,210,52.95
ORD002279,2025-07-27,C00196,East,P1002,Headphones,Electronics,1,50,7.62
ORD002280,2025-07-07,C00466,South,P1001,Smartphone,Electronics,2,600,170.32
ORD002281,2025-10-02,C00249,East,P2001,Lamp,Home Decor,1,25,8.27
ORD002282,2024-04-27,C00514,West,P4002,Coffee,Grocery,1,10,3.05
ORD002283,2024-07-01,C00772,North,P4001,Milk,Grocery,1,3,0.93
ORD002284,2025-10-01,C00128,East,P3001,Shirt,Apparel,1,30,6.92
ORD002285,2024-04-17,C00650,West,P4002,Coffee,Grocery,1,10,2.54
ORD002286,2024-12-11,C00416,West,P3001,Shirt,Apparel,1,30,4.87
ORD002287,2025-08-15,C00942,South,P1002,Headphones,Electronics,1,50,7.88
ORD002288,2024-02-26,C00071,South,P3001,Shirt,Apparel,1,30,8.82
ORD002289,2023-12-27,C00490,North,P2001,Lamp,Home Decor,1,25,6.51
ORD002290,2024-08-23,C00899,South,P3001,Shirt,Apparel,2,60,18.77
ORD002291,2024-01-10,C00012,East,P4002,Coffee,Grocery,2,20,3.73
ORD002292,2024-04-13,C00026,East,P1001,Smartphone,Electronics,1,300,100.66
ORD002293,2025-07-30,C00815,East,P2001,Lamp,Home Decor,1,25,3.13
ORD002294,2024-03-19,C00502,North,P2001,Lamp,Home Decor,1,25,6.94
ORD002295,2025-07-07,C00012,East,P2001,Lamp,Home Decor,1,25,8.5
ORD002296,2025-09-17,C00136,West,P3001,Shirt,Apparel,2,60,11.38
ORD002297,2024-01-01,C00791,West,P3001,Shirt,Apparel,1,30,7.14
ORD002298,2025-04-05,C00021,North,P2002,Sofa,Home Decor,1,600,119.51
ORD002299,2025-04-08,C00049,West,P4002,Coffee,Grocery,1,10,2.2
ORD002300,2025-05-24,C00075,South,P1001,Smartphone,Electronics,1,300,48.07
ORD002301,2025-04-06,C00087,North,P1001,Smartphone,Electronics,2,600,162.88
ORD002302,2024-02-13,C00778,East,P3002,Shoes,Apparel,1,70,19.78
ORD002303,2024-02-23,C00529,West,P1002,Headphones,Electronics,1,50,8.92
ORD002304,2025-10-12,C00804,West,P1001,Smartphone,Electronics,2,600,193.94
ORD002305,2024-11-04,C00074,West,P2001,Lamp,Home Decor,3,75,21.18
ORD002306,2024-08-31,C00884,South,P2002,Sofa,Home Decor,1,600,115.89
ORD002307,2024-02-24,C00989,East,P3001,Shirt,Apparel,3,90,20.98
ORD002308,2025-09-29,C00959,North,P2002,Sofa,Home Decor,1,600,172.24
ORD002309,2024-03-21,C00398,North,P2002,Sofa,Home Decor,2,1200,416.48
ORD002310,2025-09-16,C00906,East,P4002,Coffee,Grocery,3,30,9.83
ORD002311,2025-08-22,C00245,South,P1001,Smartphone,Electronics,1,300,85.67
ORD002312,2024-05-31,C00042,North,P3002,Shoes,Apparel,1,70,20.76
ORD002313,2023-11-15,C00167,North,P3002,Shoes,Apparel,1,70,11.91
ORD002314,2024-09-20,C00112,South,P2002,Sofa,Home Decor,2,1200,298.49
ORD002315,2025-01-17,C00105,West,P4001,Milk,Grocery,1,3,0.39
ORD002316,2025-04-05,C00635,South,P1001,Smartphone,Electronics,1,300,38.09
ORD002317,2024-11-17,C00393,West,P1001,Smartphone,Electronics,2,600,95.04
ORD002318,2025-02-02,C00180,West,P1002,Headphones,Electronics,1,50,10.94
ORD002319,2025-02-27,C00265,North,P3002,Shoes,Apparel,1,70,13.93
ORD002320,2024-09-12,C00637,South,P3002,Shoes,Apparel,1,70,22.32
ORD002321,2024-08-06,C00113,North,P3001,Shirt,Apparel,1,30,5.8
ORD002322,2024-11-16,C00187,East,P1002,Headphones,Electronics,1,50,8.82
ORD002323,2024-03-19,C00132,West,P4001,Milk,Grocery,1,3,0.7
ORD002324,2025-05-14,C00692,East,P2001,Lamp,Home Decor,3,75,22.41
ORD002325,2024-10-06,C00366,West,P1002,Headphones,Electronics,2,100,13.15
ORD002326,2024-09-11,C00095,North,P2001,Lamp,Home Decor,3,75,9.87
ORD002327,2025-04-01,C00054,East,P1001,Smartphone,Electronics,3,900,110.53
ORD002328,2025-05-13,C00443,North,P4001,Milk,Grocery,1,3,0.63
ORD002329,2024-12-09,C00915,East,P2002,Sofa,Home Decor,1,600,89.83
ORD002330,2024-07-12,C00008,North,P4001,Milk,Grocery,1,3,0.52
ORD002331,2025-05-15,C00687,East,P2001,Lamp,Home Decor,1,25,2.85
ORD002332,2025-09-28,C00885,South,P4002,Coffee,Grocery,1,10,1.17
ORD002333,2023-10-28,C00529,North,P4002,Coffee,Grocery,3,30,6.93
ORD002334,2024-12-08,C00316,South,P3001,Shirt,Apparel,1,30,5.74
ORD002335,2024-08-27,C00730,North,P1001,Smartphone,Electronics,1,300,39.02
ORD002336,2025-03-22,C00925,West,P3002,Shoes,Apparel,1,70,18.85
ORD002337,2024-01-07,C00891,East,P4002,Coffee,Grocery,1,10,2.71
ORD002338,2024-01-05,C00741,South,P1001,Smartphone,Electronics,3,900,174.88
ORD002339,2025-08-26,C00217,South,P3002,Shoes,Apparel,1,70,23.57
ORD002340,2024-03-05,C00824,West,P4001,Milk,Grocery,1,3,0.43
ORD002341,2025-04-03,C00816,West,P3001,Shirt,Apparel,2,60,16.97
ORD002342,2025-08-25,C00268,North,P1002,Headphones,Electronics,1,50,8.92
ORD002343,2025-03-18,C00546,East,P1002,Headphones,Electronics,3,150,45.16
ORD002344,2024-02-21,C00739,North,P3001,Shirt,Apparel,2,60,11.25
ORD002345,2023-12-10,C00763,South,P1002,Headphones,Electronics,3,150,43.55
ORD002346,2024-02-05,C00121,North,P2002,Sofa,Home Decor,1,600,127.78
ORD002347,2025-02-27,C00309,East,P3001,Shirt,Apparel,1,30,6.32
ORD002348,2023-12-07,C00786,East,P3002,Shoes,Apparel,2,140,36.02
ORD002349,2024-09-16,C00322,North,P1001,Smartphone,Electronics,1,300,79.53
ORD002350,2025-06-11,C00293,North,P3002,Shoes,Apparel,1,70,18.71
ORD002351,2024-03-13,C00983,West,P3001,Shirt,Apparel,1,30,5.93
ORD002352,2024-12-11,C00244,West,P2002,Sofa,Home Decor,3,1800,184.8
ORD002353,2024-11-25,C00273,West,P1001,Smartphone,Electronics,3,900,113.26
ORD002354,2023-12-14,C00568,South,P4001,Milk,Grocery,1,3,0.9
ORD002355,2025-02-09,C00927,West,P4001,Milk,Grocery,1,3,0.98
ORD002356,2025-01-21,C00916,North,P2001,Lamp,Home Decor,1,25,6.61
ORD002357,2024-02-11,C00634,South,P4002,Coffee,Grocery,2,20,2.31
ORD002358,2023-11-29,C00841,West,P2001,Lamp,Home Decor,1,25,6.18
ORD002359,2025-05-24,C00785,North,P4002,Coffee,Grocery,1,10,1.08
ORD002360,2024-04-19,C00265,East,P3001,Shirt,Apparel,1,30,5.52
ORD002361,2025-04-03,C00499,East,P4002,Coffee,Grocery,2,20,6.05
ORD002362,2024-11-25,C00525,West,P3001,Shirt,Apparel,1,30,3.13
ORD002363,2023-10-27,C00676,West,P4001,Milk,Grocery,1,3,0.63
ORD002364,2024-09-16,C00140,South,P4002,Coffee,Grocery,1,10,2.93
ORD002365,2025-05-05,C00178,North,P2001,Lamp,Home Decor,3,75,20.59
ORD002366,2023-12-30,C00640,South,P3001,Shirt,Apparel,2,60,9.89
ORD002367,2024-01-26,C00662,South,P4001,Milk,Grocery,1,3,0.74
ORD002368,2024-01-11,C00707,East,P2001,Lamp,Home Decor,1,25,5.12
ORD002369,2024-05-08,C00826,South,P1002,Headphones,Electronics,3,150,39.0
ORD002370,2025-03-19,C00311,North,P2001,Lamp,Home Decor,1,25,4.37
ORD002371,2024-05-17,C00820,East,P2001,Lamp,Home Decor,1,25,2.87
ORD002372,2024-10-20,C00366,North,P1001,Smartphone,Electronics,1,300,45.46
ORD002373,2024-01-22,C00664,West,P3002,Shoes,Apparel,1,70,18.77
ORD002374,2024-01-18,C00574,South,P3001,Shirt,Apparel,2,60,12.97
ORD002375,2024-10-22,C00170,South,P3002,Shoes,Apparel,1,70,9.22
ORD002376,2025-01-18,C00459,North,P3001,Shirt,Apparel,1,30,10.06
ORD002377,2025-03-26,C00816,West,P1002,Headphones,Electronics,1,50,12.2
ORD002378,2023-11-29,C00373,North,P3001,Shirt,Apparel,1,30,6.51
ORD002379,2025-06-03,C00584,East,P4001,Milk,Grocery,1,3,0.85
ORD002380,2024-10-02,C00683,West,P1002,Headphones,Electronics,1,50,15.38
ORD002381,2024-03-19,C00128,South,P1001,Smartphone,Electronics,1,300,87.19
ORD002382,2024-12-13,C00454,East,P2001,Lamp,Home Decor,1,25,5.82
ORD002383,2025-02-14,C00400,West,P1001,Smartphone,Electronics,3,900,279.74
ORD002384,2025-04-10,C00482,West,P4002,Coffee,Grocery,1,10,2.29
ORD002385,2024-07-31,C00583,South,P3002,Shoes,Apparel,3,210,66.31
ORD002386,2023-11-14,C00798,North,P2001,Lamp,Home Decor,1,25,5.23
ORD002387,2024-02-22,C00610,South,P4001,Milk,Grocery,1,3,0.65
ORD002388,2023-12-06,C00072,East,P2001,Lamp,Home Decor,1,25,6.1
ORD002389,2024-10-19,C00855,West,P1002,Headphones,Electronics,1,50,12.34
ORD002390,2024-09-07,C00172,West,P1001,Smartphone,Electronics,1,300,66.86
ORD002391,2024-12-21,C00238,East,P4002,Coffee,Grocery,1,10,2.18
ORD002392,2024-03-23,C00740,East,P3001,Shirt,Apparel,1,30,10.19
ORD002393,2024-01-08,C00680,East,P1001,Smartphone,Electronics,1,300,73.32
ORD002394,2025-04-09,C00437,South,P3001,Shirt,Apparel,2,60,20.35
ORD002395,2024-07-10,C00014,East,P1002,Headphones,Electronics,2,100,31.16
ORD002396,2024-11-11,C00565,South,P3001,Shirt,Apparel,1,30,3.03
ORD002397,2024-07-15,C00196,East,P4001,Milk,Grocery,1,3,0.69
ORD002398,2025-09-04,C00828,South,P2002,Sofa,Home Decor,1,600,127.83
ORD002399,2024-01-06,C00875,West,P2002,Sofa,Home Decor,2,1200,215.46
ORD002400,2023-11-26,C00654,West,P1001,Smartphone,Electronics,1,300,72.89
ORD002401,2025-07-18,C00186,West,P4002,Coffee,Grocery,3,30,6.14
ORD002402,2023-11-21,C00160,West,P4002,Coffee,Grocery,1,10,3.46
ORD002403,2025-08-29,C00949,West,P1001,Smartphone,Electronics,1,300,83.46
ORD002404,2024-01-08,C00718,North,P1001,Smartphone,Electronics,2,600,204.22
ORD002405,2024-06-15,C00724,East,P2001,Lamp,Home Decor,1,25,7.05
ORD002406,2023-11-13,C00617,West,P4001,Milk,Grocery,1,3,0.46
ORD002407,2024-03-16,C00737,South,P1001,Smartphone,Electronics,1,300,74.08
ORD002408,2023-11-07,C00592,South,P3002,Shoes,Apparel,2,140,18.11
ORD002409,2025-07-10,C00243,East,P4001,Milk,Grocery,2,6,1.55
ORD002410,2025-04-18,C00697,South,P3001,Shirt,Apparel,3,90,12.19
ORD002411,2025-08-31,C00477,East,P2001,Lamp,Home Decor,2,50,7.55
ORD002412,2025-07-03,C00503,South,P3001,Shirt,Apparel,3,90,15.08
ORD002413,2024-12-31,C00383,East,P2001,Lamp,Home Decor,3,75,9.4
ORD002414,2023-11-01,C00993,West,P4001,Milk,Grocery,1,3,0.31
ORD002415,2025-08-22,C00704,West,P1002,Headphones,Electronics,1,50,5.66
ORD002416,2024-03-26,C00353,South,P2001,Lamp,Home Decor,2,50,6.07
ORD002417,2025-03-25,C00813,North,P3001,Shirt,Apparel,1,30,5.94
ORD002418,2024-07-02,C00525,East,P2002,Sofa,Home Decor,3,1800,599.46
ORD002419,2024-07-05,C00489,South,P2002,Sofa,Home Decor,1,600,174.61
ORD002420,2024-02-09,C00977,West,P1002,Headphones,Electronics,1,50,15.13
ORD002421,2023-11-10,C00756,South,P3001,Shirt,Apparel,3,90,13.18
ORD002422,2024-07-12,C00449,North,P2002,Sofa,Home Decor,1,600,80.89
ORD002423,2025-07-15,C00950,West,P2001,Lamp,Home Decor,1,25,4.43
ORD002424,2024-01-04,C00774,North,P1002,Headphones,Electronics,1,50,13.64
ORD002425,2025-05-22,C00125,North,P1001,Smartphone,Electronics,1,300,98.7
ORD002426,2025-10-04,C00839,South,P3001,Shirt,Apparel,2,60,12.78
ORD002427,2024-12-26,C00057,North,P4001,Milk,Grocery,1,3,0.49
ORD002428,2024-09-28,C00461,East,P1002,Headphones,Electronics,1,50,9.46
ORD002429,2024-12-06,C00646,East,P2002,Sofa,Home Decor,1,600,83.51
ORD002430,2025-06-29,C00987,West,P1002,Headphones,Electronics,1,50,13.72
ORD002431,2025-05-24,C00999,East,P3001,Shirt,Apparel,1,30,7.76
ORD002432,2025-03-31,C00293,North,P3001,Shirt,Apparel,1,30,6.05
ORD002433,2025-09-18,C00324,North,P1002,Headphones,Electronics,1,50,6.7
ORD002434,2025-09-28,C00916,North,P2002,Sofa,Home Decor,2,1200,318.51
ORD002435,2024-02-04,C00007,West,P3002,Shoes,Apparel,2,140,37.07
ORD002436,2025-05-25,C00919,West,P3002,Shoes,Apparel,2,140,42.09
ORD002437,2025-06-16,C00363,South,P3001,Shirt,Apparel,1,30,9.86
ORD002438,2024-02-18,C00464,East,P1001,Smartphone,Electronics,1,300,60.42
ORD002439,2025-03-14,C00093,North,P1002,Headphones,Electronics,1,50,14.65
ORD002440,2024-10-21,C00569,West,P3001,Shirt,Apparel,1,30,10.24
ORD002441,2025-06-08,C00938,West,P2002,Sofa,Home Decor,1,600,141.31
ORD002442,2024-08-31,C00732,West,P3001,Shirt,Apparel,1,30,4.52
ORD002443,2024-08-14,C00514,South,P1001,Smartphone,Electronics,1,300,51.52
ORD002444,2025-09-04,C00757,South,P2001,Lamp,Home Decor,3,75,12.53
ORD002445,2024-05-19,C00538,South,P2002,Sofa,Home Decor,1,600,69.23
ORD002446,2024-12-20,C00479,North,P2001,Lamp,Home Decor,1,25,3.16
ORD002447,2024-05-31,C00105,North,P1001,Smartphone,Electronics,1,300,95.52
ORD002448,2025-01-07,C00412,East,P3001,Shirt,Apparel,1,30,5.32
ORD002449,2024-04-11,C00955,North,P3002,Shoes,Apparel,1,70,22.88
ORD002450,2023-12-18,C00401,South,P2001,Lamp,Home Decor,3,75,8.74
ORD002451,2024-02-22,C00415,South,P1001,Smartphone,Electronics,1,300,61.38
ORD002452,2024-09-27,C00217,West,P4001,Milk,Grocery,2,6,1.92
ORD002453,2024-11-08,C00330,West,P3002,Shoes,Apparel,1,70,11.37
ORD002454,2023-10-20,C00641,South,P1001,Smartphone,Electronics,1,300,98.33
ORD002455,2024-06-18,C00486,West,P1002,Headphones,Electronics,3,150,29.79
ORD002456,2024-01-19,C00501,North,P1002,Headphones,Electronics,1,50,5.19
ORD002457,2024-02-26,C00771,East,P1001,Smartphone,Electronics,2,600,147.35
ORD002458,2025-06-17,C00989,North,P1002,Headphones,Electronics,1,50,12.56
ORD002459,2025-07-21,C00246,East,P2002,Sofa,Home Decor,1,600,124.57
ORD002460,2024-02-29,C00128,North,P1002,Headphones,Electronics,1,50,5.43
ORD002461,2025-10-01,C00851,South,P3002,Shoes,Apparel,2,140,33.45
ORD002462,2023-12-07,C00763,West,P2001,Lamp,Home Decor,1,25,6.28
ORD002463,2025-05-24,C00457,North,P3001,Shirt,Apparel,1,30,7.1
ORD002464,2024-12-03,C00711,North,P1001,Smartphone,Electronics,1,300,63.01
ORD002465,2024-03-13,C00044,East,P2002,Sofa,Home Decor,1,600,157.68
ORD002466,2023-11-13,C00162,North,P1002,Headphones,Electronics,1,50,12.3
ORD002467,2024-04-04,C00474,West,P3001,Shirt,Apparel,1,30,9.73
ORD002468,2024-12-11,C00902,East,P1002,Headphones,Electronics,2,100,20.84
ORD002469,2023-11-18,C00974,South,P2001,Lamp,Home Decor,2,50,16.64
ORD002470,2025-07-21,C00535,South,P2001,Lamp,Home Decor,2,50,7.22
ORD002471,2025-03-23,C00175,West,P3002,Shoes,Apparel,1,70,10.87
ORD002472,2024-07-17,C00976,East,P4001,Milk,Grocery,1,3,0.35
ORD002473,2024-09-16,C00147,North,P1002,Headphones,Electronics,1,50,6.86
ORD002474,2024-07-17,C00907,West,P4001,Milk,Grocery,1,3,0.91
ORD002475,2025-01-01,C00467,West,P4001,Milk,Grocery,1,3,0.81
ORD002476,2024-09-09,C00802,North,P3002,Shoes,Apparel,1,70,10.9
ORD002477,2025-08-27,C00130,East,P2002,Sofa,Home Decor,1,600,178.61
ORD002478,2025-08-25,C00579,East,P2002,Sofa,Home Decor,1,600,150.86
ORD002479,2024-03-05,C00977,West,P2002,Sofa,Home Decor,3,1800,367.06
ORD002480,2025-08-29,C00953,North,P1001,Smartphone,Electronics,2,600,108.45
ORD002481,2025-01-03,C00704,East,P3002,Shoes,Apparel,2,140,45.71
ORD002482,2024-10-30,C00738,West,P3002,Shoes,Apparel,1,70,19.66
ORD002483,2024-02-11,C00739,South,P2002,Sofa,Home Decor,2,1200,369.88
ORD002484,2024-12-11,C00509,West,P2001,Lamp,Home Decor,2,50,11.57
ORD002485,2024-10-12,C00856,North,P3001,Shirt,Apparel,3,90,27.53
ORD002486,2024-02-24,C00204,West,P1002,Headphones,Electronics,1,50,9.86
ORD002487,2025-07-14,C00664,West,P2002,Sofa,Home Decor,1,600,159.86
ORD002488,2024-05-12,C00200,South,P1002,Headphones,Electronics,1,50,7.2
ORD002489,2023-11-03,C00841,East,P4002,Coffee,Grocery,1,10,3.44
ORD002490,2024-09-27,C00520,North,P3002,Shoes,Apparel,1,70,8.4
ORD002491,2025-04-10,C00302,South,P3001,Shirt,Apparel,1,30,4.2
ORD002492,2024-08-09,C00832,North,P4001,Milk,Grocery,1,3,0.69
ORD002493,2025-10-05,C00761,East,P2002,Sofa,Home Decor,2,1200,264.22
ORD002494,2025-02-03,C00502,North,P2001,Lamp,Home Decor,1,25,3.73
ORD002495,2024-08-24,C00579,West,P3002,Shoes,Apparel,2,140,26.64
ORD002496,2025-04-02,C00304,East,P3002,Shoes,Apparel,1,70,10.67
ORD002497,2024-07-31,C00159,North,P4001,Milk,Grocery,1,3,0.9
ORD002498,2024-04-27,C00257,North,P2002,Sofa,Home Decor,1,600,180.62
ORD002499,2023-11-14,C00047,North,P3001,Shirt,Apparel,1,30,7.04
ORD002500,2025-08-09,C00524,West,P4001,Milk,Grocery,1,3,0.72
ORD002501,2025-03-27,C00261,North,P4001,Milk,Grocery,2,6,1.11
ORD002502,2025-01-10,C00874,South,P3002,Shoes,Apparel,2,140,25.86
ORD002503,2025-09-17,C00541,East,P2002,Sofa,Home Decor,1,600,84.53
ORD002504,2025-06-29,C00419,East,P4001,Milk,Grocery,1,3,0.67
ORD002505,2024-01-13,C00528,North,P3001,Shirt,Apparel,1,30,5.56
ORD002506,2024-03-19,C00180,West,P4002,Coffee,Grocery,1,10,2.79
ORD002507,2024-01-02,C00210,North,P4002,Coffee,Grocery,1,10,2.25
ORD002508,2025-06-08,C00232,South,P1002,Headphones,Electronics,1,50,14.55
ORD002509,2025-06-24,C00456,West,P2002,Sofa,Home Decor,1,600,142.82
ORD002510,2023-10-21,C00808,South,P2002,Sofa,Home Decor,1,600,175.18
ORD002511,2024-06-23,C00583,East,P2002,Sofa,Home Decor,1,600,150.8
ORD002512,2024-10-12,C00812,West,P3002,Shoes,Apparel,1,70,18.46
ORD002513,2023-12-25,C00240,East,P3001,Shirt,Apparel,2,60,10.71
ORD002514,2025-10-07,C00880,West,P4001,Milk,Grocery,1,3,1.04
ORD002515,2024-02-28,C00848,East,P4002,Coffee,Grocery,2,20,2.68
ORD002516,2025-05-21,C00481,North,P4002,Coffee,Grocery,1,10,1.98
ORD002517,2024-06-26,C00166,South,P4002,Coffee,Grocery,1,10,2.64
ORD002518,2025-04-26,C00503,North,P1002,Headphones,Electronics,3,150,16.57
ORD002519,2024-07-05,C00169,West,P3001,Shirt,Apparel,2,60,17.75
ORD002520,2024-03-31,C00537,South,P3001,Shirt,Apparel,2,60,9.63
ORD002521,2024-04-03,C00682,South,P4002,Coffee,Grocery,1,10,1.46
ORD002522,2024-10-06,C00037,North,P3002,Shoes,Apparel,1,70,7.79
ORD002523,2024-09-04,C00088,West,P3002,Shoes,Apparel,1,70,9.52
ORD002524,2024-09-20,C00531,East,P3002,Shoes,Apparel,1,70,10.75
ORD002525,2024-07-13,C00763,South,P2002,Sofa,Home Decor,1,600,128.13
ORD002526,2023-10-28,C00558,East,P1002,Headphones,Electronics,2,100,25.39
ORD002527,2023-12-03,C00028,North,P3002,Shoes,Apparel,2,140,21.03
ORD002528,2024-05-02,C00333,West,P3001,Shirt,Apparel,1,30,9.88
ORD002529,2024-03-05,C00250,East,P4001,Milk,Grocery,1,3,0.99
ORD002530,2024-08-03,C00607,East,P2001,Lamp,Home Decor,1,25,4.58
ORD002531,2024-11-05,C00857,North,P3001,Shirt,Apparel,2,60,20.0
ORD002532,2024-07-18,C00954,West,P1001,Smartphone,Electronics,1,300,90.78
ORD002533,2024-09-17,C00260,West,P3002,Shoes,Apparel,1,70,14.5
ORD002534,2025-02-19,C00607,West,P4002,Coffee,Grocery,1,10,3.08
ORD002535,2024-02-16,C00703,North,P4002,Coffee,Grocery,1,10,2.5
ORD002536,2023-12-07,C00311,West,P4002,Coffee,Grocery,1,10,1.19
ORD002537,2024-12-01,C00900,West,P1001,Smartphone,Electronics,1,300,55.39
ORD002538,2024-03-21,C00542,North,P1002,Headphones,Electronics,1,50,12.83
ORD002539,2025-01-19,C00562,South,P4002,Coffee,Grocery,1,10,1.37
ORD002540,2024-09-18,C00746,West,P4001,Milk,Grocery,2,6,1.91
ORD002541,2025-03-22,C00573,West,P4002,Coffee,Grocery,2,20,2.72
ORD002542,2025-10-15,C00752,North,P2002,Sofa,Home Decor,1,600,145.63
ORD002543,2025-06-04,C00505,South,P4001,Milk,Grocery,2,6,1.58
ORD002544,2025-10-07,C00646,North,P2001,Lamp,Home Decor,1,25,6.21
ORD002545,2024-03-12,C00141,West,P4001,Milk,Grocery,1,3,0.38
ORD002546,2024-12-07,C00896,South,P4001,Milk,Grocery,1,3,0.8
ORD002547,2025-01-24,C00520,West,P3002,Shoes,Apparel,2,140,16.2
ORD002548,2024-04-12,C00700,North,P1001,Smartphone,Electronics,1,300,64.68
ORD002549,2025-07-10,C00173,East,P2001,Lamp,Home Decor,1,25,7.56
ORD002550,2024-06-21,C00540,South,P2001,Lamp,Home Decor,2,50,16.64
ORD002551,2025-01-15,C00343,West,P2002,Sofa,Home Decor,1,600,119.78
ORD002552,2024-12-03,C00580,South,P1002,Headphones,Electronics,1,50,9.24
ORD002553,2024-07-13,C00855,South,P1002,Headphones,Electronics,1,50,7.68
ORD002554,2023-12-24,C00619,South,P2002,Sofa,Home Decor,1,600,155.75
ORD002555,2024-10-02,C00981,North,P3001,Shirt,Apparel,1,30,7.96
ORD002556,2023-12-09,C00343,North,P4001,Milk,Grocery,1,3,0.62
ORD002557,2023-11-16,C00926,North,P2002,Sofa,Home Decor,1,600,101.25
ORD002558,2025-08-26,C00252,South,P2002,Sofa,Home Decor,1,600,164.08
ORD002559,2025-08-12,C00875,North,P3001,Shirt,Apparel,1,30,5.5
ORD002560,2024-08-27,C00799,West,P1001,Smartphone,Electronics,2,600,128.34
ORD002561,2025-06-21,C00684,West,P2002,Sofa,Home Decor,1,600,116.41
ORD002562,2025-07-23,C00925,East,P1002,Headphones,Electronics,1,50,10.73
ORD002563,2025-01-22,C00784,East,P4002,Coffee,Grocery,1,10,2.19
ORD002564,2023-12-29,C00168,North,P2002,Sofa,Home Decor,3,1800,535.85
ORD002565,2024-01-20,C00591,West,P2002,Sofa,Home Decor,3,1800,591.11
ORD002566,2024-10-26,C00582,North,P3001,Shirt,Apparel,1,30,9.39
ORD002567,2024-03-23,C00315,North,P4002,Coffee,Grocery,1,10,2.45
ORD002568,2025-06-15,C00145,North,P4001,Milk,Grocery,2,6,1.99
ORD002569,2024-07-24,C00923,South,P2001,Lamp,Home Decor,1,25,4.08
ORD002570,2024-12-07,C00483,East,P2001,Lamp,Home Decor,1,25,6.24
ORD002571,2025-09-05,C00087,West,P1002,Headphones,Electronics,1,50,15.89
ORD002572,2024-03-24,C00738,West,P2002,Sofa,Home Decor,1,600,190.89
ORD002573,2024-05-13,C00765,East,P4002,Coffee,Grocery,1,10,3.49
ORD002574,2023-12-12,C00531,North,P1002,Headphones,Electronics,1,50,8.05
ORD002575,2024-04-05,C00464,South,P3001,Shirt,Apparel,1,30,8.4
ORD002576,2025-05-12,C00833,West,P1001,Smartphone,Electronics,2,600,155.11
ORD002577,2024-12-10,C00706,West,P3002,Shoes,Apparel,1,70,24.08
ORD002578,2024-07-23,C00469,South,P2002,Sofa,Home Decor,1,600,133.47
ORD002579,2025-04-30,C00138,West,P2002,Sofa,Home Decor,3,1800,412.53
ORD002580,2024-09-17,C00168,East,P4001,Milk,Grocery,1,3,0.93
ORD002581,2024-07-18,C00870,East,P4001,Milk,Grocery,3,9,2.83
ORD002582,2025-01-20,C00911,North,P3002,Shoes,Apparel,1,70,17.17
ORD002583,2024-12-06,C00016,West,P4002,Coffee,Grocery,2,20,3.96
ORD002584,2024-06-18,C00620,East,P4001,Milk,Grocery,2,6,1.01
ORD002585,2024-12-14,C00475,North,P2001,Lamp,Home Decor,1,25,8.04
ORD002586,2024-07-12,C00664,East,P3001,Shirt,Apparel,1,30,7.95
ORD002587,2024-11-08,C00255,North,P1002,Headphones,Electronics,2,100,29.08
ORD002588,2024-08-21,C00941,South,P1001,Smartphone,Electronics,2,600,171.88
ORD002589,2024-05-25,C00389,North,P2001,Lamp,Home Decor,2,50,9.12
ORD002590,2025-05-17,C00755,North,P3001,Shirt,Apparel,2,60,18.04
ORD002591,2025-09-30,C00822,South,P4002,Coffee,Grocery,1,10,1.18
ORD002592,2024-05-12,C00628,West,P4002,Coffee,Grocery,2,20,2.6
ORD002593,2025-06-24,C00452,South,P1001,Smartphone,Electronics,1,300,100.24
ORD002594,2023-11-07,C00167,South,P4002,Coffee,Grocery,1,10,1.4
ORD002595,2024-01-21,C00401,North,P4001,Milk,Grocery,1,3,0.52
ORD002596,2024-07-17,C00828,East,P1001,Smartphone,Electronics,1,300,66.98
ORD002597,2025-04-25,C00963,West,P1002,Headphones,Electronics,1,50,11.75
ORD002598,2025-01-01,C00300,East,P1001,Smartphone,Electronics,1,300,72.19
ORD002599,2024-10-30,C00770,North,P2001,Lamp,Home Decor,3,75,23.67
ORD002600,2024-01-24,C00160,North,P3002,Shoes,Apparel,1,70,22.4
ORD002601,2025-07-13,C00443,South,P3002,Shoes,Apparel,3,210,42.83
ORD002602,2024-04-25,C00068,North,P4002,Coffee,Grocery,3,30,4.87
ORD002603,2024-03-19,C00174,West,P2002,Sofa,Home Decor,1,600,100.28
ORD002604,2025-02-19,C00304,North,P1001,Smartphone,Electronics,2,600,131.26
ORD002605,2025-06-18,C00762,South,P2001,Lamp,Home Decor,1,25,5.03
ORD002606,2025-01-11,C00102,East,P3001,Shirt,Apparel,1,30,4.28
ORD002607,2024-08-24,C00125,South,P4002,Coffee,Grocery,1,10,2.02
ORD002608,2024-03-08,C00162,South,P1002,Headphones,Electronics,2,100,14.63
ORD002609,2024-05-16,C00843,North,P2002,Sofa,Home Decor,1,600,85.37
ORD002610,2024-10-14,C00124,North,P1002,Headphones,Electronics,1,50,8.98
ORD002611,2025-03-09,C00275,South,P1002,Headphones,Electronics,3,150,38.92
ORD002612,2024-09-08,C00042,North,P4002,Coffee,Grocery,1,10,2.24
ORD002613,2025-02-17,C00821,West,P2001,Lamp,Home Decor,1,25,4.19
ORD002614,2025-05-02,C00062,East,P4001,Milk,Grocery,1,3,0.32
ORD002615,2023-11-27,C00730,East,P1001,Smartphone,Electronics,1,300,44.99
ORD002616,2025-05-27,C00515,North,P2001,Lamp,Home Decor,3,75,7.66
ORD002617,2025-08-25,C00209,West,P1001,Smartphone,Electronics,1,300,38.55
ORD002618,2025-07-08,C00525,North,P1002,Headphones,Electronics,1,50,17.4
ORD002619,2024-03-10,C00047,West,P1001,Smartphone,Electronics,3,900,273.2
ORD002620,2024-05-05,C00377,South,P2002,Sofa,Home Decor,1,600,186.48
ORD002621,2024-04-23,C00436,West,P3002,Shoes,Apparel,1,70,19.93
ORD002622,2025-06-18,C00143,East,P2001,Lamp,Home Decor,1,25,5.08
ORD002623,2024-02-12,C00643,North,P2002,Sofa,Home Decor,1,600,131.45
ORD002624,2024-02-13,C00086,East,P3001,Shirt,Apparel,1,30,8.26
ORD002625,2023-11-19,C00489,North,P2001,Lamp,Home Decor,1,25,8.18
ORD002626,2025-08-30,C00459,West,P3001,Shirt,Apparel,1,30,7.74
ORD002627,2025-01-07,C00168,South,P3002,Shoes,Apparel,1,70,22.94
ORD002628,2025-01-23,C00196,North,P3001,Shirt,Apparel,1,30,7.0
ORD002629,2025-02-14,C00659,East,P3001,Shirt,Apparel,1,30,9.75
ORD002630,2024-09-28,C00731,North,P2002,Sofa,Home Decor,1,600,127.26
ORD002631,2024-09-28,C00156,East,P1001,Smartphone,Electronics,1,300,39.19
ORD002632,2024-08-20,C00424,South,P4002,Coffee,Grocery,1,10,2.99
ORD002633,2025-10-13,C00277,West,P2002,Sofa,Home Decor,1,600,134.43
ORD002634,2024-02-25,C00559,South,P4002,Coffee,Grocery,1,10,3.1
ORD002635,2025-04-14,C00956,North,P2002,Sofa,Home Decor,1,600,197.23
ORD002636,2025-02-09,C00347,West,P3002,Shoes,Apparel,1,70,16.35
ORD002637,2024-11-17,C00636,North,P2002,Sofa,Home Decor,1,600,97.28
ORD002638,2024-10-11,C00550,East,P4001,Milk,Grocery,2,6,1.74
ORD002639,2024-03-02,C00215,North,P2001,Lamp,Home Decor,2,50,6.62
ORD002640,2025-03-05,C00120,West,P4001,Milk,Grocery,1,3,0.55
ORD002641,2025-07-21,C00645,North,P1001,Smartphone,Electronics,1,300,52.23
ORD002642,2024-11-17,C00584,North,P4002,Coffee,Grocery,1,10,1.55
ORD002643,2024-02-20,C00869,West,P4001,Milk,Grocery,1,3,0.59
ORD002644,2025-02-28,C00273,East,P1001,Smartphone,Electronics,3,900,235.05
ORD002645,2025-01-16,C00550,North,P2002,Sofa,Home Decor,1,600,122.7
ORD002646,2025-07-31,C00233,West,P4002,Coffee,Grocery,2,20,6.67
ORD002647,2024-09-09,C00554,East,P3001,Shirt,Apparel,1,30,9.15
ORD002648,2024-08-15,C00255,South,P2002,Sofa,Home Decor,2,1200,410.71
ORD002649,2025-09-10,C00441,North,P1001,Smartphone,Electronics,1,300,101.15
ORD002650,2025-08-02,C00972,West,P3001,Shirt,Apparel,1,30,7.06
ORD002651,2025-04-10,C00027,East,P1001,Smartphone,Electronics,1,300,67.13
ORD002652,2024-10-11,C00384,South,P4002,Coffee,Grocery,1,10,1.45
ORD002653,2023-10-23,C00619,West,P1002,Headphones,Electronics,2,100,14.12
ORD002654,2024-03-18,C00513,North,P4002,Coffee,Grocery,1,10,2.78
ORD002655,2024-03-29,C00952,East,P1002,Headphones,Electronics,1,50,6.25
ORD002656,2025-03-07,C00820,South,P1001,Smartphone,Electronics,3,900,170.07
ORD002657,2025-10-06,C00594,East,P2001,Lamp,Home Decor,2,50,12.7
ORD002658,2025-07-08,C00115,East,P2001,Lamp,Home Decor,1,25,8.61
ORD002659,2023-12-31,C00623,East,P1002,Headphones,Electronics,1,50,15.12
ORD002660,2024-04-01,C00640,North,P4002,Coffee,Grocery,3,30,6.98
ORD002661,2023-12-22,C00117,South,P3001,Shirt,Apparel,1,30,7.75
ORD002662,2025-07-02,C00568,North,P1002,Headphones,Electronics,1,50,9.3
ORD002663,2025-09-02,C00218,West,P2001,Lamp,Home Decor,2,50,14.52
ORD002664,2024-06-12,C00057,North,P2001,Lamp,Home Decor,1,25,8.0
ORD002665,2025-03-07,C00218,West,P3002,Shoes,Apparel,2,140,17.93
ORD002666,2023-11-30,C00565,South,P4001,Milk,Grocery,2,6,1.04
ORD002667,2025-05-03,C00776,South,P1001,Smartphone,Electronics,2,600,84.4
ORD002668,2024-03-26,C00025,South,P1001,Smartphone,Electronics,1,300,38.51
ORD002669,2025-05-30,C00467,South,P3001,Shirt,Apparel,1,30,5.14
ORD002670,2024-09-29,C00106,West,P4001,Milk,Grocery,2,6,0.97
ORD002671,2023-11-10,C00879,West,P2002,Sofa,Home Decor,2,1200,177.53
ORD002672,2024-01-26,C00908,East,P3001,Shirt,Apparel,2,60,13.4
ORD002673,2025-08-29,C00868,East,P2001,Lamp,Home Decor,1,25,7.98
ORD002674,2024-01-04,C00679,North,P1001,Smartphone,Electronics,1,300,103.98
ORD002675,2024-07-31,C00712,West,P4001,Milk,Grocery,1,3,0.96
ORD002676,2024-07-21,C00213,North,P2001,Lamp,Home Decor,1,25,4.62
ORD002677,2025-01-08,C00603,West,P3002,Shoes,Apparel,3,210,33.36
ORD002678,2025-03-01,C00950,North,P3002,Shoes,Apparel,1,70,20.37
ORD002679,2023-10-27,C00426,East,P2002,Sofa,Home Decor,1,600,63.39
ORD002680,2023-10-29,C00927,South,P2001,Lamp,Home Decor,2,50,5.14
ORD002681,2024-09-13,C00917,West,P1001,Smartphone,Electronics,1,300,47.42
ORD002682,2024-12-01,C00310,North,P3001,Shirt,Apparel,1,30,3.65
ORD002683,2024-04-07,C00541,West,P2002,Sofa,Home Decor,2,1200,153.12
ORD002684,2025-01-18,C00606,South,P3001,Shirt,Apparel,1,30,8.78
ORD002685,2024-07-03,C00967,South,P3002,Shoes,Apparel,1,70,23.18
ORD002686,2025-04-24,C00025,North,P4001,Milk,Grocery,1,3,1.04
ORD002687,2025-01-22,C00826,West,P2002,Sofa,Home Decor,1,600,186.63
ORD002688,2024-10-30,C00427,North,P1002,Headphones,Electronics,1,50,16.56
ORD002689,2025-07-28,C00941,South,P1001,Smartphone,Electronics,1,300,52.31
ORD002690,2024-08-30,C00950,West,P3001,Shirt,Apparel,1,30,4.23
ORD002691,2025-01-12,C00846,West,P4002,Coffee,Grocery,1,10,1.26
ORD002692,2023-12-07,C00556,North,P4001,Milk,Grocery,3,9,0.93
ORD002693,2023-12-28,C00180,North,P4002,Coffee,Grocery,2,20,3.62
ORD002694,2025-09-27,C00016,East,P2002,Sofa,Home Decor,2,1200,204.91
ORD002695,2024-08-23,C00409,East,P4002,Coffee,Grocery,2,20,3.28
ORD002696,2024-01-31,C00498,South,P3001,Shirt,Apparel,1,30,10.43
ORD002697,2024-10-23,C00324,South,P1002,Headphones,Electronics,1,50,14.2
ORD002698,2024-04-12,C00301,West,P2002,Sofa,Home Decor,1,600,167.33
ORD002699,2025-02-25,C00534,North,P3001,Shirt,Apparel,1,30,5.7
ORD002700,2025-06-03,C00956,South,P4002,Coffee,Grocery,1,10,1.42
ORD002701,2024-08-22,C00563,North,P2001,Lamp,Home Decor,2,50,17.24
ORD002702,2025-05-05,C00963,West,P1001,Smartphone,Electronics,1,300,81.66
ORD002703,2024-08-12,C00163,South,P2002,Sofa,Home Decor,1,600,180.65
ORD002704,2025-01-28,C00500,West,P4001,Milk,Grocery,1,3,0.3
ORD002705,2023-12-22,C00984,East,P3001,Shirt,Apparel,1,30,6.76
ORD002706,2023-11-25,C00766,North,P3001,Shirt,Apparel,1,30,9.24
ORD002707,2024-08-12,C00295,South,P1001,Smartphone,Electronics,1,300,62.08
ORD002708,2024-03-10,C00566,West,P3001,Shirt,Apparel,1,30,3.71
ORD002709,2024-04-14,C00294,East,P3002,Shoes,Apparel,3,210,40.84
ORD002710,2024-01-23,C00963,North,P4001,Milk,Grocery,1,3,0.33
ORD002711,2024-09-13,C00767,South,P2002,Sofa,Home Decor,1,600,139.85
ORD002712,2025-04-22,C00596,South,P4001,Milk,Grocery,2,6,0.93
ORD002713,2023-11-02,C00446,West,P3001,Shirt,Apparel,2,60,13.94
ORD002714,2025-07-03,C00960,East,P1002,Headphones,Electronics,1,50,17.08
ORD002715,2024-05-30,C00204,West,P3002,Shoes,Apparel,1,70,15.06
ORD002716,2025-05-15,C00802,East,P2002,Sofa,Home Decor,1,600,113.62
ORD002717,2024-08-08,C00035,East,P1002,Headphones,Electronics,3,150,28.62
ORD002718,2024-08-28,C00590,East,P4002,Coffee,Grocery,1,10,2.51
ORD002719,2024-09-01,C00979,West,P1001,Smartphone,Electronics,1,300,74.49
ORD002720,2024-04-30,C00254,South,P4002,Coffee,Grocery,1,10,2.97
ORD002721,2025-08-31,C00086,South,P2002,Sofa,Home Decor,1,600,81.84
ORD002722,2024-08-08,C00065,East,P1002,Headphones,Electronics,2,100,12.45
ORD002723,2025-08-08,C00066,North,P2001,Lamp,Home Decor,2,50,12.97
ORD002724,2025-04-23,C00618,North,P3001,Shirt,Apparel,1,30,5.06
ORD002725,2024-09-21,C00520,North,P1002,Headphones,Electronics,1,50,15.41
ORD002726,2025-04-24,C00603,West,P4001,Milk,Grocery,1,3,0.8
ORD002727,2024-11-14,C00680,North,P1002,Headphones,Electronics,1,50,16.14
ORD002728,2024-10-11,C00055,South,P2001,Lamp,Home Decor,1,25,7.95
ORD002729,2024-06-02,C00662,South,P1001,Smartphone,Electronics,1,300,58.51
ORD002730,2025-07-12,C00739,South,P1002,Headphones,Electronics,1,50,8.15
ORD002731,2024-05-22,C00809,East,P3002,Shoes,Apparel,1,70,16.58
ORD002732,2025-09-01,C00572,West,P3001,Shirt,Apparel,1,30,6.16
ORD002733,2024-11-13,C00552,North,P2001,Lamp,Home Decor,1,25,4.72
ORD002734,2025-03-08,C00786,North,P1002,Headphones,Electronics,1,50,7.81
ORD002735,2023-12-31,C00378,North,P3002,Shoes,Apparel,1,70,13.57
ORD002736,2025-08-31,C00076,North,P3002,Shoes,Apparel,1,70,10.28
ORD002737,2024-03-30,C00290,East,P2002,Sofa,Home Decor,2,1200,171.28
ORD002738,2024-01-12,C00900,East,P3001,Shirt,Apparel,1,30,9.21
ORD002739,2025-09-15,C00369,North,P2002,Sofa,Home Decor,1,600,170.58
ORD002740,2023-11-11,C00027,North,P4002,Coffee,Grocery,1,10,2.12
ORD002741,2025-07-13,C00422,South,P1002,Headphones,Electronics,2,100,27.2
ORD002742,2025-08-26,C00606,East,P1001,Smartphone,Electronics,3,900,185.19
ORD002743,2025-06-01,C00899,West,P2001,Lamp,Home Decor,1,25,7.14
ORD002744,2024-10-01,C00337,East,P2001,Lamp,Home Decor,2,50,10.34
ORD002745,2025-05-20,C00101,South,P2002,Sofa,Home Decor,1,600,83.74
ORD002746,2024-07-01,C00458,East,P4001,Milk,Grocery,1,3,0.99
ORD002747,2025-06-28,C00979,West,P3001,Shirt,Apparel,3,90,9.42
ORD002748,2025-06-02,C00296,South,P1002,Headphones,Electronics,2,100,14.83
ORD002749,2025-09-27,C00149,East,P1002,Headphones,Electronics,1,50,9.7
ORD002750,2025-01-19,C00221,North,P4002,Coffee,Grocery,2,20,6.94
ORD002751,2024-11-06,C00494,West,P3001,Shirt,Apparel,1,30,4.21
ORD002752,2025-04-05,C00175,South,P1002,Headphones,Electronics,1,50,16.52
ORD002753,2025-05-17,C00834,South,P3001,Shirt,Apparel,1,30,7.81
ORD002754,2025-04-26,C00899,North,P3001,Shirt,Apparel,1,30,9.53
ORD002755,2025-10-14,C00941,West,P4002,Coffee,Grocery,1,10,2.86
ORD002756,2024-04-17,C00467,East,P2001,Lamp,Home Decor,1,25,4.95
ORD002757,2025-02-05,C00794,South,P3002,Shoes,Apparel,1,70,13.79
ORD002758,2025-08-22,C00620,South,P3001,Shirt,Apparel,1,30,4.06
ORD002759,2025-04-22,C00791,North,P2001,Lamp,Home Decor,1,25,4.56
ORD002760,2025-08-15,C00892,North,P1001,Smartphone,Electronics,1,300,98.58
ORD002761,2023-11-11,C00974,East,P2001,Lamp,Home Decor,1,25,4.28
ORD002762,2024-12-23,C00547,South,P2001,Lamp,Home Decor,1,25,4.22
ORD002763,2024-12-04,C00725,South,P2001,Lamp,Home Decor,1,25,7.79
ORD002764,2024-04-24,C00819,East,P2001,Lamp,Home Decor,3,75,17.31
ORD002765,2024-03-02,C00373,West,P1001,Smartphone,Electronics,2,600,177.11
ORD002766,2025-08-31,C00142,South,P2002,Sofa,Home Decor,1,600,196.74
ORD002767,2025-03-26,C00010,West,P4002,Coffee,Grocery,1,10,2.13
ORD002768,2025-08-08,C00913,South,P3001,Shirt,Apparel,1,30,4.63
ORD002769,2024-02-29,C00869,South,P4002,Coffee,Grocery,1,10,2.2
ORD002770,2024-10-21,C00793,East,P3001,Shirt,Apparel,2,60,7.1
ORD002771,2023-12-24,C00050,West,P2002,Sofa,Home Decor,2,1200,258.7
ORD002772,2024-10-17,C00764,West,P3001,Shirt,Apparel,1,30,4.22
ORD002773,2024-06-03,C00060,West,P4002,Coffee,Grocery,1,10,1.47
ORD002774,2025-03-28,C00448,South,P2002,Sofa,Home Decor,1,600,186.3
ORD002775,2024-05-01,C00215,East,P3001,Shirt,Apparel,2,60,15.07
ORD002776,2025-09-29,C00767,West,P3001,Shirt,Apparel,1,30,5.97
ORD002777,2024-04-25,C00217,North,P3002,Shoes,Apparel,1,70,21.91
ORD002778,2024-01-22,C00334,East,P4002,Coffee,Grocery,1,10,1.87
ORD002779,2024-02-12,C00165,South,P4001,Milk,Grocery,1,3,1.0
ORD002780,2024-11-25,C00451,West,P2002,Sofa,Home Decor,1,600,176.94
ORD002781,2024-03-11,C00257,North,P3002,Shoes,Apparel,1,70,11.25
ORD002782,2024-09-13,C00059,East,P4002,Coffee,Grocery,1,10,3.35
ORD002783,2024-03-06,C00834,East,P1001,Smartphone,Electronics,3,900,303.18
ORD002784,2023-12-26,C00693,West,P2001,Lamp,Home Decor,2,50,5.56
ORD002785,2025-07-19,C00107,South,P4001,Milk,Grocery,1,3,0.87
ORD002786,2024-04-23,C00327,East,P1001,Smartphone,Electronics,1,300,81.1
ORD002787,2024-09-26,C00757,West,P1002,Headphones,Electronics,1,50,17.44
ORD002788,2024-11-19,C00393,South,P2001,Lamp,Home Decor,1,25,8.16
ORD002789,2025-06-01,C00916,North,P2002,Sofa,Home Decor,3,1800,424.06
ORD002790,2024-03-10,C00769,North,P2002,Sofa,Home Decor,1,600,64.96
ORD002791,2024-08-06,C00834,West,P1001,Smartphone,Electronics,1,300,68.81
ORD002792,2025-09-29,C00316,North,P3001,Shirt,Apparel,1,30,8.34
ORD002793,2023-12-05,C00676,North,P2002,Sofa,Home Decor,1,600,122.21
ORD002794,2025-04-17,C00626,South,P3002,Shoes,Apparel,2,140,48.0
ORD002795,2024-10-14,C00647,South,P1001,Smartphone,Electronics,1,300,89.23
ORD002796,2024-12-11,C00932,West,P3001,Shirt,Apparel,3,90,21.01
ORD002797,2024-07-21,C00640,South,P3002,Shoes,Apparel,1,70,8.46
ORD002798,2025-07-24,C00579,South,P3001,Shirt,Apparel,1,30,7.47
ORD002799,2024-09-30,C00349,South,P2002,Sofa,Home Decor,1,600,157.3
ORD002800,2024-07-08,C00403,North,P3001,Shirt,Apparel,1,30,4.49
ORD002801,2025-07-24,C00016,North,P2002,Sofa,Home Decor,2,1200,292.46
ORD002802,2025-07-16,C00284,North,P4002,Coffee,Grocery,1,10,1.62
ORD002803,2023-12-11,C00750,North,P3001,Shirt,Apparel,3,90,11.67
ORD002804,2025-07-21,C00320,West,P1001,Smartphone,Electronics,2,600,113.78
ORD002805,2024-12-13,C00948,South,P4002,Coffee,Grocery,2,20,6.96
ORD002806,2024-06-24,C00373,North,P3001,Shirt,Apparel,1,30,8.92
ORD002807,2024-11-12,C00732,East,P1001,Smartphone,Electronics,1,300,74.33
ORD002808,2024-02-20,C00071,South,P1001,Smartphone,Electronics,3,900,102.54
ORD002809,2024-02-29,C00130,West,P4001,Milk,Grocery,3,9,2.86
ORD002810,2024-08-06,C00869,North,P4001,Milk,Grocery,1,3,0.42
ORD002811,2025-01-24,C00474,South,P1001,Smartphone,Electronics,1,300,79.91
ORD002812,2024-07-19,C00520,East,P4001,Milk,Grocery,1,3,0.62
ORD002813,2025-05-08,C00954,South,P3001,Shirt,Apparel,1,30,8.76
ORD002814,2024-12-13,C00706,West,P1001,Smartphone,Electronics,1,300,45.74
ORD002815,2024-07-08,C00459,North,P3001,Shirt,Apparel,1,30,6.14
ORD002816,2024-06-26,C00034,South,P4002,Coffee,Grocery,1,10,2.06
ORD002817,2024-03-01,C00691,West,P4001,Milk,Grocery,3,9,1.39
ORD002818,2024-11-10,C00063,West,P3001,Shirt,Apparel,2,60,18.06
ORD002819,2025-07-02,C00952,South,P4001,Milk,Grocery,1,3,0.45
ORD002820,2024-04-30,C00784,North,P2001,Lamp,Home Decor,2,50,14.12
ORD002821,2023-10-21,C00361,North,P1002,Headphones,Electronics,1,50,7.75
ORD002822,2024-10-03,C00307,West,P3001,Shirt,Apparel,1,30,5.8
ORD002823,2024-08-05,C00963,South,P3001,Shirt,Apparel,3,90,16.73
ORD002824,2025-02-04,C00596,West,P1001,Smartphone,Electronics,1,300,42.64
ORD002825,2024-08-08,C00456,East,P4002,Coffee,Grocery,1,10,1.32
ORD002826,2023-12-16,C00534,West,P3002,Shoes,Apparel,1,70,23.42
ORD002827,2024-03-10,C00304,West,P1001,Smartphone,Electronics,1,300,98.08
ORD002828,2025-09-29,C00253,North,P3001,Shirt,Apparel,2,60,15.07
ORD002829,2025-02-16,C00354,East,P1002,Headphones,Electronics,1,50,12.24
ORD002830,2024-01-10,C00620,North,P1001,Smartphone,Electronics,2,600,194.02
ORD002831,2025-10-16,C00444,East,P1001,Smartphone,Electronics,3,900,292.08
ORD002832,2025-02-01,C00557,West,P4001,Milk,Grocery,1,3,0.65
ORD002833,2024-06-14,C00908,North,P4001,Milk,Grocery,2,6,1.62
ORD002834,2023-12-02,C00916,East,P4002,Coffee,Grocery,1,10,2.65
ORD002835,2024-09-10,C00796,South,P4002,Coffee,Grocery,1,10,1.67
ORD002836,2025-08-31,C00179,East,P1002,Headphones,Electronics,1,50,16.6
ORD002837,2025-10-09,C00724,East,P1002,Headphones,Electronics,1,50,7.08
ORD002838,2023-11-25,C00297,West,P1002,Headphones,Electronics,2,100,30.04
ORD002839,2024-05-08,C00646,South,P2001,Lamp,Home Decor,1,25,6.07
ORD002840,2024-07-03,C00629,North,P1002,Headphones,Electronics,1,50,9.53
ORD002841,2023-12-08,C00837,South,P1002,Headphones,Electronics,1,50,14.37
ORD002842,2025-05-06,C00015,East,P2001,Lamp,Home Decor,1,25,7.7
ORD002843,2024-12-25,C00035,South,P1001,Smartphone,Electronics,1,300,43.97
ORD002844,2025-06-23,C00531,West,P3001,Shirt,Apparel,1,30,7.62
ORD002845,2024-03-05,C00935,North,P4002,Coffee,Grocery,1,10,1.78
ORD002846,2024-09-11,C00687,South,P2001,Lamp,Home Decor,1,25,3.87
ORD002847,2023-12-13,C00121,East,P4001,Milk,Grocery,1,3,0.91
ORD002848,2024-06-15,C00966,West,P3002,Shoes,Apparel,3,210,46.47
ORD002849,2025-01-08,C00818,North,P1001,Smartphone,Electronics,2,600,194.63
ORD002850,2023-10-21,C00864,West,P3001,Shirt,Apparel,1,30,8.15
ORD002851,2024-09-04,C00635,East,P1002,Headphones,Electronics,1,50,12.59
ORD002852,2025-08-02,C00083,West,P4001,Milk,Grocery,1,3,1.0
ORD002853,2025-04-17,C00132,North,P2002,Sofa,Home Decor,2,1200,385.82
ORD002854,2024-06-26,C00799,East,P4002,Coffee,Grocery,1,10,1.08
ORD002855,2024-08-04,C00021,South,P4002,Coffee,Grocery,1,10,1.6
ORD002856,2024-02-23,C00743,West,P3002,Shoes,Apparel,1,70,20.11
ORD002857,2024-02-24,C00511,West,P2002,Sofa,Home Decor,1,600,170.41
ORD002858,2023-12-06,C00406,West,P1001,Smartphone,Electronics,1,300,73.45
ORD002859,2024-04-24,C00770,North,P1001,Smartphone,Electronics,1,300,103.17
ORD002860,2024-12-06,C00107,North,P4002,Coffee,Grocery,1,10,1.86
ORD002861,2025-06-13,C00806,North,P1001,Smartphone,Electronics,2,600,190.01
ORD002862,2024-09-03,C00346,East,P1001,Smartphone,Electronics,1,300,46.87
ORD002863,2025-04-28,C00893,East,P4002,Coffee,Grocery,1,10,1.29
ORD002864,2024-08-15,C00848,North,P4001,Milk,Grocery,2,6,2.08
ORD002865,2025-02-08,C00276,West,P2002,Sofa,Home Decor,1,600,129.87
ORD002866,2025-10-05,C00752,South,P2002,Sofa,Home Decor,1,600,127.14
ORD002867,2024-11-12,C00658,West,P1002,Headphones,Electronics,3,150,35.13
ORD002868,2025-01-25,C00719,North,P4001,Milk,Grocery,1,3,0.47
ORD002869,2025-09-19,C00020,South,P3001,Shirt,Apparel,1,30,9.58
ORD002870,2025-02-14,C00165,South,P2001,Lamp,Home Decor,2,50,16.7
ORD002871,2023-10-20,C00755,East,P3002,Shoes,Apparel,1,70,12.9
ORD002872,2023-10-21,C00643,East,P4001,Milk,Grocery,1,3,0.63
ORD002873,2023-12-27,C00828,East,P1001,Smartphone,Electronics,3,900,94.76
ORD002874,2024-04-12,C00718,South,P4002,Coffee,Grocery,1,10,1.08
ORD002875,2024-05-20,C00958,North,P3002,Shoes,Apparel,1,70,8.1
ORD002876,2025-02-12,C00124,West,P4002,Coffee,Grocery,1,10,1.4
ORD002877,2024-09-26,C00191,South,P1001,Smartphone,Electronics,3,900,307.22
ORD002878,2024-03-06,C00849,South,P4001,Milk,Grocery,2,6,0.96
ORD002879,2023-11-13,C00407,North,P2002,Sofa,Home Decor,1,600,133.32
ORD002880,2025-05-05,C00948,East,P3002,Shoes,Apparel,2,140,21.79
ORD002881,2024-11-13,C00558,North,P1001,Smartphone,Electronics,1,300,77.5
ORD002882,2025-09-14,C00891,North,P3001,Shirt,Apparel,1,30,8.28
ORD002883,2024-03-20,C00768,South,P3002,Shoes,Apparel,1,70,18.71
ORD002884,2025-02-01,C00027,South,P2001,Lamp,Home Decor,1,25,7.21
ORD002885,2025-01-29,C00363,East,P1001,Smartphone,Electronics,1,300,78.26
ORD002886,2025-07-20,C00462,West,P4001,Milk,Grocery,2,6,1.34
ORD002887,2025-04-11,C00722,West,P3002,Shoes,Apparel,1,70,14.61
ORD002888,2025-06-19,C00484,West,P4002,Coffee,Grocery,1,10,2.15
ORD002889,2025-04-21,C00046,West,P2002,Sofa,Home Decor,1,600,184.11
ORD002890,2025-01-14,C00438,West,P4001,Milk,Grocery,1,3,0.32
ORD002891,2024-02-21,C00788,South,P4001,Milk,Grocery,2,6,1.16
ORD002892,2024-10-08,C00281,West,P4002,Coffee,Grocery,2,20,4.6
ORD002893,2025-06-03,C00053,South,P2002,Sofa,Home Decor,1,600,86.61
ORD002894,2024-10-20,C00469,West,P4002,Coffee,Grocery,1,10,2.99
ORD002895,2024-07-04,C00201,North,P2002,Sofa,Home Decor,1,600,125.13
ORD002896,2025-04-06,C00652,East,P2001,Lamp,Home Decor,1,25,6.35
ORD002897,2024-07-10,C00177,West,P4002,Coffee,Grocery,1,10,1.08
ORD002898,2024-07-13,C00214,North,P4001,Milk,Grocery,1,3,0.67
ORD002899,2024-03-21,C00461,South,P1002,Headphones,Electronics,1,50,7.84
ORD002900,2024-02-23,C00690,East,P3002,Shoes,Apparel,1,70,8.13
ORD002901,2024-10-13,C00962,East,P1002,Headphones,Electronics,1,50,10.5
ORD002902,2025-02-13,C00135,South,P4002,Coffee,Grocery,1,10,1.97
ORD002903,2024-01-17,C00047,West,P4002,Coffee,Grocery,1,10,1.37
ORD002904,2024-03-05,C00146,North,P4002,Coffee,Grocery,1,10,1.34
ORD002905,2024-04-09,C00816,North,P4002,Coffee,Grocery,1,10,2.7
ORD002906,2025-05-19,C00155,East,P2001,Lamp,Home Decor,2,50,17.32
ORD002907,2023-12-30,C00099,West,P4001,Milk,Grocery,1,3,0.69
ORD002908,2024-04-03,C00756,North,P2002,Sofa,Home Decor,2,1200,248.22
ORD002909,2025-03-13,C00984,North,P4002,Coffee,Grocery,2,20,2.84
ORD002910,2025-01-06,C00303,West,P3001,Shirt,Apparel,1,30,9.38
ORD002911,2024-06-06,C00471,North,P4001,Milk,Grocery,1,3,0.98
ORD002912,2025-10-03,C00541,South,P3002,Shoes,Apparel,1,70,9.91
ORD002913,2024-12-16,C00989,North,P4001,Milk,Grocery,1,3,0.84
ORD002914,2024-07-16,C00233,North,P4002,Coffee,Grocery,1,10,2.36
ORD002915,2024-02-25,C00276,West,P2001,Lamp,Home Decor,1,25,5.1
ORD002916,2024-01-04,C00123,East,P3001,Shirt,Apparel,1,30,9.45
ORD002917,2024-04-28,C00765,South,P3002,Shoes,Apparel,3,210,25.4
ORD002918,2025-08-21,C00428,South,P4002,Coffee,Grocery,2,20,3.37
ORD002919,2025-02-15,C00659,South,P3001,Shirt,Apparel,1,30,5.52
ORD002920,2024-01-19,C00933,East,P1001,Smartphone,Electronics,3,900,126.02
ORD002921,2024-09-11,C00597,North,P3001,Shirt,Apparel,2,60,19.97
ORD002922,2024-07-31,C00828,North,P4002,Coffee,Grocery,1,10,2.01
ORD002923,2024-06-12,C00750,East,P1002,Headphones,Electronics,1,50,16.18
ORD002924,2024-11-26,C00839,West,P4001,Milk,Grocery,1,3,0.81
ORD002925,2024-05-19,C00148,East,P1001,Smartphone,Electronics,2,600,198.93
ORD002926,2024-01-25,C00762,West,P2002,Sofa,Home Decor,1,600,119.69
ORD002927,2024-01-22,C00851,North,P3002,Shoes,Apparel,2,140,35.41
ORD002928,2024-05-24,C00794,East,P1002,Headphones,Electronics,1,50,16.53
ORD002929,2024-10-13,C00502,West,P2002,Sofa,Home Decor,1,600,150.56
ORD002930,2024-11-15,C00337,South,P4002,Coffee,Grocery,1,10,1.94
ORD002931,2025-05-22,C00328,North,P2002,Sofa,Home Decor,1,600,208.71
ORD002932,2025-01-15,C00310,East,P3002,Shoes,Apparel,1,70,17.83
ORD002933,2023-11-09,C00780,South,P2001,Lamp,Home Decor,1,25,8.02
ORD002934,2024-02-07,C00401,West,P1002,Headphones,Electronics,2,100,29.56
ORD002935,2025-08-01,C00736,East,P2002,Sofa,Home Decor,1,600,186.84
ORD002936,2024-04-12,C00762,South,P4002,Coffee,Grocery,1,10,1.92
ORD002937,2025-02-26,C00428,East,P3001,Shirt,Apparel,2,60,19.62
ORD002938,2025-02-09,C00594,North,P4001,Milk,Grocery,1,3,0.61
ORD002939,2024-11-22,C00440,West,P1001,Smartphone,Electronics,3,900,102.05
ORD002940,2024-11-02,C00245,East,P2001,Lamp,Home Decor,1,25,5.97
ORD002941,2024-08-14,C00049,South,P1001,Smartphone,Electronics,1,300,71.46
ORD002942,2024-06-21,C00444,East,P3002,Shoes,Apparel,1,70,20.76
ORD002943,2025-06-19,C00463,West,P1002,Headphones,Electronics,1,50,7.91
ORD002944,2025-01-28,C00653,West,P3001,Shirt,Apparel,1,30,7.6
ORD002945,2024-06-08,C00879,North,P3002,Shoes,Apparel,1,70,9.91
ORD002946,2024-08-20,C00343,South,P1002,Headphones,Electronics,3,150,44.27
ORD002947,2024-10-01,C00606,North,P3002,Shoes,Apparel,1,70,16.9
ORD002948,2025-02-01,C00016,West,P1002,Headphones,Electronics,2,100,34.38
ORD002949,2023-12-29,C00066,West,P3002,Shoes,Apparel,3,210,48.35
ORD002950,2024-10-18,C00974,West,P2002,Sofa,Home Decor,1,600,102.7
ORD002951,2025-08-30,C00102,South,P1001,Smartphone,Electronics,1,300,35.43
ORD002952,2024-03-17,C00775,South,P1002,Headphones,Electronics,2,100,13.92
ORD002953,2025-08-01,C00488,North,P3002,Shoes,Apparel,2,140,47.52
ORD002954,2024-03-19,C00540,South,P1001,Smartphone,Electronics,1,300,63.61
ORD002955,2025-04-29,C00092,East,P2002,Sofa,Home Decor,1,600,150.95
ORD002956,2025-08-04,C00620,East,P1001,Smartphone,Electronics,1,300,43.72
ORD002957,2024-06-24,C00157,West,P2001,Lamp,Home Decor,1,25,3.61
ORD002958,2025-05-16,C00803,West,P1002,Headphones,Electronics,2,100,11.24
ORD002959,2024-07-05,C00533,East,P1002,Headphones,Electronics,1,50,15.78
ORD002960,2025-01-04,C00213,West,P2001,Lamp,Home Decor,2,50,6.78
ORD002961,2025-03-14,C00201,North,P2002,Sofa,Home Decor,2,1200,385.91
ORD002962,2025-04-25,C00226,South,P1002,Headphones,Electronics,1,50,16.86
ORD002963,2024-02-11,C00152,West,P2001,Lamp,Home Decor,1,25,6.55
ORD002964,2025-07-18,C00697,West,P4002,Coffee,Grocery,1,10,3.42
ORD002965,2025-06-01,C00351,South,P2001,Lamp,Home Decor,1,25,8.58
ORD002966,2024-06-17,C00040,East,P4001,Milk,Grocery,1,3,0.33
ORD002967,2025-09-27,C00621,North,P1001,Smartphone,Electronics,2,600,177.78
ORD002968,2025-02-14,C00557,South,P2002,Sofa,Home Decor,1,600,89.03
ORD002969,2025-03-07,C00091,South,P2002,Sofa,Home Decor,1,600,122.74
ORD002970,2024-09-06,C00202,South,P2001,Lamp,Home Decor,1,25,5.5
ORD002971,2025-06-02,C00500,East,P3001,Shirt,Apparel,2,60,18.61
ORD002972,2024-11-21,C00068,West,P2001,Lamp,Home Decor,2,50,9.7
ORD002973,2025-10-08,C00779,North,P2001,Lamp,Home Decor,1,25,6.51
ORD002974,2025-04-12,C00443,East,P1002,Headphones,Electronics,1,50,14.17
ORD002975,2024-03-17,C00912,South,P1002,Headphones,Electronics,1,50,9.31
ORD002976,2024-07-22,C00312,West,P3002,Shoes,Apparel,1,70,13.01
ORD002977,2024-11-22,C00632,South,P3002,Shoes,Apparel,2,140,27.8
ORD002978,2024-10-18,C00524,East,P1001,Smartphone,Electronics,1,300,30.08
ORD002979,2024-08-10,C00734,South,P2001,Lamp,Home Decor,2,50,16.29
ORD002980,2024-02-22,C00614,North,P1002,Headphones,Electronics,1,50,6.81
ORD002981,2025-09-15,C00142,North,P3001,Shirt,Apparel,1,30,6.79
ORD002982,2024-09-22,C00259,East,P1001,Smartphone,Electronics,1,300,69.02
ORD002983,2024-07-13,C00839,East,P4002,Coffee,Grocery,1,10,1.9
ORD002984,2023-11-22,C00302,West,P1002,Headphones,Electronics,1,50,12.79
ORD002985,2024-03-07,C00507,South,P1001,Smartphone,Electronics,1,300,83.54
ORD002986,2024-04-29,C00432,West,P1001,Smartphone,Electronics,1,300,67.4
ORD002987,2024-10-16,C00669,East,P1001,Smartphone,Electronics,1,300,82.1
ORD002988,2025-09-29,C00888,South,P2001,Lamp,Home Decor,1,25,6.29
ORD002989,2024-09-08,C00666,South,P4002,Coffee,Grocery,3,30,7.71
ORD002990,2024-11-03,C00656,North,P1002,Headphones,Electronics,1,50,14.96
ORD002991,2024-08-22,C00256,South,P2001,Lamp,Home Decor,1,25,3.54
ORD002992,2025-05-28,C00446,North,P3001,Shirt,Apparel,1,30,7.51
ORD002993,2025-03-04,C00407,East,P2002,Sofa,Home Decor,1,600,170.87
ORD002994,2025-04-26,C00567,North,P2002,Sofa,Home Decor,2,1200,335.76
ORD002995,2024-04-02,C00793,South,P4002,Coffee,Grocery,1,10,1.63
ORD002996,2024-04-13,C00167,North,P1001,Smartphone,Electronics,1,300,63.19
ORD002997,2025-05-27,C00710,West,P1001,Smartphone,Electronics,1,300,71.84
ORD002998,2024-12-25,C00646,East,P3001,Shirt,Apparel,2,60,14.01
ORD002999,2025-02-19,C00030,South,P3002,Shoes,Apparel,1,70,9.21
ORD003000,2025-04-21,C00030,North,P2001,Lamp,Home Decor,1,25,2.94
ORD003001,2024-06-15,C00655,South,P3002,Shoes,Apparel,2,140,40.56
ORD003002,2024-03-26,C00021,North,P2002,Sofa,Home Decor,1,600,179.36
ORD003003,2023-11-07,C00421,West,P1001,Smartphone,Electronics,1,300,72.2
ORD003004,2024-06-14,C00625,West,P3002,Shoes,Apparel,2,140,16.32
ORD003005,2024-01-03,C00959,North,P1001,Smartphone,Electronics,3,900,182.13
ORD003006,2024-12-28,C00823,East,P4001,Milk,Grocery,1,3,0.46
ORD003007,2024-08-29,C00219,East,P3002,Shoes,Apparel,1,70,17.08
ORD003008,2024-03-14,C00942,South,P4001,Milk,Grocery,1,3,0.58
ORD003009,2024-12-27,C00148,West,P1001,Smartphone,Electronics,1,300,102.85
ORD003010,2024-10-16,C00982,North,P2001,Lamp,Home Decor,1,25,8.38
ORD003011,2025-02-09,C00079,North,P1001,Smartphone,Electronics,2,600,187.54
ORD003012,2025-10-03,C00474,South,P4002,Coffee,Grocery,1,10,1.63
ORD003013,2024-11-16,C00789,West,P2001,Lamp,Home Decor,1,25,4.71
ORD003014,2025-01-20,C00236,West,P3002,Shoes,Apparel,1,70,18.42
ORD003015,2025-05-30,C00071,West,P3002,Shoes,Apparel,2,140,28.34
ORD003016,2024-08-19,C00293,South,P1001,Smartphone,Electronics,1,300,80.84
ORD003017,2024-06-21,C00380,East,P2002,Sofa,Home Decor,1,600,194.35
ORD003018,2024-12-06,C00357,East,P4001,Milk,Grocery,1,3,0.72
ORD003019,2025-07-02,C00443,South,P1002,Headphones,Electronics,1,50,15.75
ORD003020,2024-11-06,C00570,West,P2002,Sofa,Home Decor,1,600,162.02
ORD003021,2024-10-31,C00894,North,P4002,Coffee,Grocery,1,10,1.52
ORD003022,2024-09-21,C00043,North,P3001,Shirt,Apparel,1,30,9.93
ORD003023,2024-08-04,C00944,East,P4001,Milk,Grocery,2,6,1.72
ORD003024,2025-05-31,C00905,North,P3001,Shirt,Apparel,2,60,9.85
ORD003025,2025-06-14,C00728,West,P3001,Shirt,Apparel,1,30,6.83
ORD003026,2024-04-05,C00419,West,P2002,Sofa,Home Decor,3,1800,599.91
ORD003027,2025-10-02,C00208,West,P3002,Shoes,Apparel,1,70,17.76
ORD003028,2023-10-20,C00854,South,P4001,Milk,Grocery,1,3,0.53
ORD003029,2024-08-07,C00174,East,P3002,Shoes,Apparel,1,70,16.18
ORD003030,2024-12-27,C00258,West,P4002,Coffee,Grocery,1,10,1.76
ORD003031,2025-09-06,C00667,East,P2002,Sofa,Home Decor,3,1800,379.78
ORD003032,2025-01-17,C00818,North,P1001,Smartphone,Electronics,2,600,85.19
ORD003033,2024-04-05,C00028,South,P1001,Smartphone,Electronics,1,300,100.88
ORD003034,2025-01-03,C00857,South,P1002,Headphones,Electronics,1,50,10.88
ORD003035,2025-09-24,C00635,South,P2001,Lamp,Home Decor,1,25,8.35
ORD003036,2023-11-12,C00111,West,P4001,Milk,Grocery,2,6,1.35
ORD003037,2025-07-15,C00026,North,P2002,Sofa,Home Decor,1,600,140.82
ORD003038,2024-03-02,C00017,North,P1002,Headphones,Electronics,2,100,27.87
ORD003039,2024-12-14,C00969,East,P3002,Shoes,Apparel,1,70,17.31
ORD003040,2023-12-22,C00598,East,P4002,Coffee,Grocery,1,10,1.17
ORD003041,2025-04-25,C00861,North,P4001,Milk,Grocery,3,9,1.38
ORD003042,2024-10-16,C00092,East,P2002,Sofa,Home Decor,1,600,172.28
ORD003043,2024-08-10,C00647,South,P4001,Milk,Grocery,1,3,0.44
ORD003044,2024-11-06,C00342,North,P1001,Smartphone,Electronics,1,300,56.47
ORD003045,2024-10-18,C00776,North,P1001,Smartphone,Electronics,1,300,59.08
ORD003046,2024-02-10,C00828,South,P3001,Shirt,Apparel,2,60,9.65
ORD003047,2025-09-02,C00615,North,P1002,Headphones,Electronics,3,150,22.24
ORD003048,2025-10-07,C00823,West,P3001,Shirt,Apparel,1,30,3.24
ORD003049,2024-05-31,C00178,East,P3002,Shoes,Apparel,1,70,10.23
ORD003050,2025-05-24,C00062,North,P1001,Smartphone,Electronics,1,300,34.88
ORD003051,2024-02-19,C00945,West,P2001,Lamp,Home Decor,1,25,5.86
ORD003052,2025-01-17,C00489,South,P4002,Coffee,Grocery,1,10,1.79
ORD003053,2023-12-23,C00590,South,P1002,Headphones,Electronics,2,100,34.31
ORD003054,2024-10-18,C00975,West,P3002,Shoes,Apparel,3,210,51.37
ORD003055,2025-09-12,C00189,West,P1002,Headphones,Electronics,1,50,7.89
ORD003056,2025-07-16,C00445,West,P1002,Headphones,Electronics,1,50,15.64
ORD003057,2023-12-26,C00964,East,P2001,Lamp,Home Decor,1,25,3.61
ORD003058,2024-02-08,C00407,East,P1001,Smartphone,Electronics,1,300,75.29
ORD003059,2023-11-05,C00896,West,P1002,Headphones,Electronics,1,50,7.62
ORD003060,2024-01-30,C00013,South,P2001,Lamp,Home Decor,1,25,5.58
ORD003061,2025-01-25,C00776,West,P2001,Lamp,Home Decor,2,50,7.86
ORD003062,2025-08-03,C00444,East,P3001,Shirt,Apparel,1,30,3.14
ORD003063,2024-03-14,C00982,South,P4002,Coffee,Grocery,1,10,1.04
ORD003064,2024-12-01,C00464,North,P4002,Coffee,Grocery,1,10,2.81
ORD003065,2024-07-20,C00750,East,P1001,Smartphone,Electronics,1,300,43.7
ORD003066,2024-05-25,C00213,North,P3001,Shirt,Apparel,1,30,4.4
ORD003067,2025-10-16,C00659,West,P1001,Smartphone,Electronics,2,600,94.03
ORD003068,2025-09-29,C00838,South,P4001,Milk,Grocery,1,3,0.39
ORD003069,2025-06-01,C00374,North,P1002,Headphones,Electronics,1,50,10.91
ORD003070,2024-09-20,C00688,South,P3001,Shirt,Apparel,1,30,9.67
ORD003071,2025-09-04,C00845,West,P4001,Milk,Grocery,1,3,0.86
ORD003072,2025-03-01,C00413,East,P1002,Headphones,Electronics,1,50,8.9
ORD003073,2024-05-25,C00810,South,P1001,Smartphone,Electronics,2,600,168.37
ORD003074,2025-02-06,C00458,South,P3002,Shoes,Apparel,1,70,22.71
ORD003075,2025-08-11,C00837,West,P3001,Shirt,Apparel,2,60,11.08
ORD003076,2024-12-31,C00122,South,P2001,Lamp,Home Decor,1,25,3.73
ORD003077,2024-01-04,C00625,South,P3002,Shoes,Apparel,1,70,20.36
ORD003078,2024-12-28,C00523,South,P1002,Headphones,Electronics,1,50,11.57
ORD003079,2024-09-15,C00524,East,P4001,Milk,Grocery,3,9,1.1
ORD003080,2025-05-27,C00308,North,P2002,Sofa,Home Decor,1,600,140.91
ORD003081,2024-12-27,C00790,North,P2001,Lamp,Home Decor,2,50,6.47
ORD003082,2025-02-10,C00223,North,P3002,Shoes,Apparel,3,210,54.36
ORD003083,2024-01-21,C00994,West,P3001,Shirt,Apparel,1,30,6.22
ORD003084,2024-05-21,C00649,West,P1002,Headphones,Electronics,1,50,6.33
ORD003085,2025-03-31,C00059,North,P1002,Headphones,Electronics,1,50,5.32
ORD003086,2024-01-30,C00127,North,P1001,Smartphone,Electronics,1,300,102.69
ORD003087,2025-09-24,C00942,West,P4001,Milk,Grocery,1,3,0.49
ORD003088,2025-09-23,C00646,North,P3002,Shoes,Apparel,1,70,16.92
ORD003089,2025-10-02,C00129,West,P4001,Milk,Grocery,1,3,0.94
ORD003090,2025-01-09,C00214,West,P1002,Headphones,Electronics,1,50,11.88
ORD003091,2025-08-26,C00386,East,P4002,Coffee,Grocery,1,10,3.22
ORD003092,2024-10-17,C00526,North,P3002,Shoes,Apparel,2,140,31.26
ORD003093,2024-05-04,C00715,North,P2001,Lamp,Home Decor,2,50,8.51
ORD003094,2024-05-26,C00275,West,P1001,Smartphone,Electronics,2,600,136.62
ORD003095,2024-01-13,C00985,West,P3002,Shoes,Apparel,3,210,38.83
ORD003096,2023-11-09,C00210,East,P1001,Smartphone,Electronics,1,300,91.26
ORD003097,2023-11-19,C00080,South,P1002,Headphones,Electronics,2,100,23.13
ORD003098,2025-03-16,C00135,West,P1002,Headphones,Electronics,2,100,34.98
ORD003099,2024-03-10,C00083,North,P1002,Headphones,Electronics,3,150,26.4
ORD003100,2024-10-02,C00493,East,P2002,Sofa,Home Decor,1,600,204.3
ORD003101,2024-09-11,C00976,West,P1002,Headphones,Electronics,1,50,9.84
ORD003102,2025-04-01,C00120,West,P4002,Coffee,Grocery,1,10,2.89
ORD003103,2024-03-31,C00189,North,P1001,Smartphone,Electronics,2,600,71.98
ORD003104,2024-06-20,C00856,West,P3002,Shoes,Apparel,1,70,21.75
ORD003105,2024-06-14,C00512,South,P2002,Sofa,Home Decor,1,600,69.93
ORD003106,2025-04-20,C00079,North,P2001,Lamp,Home Decor,3,75,22.51
ORD003107,2023-11-26,C00486,West,P1002,Headphones,Electronics,2,100,26.41
ORD003108,2024-02-11,C00117,North,P3001,Shirt,Apparel,1,30,7.86
ORD003109,2023-11-15,C00654,West,P3001,Shirt,Apparel,1,30,3.04
ORD003110,2025-02-13,C00115,West,P4002,Coffee,Grocery,1,10,1.63
ORD003111,2024-10-27,C00050,West,P2002,Sofa,Home Decor,1,600,134.28
ORD003112,2024-08-20,C00030,South,P3002,Shoes,Apparel,1,70,23.99
ORD003113,2024-03-06,C00177,South,P4001,Milk,Grocery,1,3,0.86
ORD003114,2024-06-26,C00227,East,P2001,Lamp,Home Decor,3,75,22.59
ORD003115,2024-02-14,C00520,West,P2002,Sofa,Home Decor,2,1200,231.46
ORD003116,2024-04-18,C00258,North,P2001,Lamp,Home Decor,1,25,8.56
ORD003117,2023-12-04,C00416,North,P3002,Shoes,Apparel,1,70,7.45
ORD003118,2024-04-08,C00599,South,P1002,Headphones,Electronics,1,50,9.05
ORD003119,2025-05-09,C00818,East,P2001,Lamp,Home Decor,1,25,6.75
ORD003120,2025-01-19,C00543,West,P2001,Lamp,Home Decor,3,75,25.91
ORD003121,2025-03-09,C00092,North,P3002,Shoes,Apparel,2,140,21.82
ORD003122,2025-05-05,C00709,South,P2001,Lamp,Home Decor,3,75,24.86
ORD003123,2023-11-10,C00530,North,P1002,Headphones,Electronics,1,50,15.66
ORD003124,2024-01-29,C00587,South,P2001,Lamp,Home Decor,2,50,16.21
ORD003125,2025-06-18,C00678,East,P3002,Shoes,Apparel,1,70,9.62
ORD003126,2023-10-30,C00534,East,P2002,Sofa,Home Decor,1,600,118.61
ORD003127,2024-04-02,C00122,West,P2001,Lamp,Home Decor,1,25,8.27
ORD003128,2024-10-16,C00924,South,P1002,Headphones,Electronics,3,150,42.62
ORD003129,2025-03-01,C00789,West,P1002,Headphones,Electronics,1,50,14.48
ORD003130,2025-01-28,C00296,West,P2002,Sofa,Home Decor,1,600,104.98
ORD003131,2025-03-23,C00409,North,P2002,Sofa,Home Decor,1,600,145.7
ORD003132,2024-04-23,C00265,East,P3002,Shoes,Apparel,1,70,17.76
ORD003133,2025-03-15,C00840,East,P2002,Sofa,Home Decor,1,600,185.35
ORD003134,2025-01-07,C00646,East,P2001,Lamp,Home Decor,1,25,4.11
ORD003135,2023-11-20,C00403,East,P2001,Lamp,Home Decor,3,75,17.75
ORD003136,2024-03-22,C00619,East,P4001,Milk,Grocery,1,3,1.01
ORD003137,2025-10-04,C00619,West,P2001,Lamp,Home Decor,1,25,8.71
ORD003138,2025-02-08,C00847,East,P1002,Headphones,Electronics,1,50,17.0
ORD003139,2025-09-17,C00541,West,P1002,Headphones,Electronics,2,100,23.05
ORD003140,2024-10-08,C00050,East,P4002,Coffee,Grocery,1,10,3.38
ORD003141,2025-07-30,C00963,North,P4001,Milk,Grocery,1,3,0.35
ORD003142,2025-04-13,C00057,North,P3001,Shirt,Apparel,1,30,4.12
ORD003143,2025-10-14,C00577,East,P3002,Shoes,Apparel,2,140,31.13
ORD003144,2025-06-18,C00918,North,P2001,Lamp,Home Decor,1,25,7.05
ORD003145,2024-04-04,C00172,West,P2002,Sofa,Home Decor,1,600,154.57
ORD003146,2024-06-25,C00564,West,P2002,Sofa,Home Decor,2,1200,292.33
ORD003147,2024-07-20,C00807,North,P4001,Milk,Grocery,1,3,1.01
ORD003148,2025-10-08,C00335,West,P1001,Smartphone,Electronics,1,300,58.98
ORD003149,2025-02-13,C00352,North,P4002,Coffee,Grocery,2,20,5.75
ORD003150,2025-05-22,C00842,South,P3001,Shirt,Apparel,2,60,20.82
ORD003151,2024-02-06,C00034,West,P2002,Sofa,Home Decor,1,600,97.88
ORD003152,2024-09-25,C00742,North,P1001,Smartphone,Electronics,2,600,73.35
ORD003153,2025-08-18,C00498,North,P3002,Shoes,Apparel,1,70,18.4
ORD003154,2024-11-11,C00219,North,P3001,Shirt,Apparel,1,30,6.82
ORD003155,2025-10-07,C00962,South,P4002,Coffee,Grocery,1,10,3.41
ORD003156,2025-01-20,C00420,East,P1002,Headphones,Electronics,1,50,11.64
ORD003157,2024-12-06,C00959,West,P1001,Smartphone,Electronics,2,600,92.54
ORD003158,2025-10-15,C00265,North,P2001,Lamp,Home Decor,1,25,4.89
ORD003159,2024-03-15,C00259,South,P4001,Milk,Grocery,1,3,0.65
ORD003160,2025-03-24,C00903,North,P2001,Lamp,Home Decor,1,25,6.54
ORD003161,2025-09-18,C00451,East,P2002,Sofa,Home Decor,1,600,109.85
ORD003162,2024-10-13,C00069,South,P2001,Lamp,Home Decor,3,75,18.53
ORD003163,2024-08-27,C00980,West,P2001,Lamp,Home Decor,3,75,12.61
ORD003164,2025-04-15,C00483,East,P3002,Shoes,Apparel,1,70,23.96
ORD003165,2024-05-28,C00842,South,P3001,Shirt,Apparel,2,60,13.98
ORD003166,2025-01-23,C00289,West,P1001,Smartphone,Electronics,1,300,65.01
ORD003167,2024-04-29,C00013,West,P2001,Lamp,Home Decor,1,25,6.06
ORD003168,2025-02-06,C00109,North,P2002,Sofa,Home Decor,1,600,200.33
ORD003169,2025-05-22,C00307,North,P4002,Coffee,Grocery,2,20,3.02
ORD003170,2023-12-23,C00245,South,P2002,Sofa,Home Decor,1,600,193.33
ORD003171,2024-12-17,C00390,North,P1001,Smartphone,Electronics,1,300,63.6
ORD003172,2025-01-27,C00426,South,P3002,Shoes,Apparel,2,140,39.98
ORD003173,2025-02-13,C00258,South,P3002,Shoes,Apparel,1,70,9.84
ORD003174,2025-03-18,C00087,South,P4001,Milk,Grocery,1,3,0.57
ORD003175,2024-11-22,C00128,South,P3002,Shoes,Apparel,3,210,32.35
ORD003176,2024-07-09,C00105,West,P3001,Shirt,Apparel,1,30,4.11
ORD003177,2024-08-16,C00149,West,P2001,Lamp,Home Decor,2,50,15.68
ORD003178,2024-01-24,C00787,West,P2002,Sofa,Home Decor,2,1200,250.06
ORD003179,2024-08-19,C00925,South,P4002,Coffee,Grocery,1,10,3.36
ORD003180,2023-12-13,C00855,East,P3001,Shirt,Apparel,3,90,10.62
ORD003181,2025-04-04,C00168,South,P3002,Shoes,Apparel,2,140,40.66
ORD003182,2024-11-18,C00051,West,P3002,Shoes,Apparel,1,70,10.95
ORD003183,2025-05-27,C00344,East,P4001,Milk,Grocery,1,3,0.93
ORD003184,2024-10-23,C00298,West,P4001,Milk,Grocery,1,3,0.72
ORD003185,2025-03-28,C00893,North,P3001,Shirt,Apparel,1,30,10.33
ORD003186,2025-08-11,C00484,North,P4001,Milk,Grocery,1,3,0.45
ORD003187,2025-05-07,C00392,East,P4001,Milk,Grocery,1,3,0.8
ORD003188,2025-08-18,C00055,North,P4001,Milk,Grocery,1,3,0.99
ORD003189,2023-12-11,C00304,West,P1002,Headphones,Electronics,1,50,6.92
ORD003190,2025-01-29,C00047,West,P3001,Shirt,Apparel,1,30,4.42
ORD003191,2025-02-15,C00687,South,P3001,Shirt,Apparel,1,30,6.66
ORD003192,2025-04-01,C00513,South,P2002,Sofa,Home Decor,1,600,182.92
ORD003193,2024-10-01,C00603,West,P1002,Headphones,Electronics,3,150,49.33
ORD003194,2024-03-04,C00310,North,P1001,Smartphone,Electronics,1,300,98.36
ORD003195,2025-08-04,C00437,West,P2002,Sofa,Home Decor,2,1200,318.34
ORD003196,2024-05-18,C00176,North,P4001,Milk,Grocery,1,3,0.34
ORD003197,2024-04-01,C00785,North,P1002,Headphones,Electronics,1,50,10.52
ORD003198,2023-10-18,C00156,West,P1002,Headphones,Electronics,1,50,11.17
ORD003199,2025-05-17,C00403,South,P4001,Milk,Grocery,1,3,0.83
ORD003200,2023-10-29,C00603,North,P3001,Shirt,Apparel,1,30,5.95
ORD003201,2025-09-09,C00707,East,P1001,Smartphone,Electronics,1,300,77.08
ORD003202,2024-04-13,C00214,South,P4001,Milk,Grocery,1,3,0.65
ORD003203,2024-12-19,C00133,North,P4002,Coffee,Grocery,1,10,1.58
ORD003204,2024-03-09,C00717,North,P2002,Sofa,Home Decor,1,600,160.25
ORD003205,2025-03-23,C00702,South,P3002,Shoes,Apparel,1,70,13.15
ORD003206,2025-03-14,C00233,North,P3002,Shoes,Apparel,1,70,23.99
ORD003207,2024-03-21,C00158,North,P1001,Smartphone,Electronics,3,900,163.91
ORD003208,2023-10-23,C00904,North,P1001,Smartphone,Electronics,1,300,92.19
ORD003209,2025-04-08,C00492,East,P3002,Shoes,Apparel,1,70,12.3
ORD003210,2025-05-16,C00044,East,P4001,Milk,Grocery,1,3,0.75
ORD003211,2024-10-20,C00542,East,P3001,Shirt,Apparel,1,30,10.0
ORD003212,2024-02-07,C00455,West,P4001,Milk,Grocery,2,6,1.74
ORD003213,2024-06-30,C00375,East,P4001,Milk,Grocery,1,3,0.53
ORD003214,2025-01-12,C00242,South,P4001,Milk,Grocery,1,3,0.87
ORD003215,2024-10-27,C00294,North,P1002,Headphones,Electronics,1,50,17.07
ORD003216,2024-11-14,C00916,South,P4002,Coffee,Grocery,1,10,1.13
ORD003217,2025-05-07,C00662,North,P1002,Headphones,Electronics,1,50,13.84
ORD003218,2024-08-08,C00850,East,P3001,Shirt,Apparel,1,30,4.68
ORD003219,2024-04-15,C00881,East,P3001,Shirt,Apparel,1,30,6.44
ORD003220,2024-04-20,C00334,West,P1001,Smartphone,Electronics,1,300,56.07
ORD003221,2024-06-29,C00192,South,P2002,Sofa,Home Decor,1,600,77.41
ORD003222,2025-09-13,C00988,East,P2002,Sofa,Home Decor,1,600,201.75
ORD003223,2024-03-12,C00735,North,P3002,Shoes,Apparel,1,70,8.89
ORD003224,2024-05-12,C00361,South,P4002,Coffee,Grocery,1,10,1.36
ORD003225,2024-10-01,C00053,East,P2001,Lamp,Home Decor,1,25,5.34
ORD003226,2025-10-10,C00031,North,P1001,Smartphone,Electronics,2,600,189.09
ORD003227,2024-06-16,C00034,East,P4002,Coffee,Grocery,1,10,3.36
ORD003228,2024-11-01,C00718,South,P4001,Milk,Grocery,1,3,0.87
ORD003229,2025-07-06,C00413,West,P3002,Shoes,Apparel,2,140,18.91
ORD003230,2024-06-09,C00858,West,P3001,Shirt,Apparel,1,30,6.77
ORD003231,2024-09-10,C00155,West,P1002,Headphones,Electronics,1,50,15.74
ORD003232,2024-03-20,C00528,West,P1002,Headphones,Electronics,2,100,22.75
ORD003233,2025-02-13,C00195,West,P2001,Lamp,Home Decor,1,25,8.45
ORD003234,2024-06-19,C00677,North,P3002,Shoes,Apparel,2,140,34.88
ORD003235,2023-10-18,C00691,East,P1002,Headphones,Electronics,1,50,8.42
ORD003236,2024-01-01,C00475,East,P4002,Coffee,Grocery,1,10,1.32
ORD003237,2023-10-27,C00247,South,P4001,Milk,Grocery,2,6,1.48
ORD003238,2025-07-06,C00387,East,P1002,Headphones,Electronics,1,50,7.4
ORD003239,2024-12-23,C00944,North,P2001,Lamp,Home Decor,2,50,10.25
ORD003240,2024-05-10,C00976,South,P3001,Shirt,Apparel,1,30,4.64
ORD003241,2024-09-08,C00652,West,P1002,Headphones,Electronics,2,100,20.83
ORD003242,2023-11-21,C00780,West,P1001,Smartphone,Electronics,1,300,96.22
ORD003243,2025-03-26,C00273,South,P1002,Headphones,Electronics,1,50,10.32
ORD003244,2025-05-05,C00001,West,P1002,Headphones,Electronics,1,50,14.06
ORD003245,2024-12-31,C00671,East,P3001,Shirt,Apparel,1,30,9.13
ORD003246,2025-06-20,C00458,East,P4001,Milk,Grocery,1,3,0.76
ORD003247,2023-10-25,C00756,East,P3001,Shirt,Apparel,1,30,8.91
ORD003248,2024-03-07,C00381,North,P4001,Milk,Grocery,2,6,1.0
ORD003249,2025-08-05,C00530,North,P4002,Coffee,Grocery,1,10,2.13
ORD003250,2025-06-14,C00698,North,P3002,Shoes,Apparel,1,70,21.83
ORD003251,2024-09-13,C00980,South,P4001,Milk,Grocery,1,3,0.68
ORD003252,2025-05-17,C00078,North,P3002,Shoes,Apparel,2,140,17.48
ORD003253,2023-11-01,C00263,North,P1001,Smartphone,Electronics,1,300,52.9
ORD003254,2024-12-31,C00259,East,P2001,Lamp,Home Decor,1,25,4.32
ORD003255,2024-05-04,C00308,South,P3001,Shirt,Apparel,1,30,10.06
ORD003256,2024-11-17,C00701,West,P1002,Headphones,Electronics,1,50,12.43
ORD003257,2024-06-04,C00828,West,P2001,Lamp,Home Decor,1,25,5.47
ORD003258,2024-08-15,C00625,North,P2002,Sofa,Home Decor,2,1200,159.18
ORD003259,2025-08-11,C00994,West,P1001,Smartphone,Electronics,1,300,67.19
ORD003260,2024-01-13,C00342,East,P2002,Sofa,Home Decor,3,1800,224.49
ORD003261,2025-08-28,C00830,West,P3001,Shirt,Apparel,1,30,6.33
ORD003262,2025-05-23,C00760,East,P4002,Coffee,Grocery,2,20,4.09
ORD003263,2025-03-19,C00032,East,P4001,Milk,Grocery,2,6,0.86
ORD003264,2025-10-10,C00910,West,P4001,Milk,Grocery,1,3,0.62
ORD003265,2023-12-23,C00738,North,P4002,Coffee,Grocery,1,10,1.77
ORD003266,2025-08-09,C00704,North,P4001,Milk,Grocery,1,3,0.72
ORD003267,2024-09-24,C00017,North,P4002,Coffee,Grocery,1,10,2.68
ORD003268,2024-11-02,C00646,West,P4001,Milk,Grocery,1,3,0.78
ORD003269,2024-01-18,C00253,North,P2001,Lamp,Home Decor,1,25,3.85
ORD003270,2025-07-01,C00760,North,P4001,Milk,Grocery,1,3,0.47
ORD003271,2024-09-11,C00508,North,P1001,Smartphone,Electronics,2,600,107.17
ORD003272,2023-11-27,C00117,East,P4001,Milk,Grocery,1,3,0.5
ORD003273,2025-03-18,C00308,East,P4002,Coffee,Grocery,1,10,2.01
ORD003274,2024-05-04,C00506,North,P1002,Headphones,Electronics,1,50,16.79
ORD003275,2025-08-28,C00112,East,P3001,Shirt,Apparel,1,30,6.12
ORD003276,2023-12-31,C00307,North,P1002,Headphones,Electronics,1,50,17.06
ORD003277,2024-07-05,C00897,North,P1002,Headphones,Electronics,1,50,17.49
ORD003278,2024-08-14,C00303,South,P2001,Lamp,Home Decor,1,25,5.71
ORD003279,2025-08-31,C00673,South,P3002,Shoes,Apparel,2,140,44.92
ORD003280,2023-11-26,C00695,South,P1001,Smartphone,Electronics,1,300,76.59
ORD003281,2025-01-05,C00756,South,P1002,Headphones,Electronics,2,100,19.54
ORD003282,2024-08-15,C00285,East,P2002,Sofa,Home Decor,1,600,180.59
ORD003283,2023-11-21,C00813,West,P3001,Shirt,Apparel,2,60,16.29
ORD003284,2024-02-23,C00722,South,P4002,Coffee,Grocery,2,20,5.56
ORD003285,2023-11-20,C00527,West,P3002,Shoes,Apparel,1,70,21.67
ORD003286,2024-11-23,C00582,West,P1001,Smartphone,Electronics,1,300,37.14
ORD003287,2024-12-10,C00758,South,P3001,Shirt,Apparel,1,30,5.95
ORD003288,2025-06-26,C00024,West,P2002,Sofa,Home Decor,1,600,142.02
ORD003289,2025-03-26,C00970,South,P4001,Milk,Grocery,2,6,0.78
ORD003290,2025-05-16,C00921,West,P4001,Milk,Grocery,1,3,0.53
ORD003291,2024-09-08,C00369,East,P3001,Shirt,Apparel,3,90,21.33
ORD003292,2025-04-03,C00244,South,P4002,Coffee,Grocery,2,20,6.21
ORD003293,2024-02-27,C00178,East,P4002,Coffee,Grocery,1,10,2.41
ORD003294,2025-01-28,C00149,North,P3001,Shirt,Apparel,1,30,5.38
ORD003295,2025-03-19,C00374,South,P1001,Smartphone,Electronics,1,300,95.23
ORD003296,2025-04-08,C00897,West,P2002,Sofa,Home Decor,1,600,111.56
ORD003297,2023-11-21,C00058,East,P4001,Milk,Grocery,1,3,0.87
ORD003298,2024-01-22,C00252,East,P4001,Milk,Grocery,2,6,1.15
ORD003299,2023-12-26,C00946,South,P3002,Shoes,Apparel,1,70,18.33
ORD003300,2025-06-03,C00954,South,P2002,Sofa,Home Decor,1,600,134.33
ORD003301,2024-06-21,C00163,South,P1002,Headphones,Electronics,2,100,27.88
ORD003302,2024-10-03,C00509,West,P4001,Milk,Grocery,1,3,0.55
ORD003303,2024-09-23,C00365,South,P2001,Lamp,Home Decor,1,25,5.46
ORD003304,2024-01-29,C00704,West,P4002,Coffee,Grocery,1,10,3.03
ORD003305,2024-02-23,C00143,South,P2001,Lamp,Home Decor,1,25,3.32
ORD003306,2024-01-28,C00713,East,P4001,Milk,Grocery,3,9,1.19
ORD003307,2025-01-11,C00667,North,P2001,Lamp,Home Decor,2,50,9.72
ORD003308,2024-01-02,C00798,North,P3001,Shirt,Apparel,3,90,11.89
ORD003309,2024-08-20,C00997,South,P2001,Lamp,Home Decor,3,75,11.98
ORD003310,2025-02-28,C00423,West,P1001,Smartphone,Electronics,1,300,46.31
ORD003311,2023-12-19,C00415,East,P3002,Shoes,Apparel,1,70,23.06
ORD003312,2025-01-31,C00664,East,P4002,Coffee,Grocery,2,20,2.35
ORD003313,2025-10-09,C00983,South,P1002,Headphones,Electronics,1,50,5.89
ORD003314,2024-06-30,C00528,South,P4002,Coffee,Grocery,1,10,2.13
ORD003315,2025-07-01,C00843,South,P4002,Coffee,Grocery,3,30,8.37
ORD003316,2023-11-14,C00505,South,P1001,Smartphone,Electronics,1,300,94.23
ORD003317,2024-01-29,C00032,West,P2002,Sofa,Home Decor,1,600,120.1
ORD003318,2024-07-29,C00750,West,P3002,Shoes,Apparel,1,70,22.5
ORD003319,2024-08-04,C00420,North,P1002,Headphones,Electronics,1,50,9.41
ORD003320,2024-04-07,C00339,South,P2002,Sofa,Home Decor,1,600,97.82
ORD003321,2024-06-08,C00964,North,P3001,Shirt,Apparel,1,30,4.31
ORD003322,2025-03-30,C00667,North,P1002,Headphones,Electronics,1,50,7.11
ORD003323,2025-07-28,C00917,West,P1001,Smartphone,Electronics,1,300,94.38
ORD003324,2025-03-17,C00380,South,P2001,Lamp,Home Decor,3,75,11.55
ORD003325,2025-03-14,C00819,East,P3002,Shoes,Apparel,1,70,21.58
ORD003326,2024-09-28,C00731,North,P3001,Shirt,Apparel,1,30,9.63
ORD003327,2024-10-16,C00014,South,P1001,Smartphone,Electronics,3,900,98.3
ORD003328,2025-03-08,C00040,North,P4001,Milk,Grocery,1,3,0.73
ORD003329,2024-04-25,C00009,South,P3001,Shirt,Apparel,1,30,4.78
ORD003330,2024-09-02,C00358,South,P2002,Sofa,Home Decor,1,600,181.94
ORD003331,2024-01-12,C00236,South,P2002,Sofa,Home Decor,2,1200,218.65
ORD003332,2024-01-10,C00664,South,P1001,Smartphone,Electronics,1,300,51.42
ORD003333,2025-09-07,C00543,East,P2002,Sofa,Home Decor,1,600,110.23
ORD003334,2024-01-19,C00853,West,P2002,Sofa,Home Decor,1,600,205.53
ORD003335,2025-07-24,C00255,East,P2001,Lamp,Home Decor,1,25,3.17
ORD003336,2024-04-22,C00644,South,P4001,Milk,Grocery,1,3,0.59
ORD003337,2024-12-16,C00868,East,P4002,Coffee,Grocery,1,10,2.5
ORD003338,2024-03-17,C00843,North,P1001,Smartphone,Electronics,1,300,72.08
ORD003339,2024-08-19,C00994,North,P3001,Shirt,Apparel,1,30,3.57
ORD003340,2024-11-26,C00506,North,P3001,Shirt,Apparel,2,60,8.46
ORD003341,2024-12-07,C00786,North,P2002,Sofa,Home Decor,1,600,145.82
ORD003342,2024-05-22,C00475,South,P4001,Milk,Grocery,1,3,0.92
ORD003343,2025-05-22,C00980,East,P1001,Smartphone,Electronics,1,300,83.26
ORD003344,2024-10-30,C00275,West,P3001,Shirt,Apparel,1,30,9.78
ORD003345,2024-07-27,C00952,North,P3001,Shirt,Apparel,1,30,7.83
ORD003346,2024-04-30,C00817,North,P3002,Shoes,Apparel,1,70,20.45
ORD003347,2025-04-24,C00849,North,P3002,Shoes,Apparel,3,210,63.74
ORD003348,2025-04-29,C00487,West,P3002,Shoes,Apparel,2,140,16.12
ORD003349,2025-08-12,C00388,North,P1001,Smartphone,Electronics,1,300,94.35
ORD003350,2024-09-26,C00848,South,P1001,Smartphone,Electronics,1,300,100.19
ORD003351,2025-09-10,C00393,West,P3002,Shoes,Apparel,2,140,45.84
ORD003352,2024-11-11,C00171,East,P3001,Shirt,Apparel,1,30,9.12
ORD003353,2025-07-17,C00145,South,P4002,Coffee,Grocery,1,10,2.59
ORD003354,2024-08-12,C00363,North,P2002,Sofa,Home Decor,2,1200,406.76
ORD003355,2025-06-19,C00304,East,P4002,Coffee,Grocery,1,10,1.6
ORD003356,2025-05-22,C00884,West,P4002,Coffee,Grocery,2,20,2.98
ORD003357,2024-07-24,C00318,North,P3001,Shirt,Apparel,2,60,16.17
ORD003358,2025-09-23,C00620,North,P1001,Smartphone,Electronics,3,900,248.49
ORD003359,2024-01-24,C00956,West,P3001,Shirt,Apparel,2,60,19.05
ORD003360,2024-07-23,C00753,North,P4002,Coffee,Grocery,1,10,2.06
ORD003361,2024-02-22,C00195,North,P2002,Sofa,Home Decor,3,1800,262.3
ORD003362,2023-12-03,C00770,South,P2002,Sofa,Home Decor,2,1200,140.38
ORD003363,2025-07-17,C00350,West,P3001,Shirt,Apparel,1,30,4.33
ORD003364,2025-07-19,C00934,East,P4001,Milk,Grocery,1,3,0.97
ORD003365,2024-12-27,C00484,East,P3001,Shirt,Apparel,2,60,6.78
ORD003366,2024-11-12,C00302,East,P2002,Sofa,Home Decor,3,1800,315.09
ORD003367,2024-02-01,C00834,North,P2002,Sofa,Home Decor,1,600,96.08
ORD003368,2025-06-21,C00944,West,P4002,Coffee,Grocery,1,10,2.93
ORD003369,2024-05-23,C00548,West,P3001,Shirt,Apparel,3,90,23.78
ORD003370,2024-05-07,C00815,South,P4001,Milk,Grocery,1,3,0.9
ORD003371,2025-09-11,C00679,East,P4002,Coffee,Grocery,3,30,4.24
ORD003372,2024-11-04,C00402,South,P1002,Headphones,Electronics,2,100,21.55
ORD003373,2025-07-06,C00519,North,P1002,Headphones,Electronics,1,50,6.25
ORD003374,2024-04-08,C00776,South,P1001,Smartphone,Electronics,2,600,99.17
ORD003375,2024-06-28,C00633,West,P4002,Coffee,Grocery,1,10,2.07
ORD003376,2024-05-23,C00867,South,P4001,Milk,Grocery,1,3,0.98
ORD003377,2024-11-25,C00640,West,P3002,Shoes,Apparel,3,210,70.1
ORD003378,2024-02-20,C00463,South,P4001,Milk,Grocery,2,6,1.74
ORD003379,2023-12-19,C00971,South,P3001,Shirt,Apparel,1,30,7.23
ORD003380,2025-01-14,C00217,South,P3002,Shoes,Apparel,2,140,45.87
ORD003381,2024-08-12,C00824,West,P3002,Shoes,Apparel,1,70,17.23
ORD003382,2025-08-06,C00610,North,P2001,Lamp,Home Decor,1,25,2.63
ORD003383,2025-07-09,C00945,North,P3002,Shoes,Apparel,2,140,29.9
ORD003384,2024-10-26,C00748,East,P1002,Headphones,Electronics,1,50,15.32
ORD003385,2025-05-24,C00482,North,P1001,Smartphone,Electronics,2,600,101.25
ORD003386,2025-01-25,C00717,West,P2002,Sofa,Home Decor,1,600,92.5
ORD003387,2024-06-06,C00161,North,P4001,Milk,Grocery,1,3,0.94
ORD003388,2024-04-08,C00802,East,P2002,Sofa,Home Decor,1,600,144.06
ORD003389,2025-04-13,C00153,East,P3001,Shirt,Apparel,1,30,6.33
ORD003390,2023-11-18,C00131,West,P1001,Smartphone,Electronics,1,300,52.19
ORD003391,2024-06-14,C00459,West,P2002,Sofa,Home Decor,1,600,182.68
ORD003392,2023-11-06,C00684,South,P2001,Lamp,Home Decor,3,75,20.27
ORD003393,2025-07-01,C00308,South,P4001,Milk,Grocery,3,9,3.14
ORD003394,2023-12-24,C00204,North,P4001,Milk,Grocery,1,3,0.31
ORD003395,2025-01-09,C00062,South,P3001,Shirt,Apparel,2,60,19.26
ORD003396,2025-04-15,C00048,East,P1002,Headphones,Electronics,3,150,47.78
ORD003397,2024-04-12,C00870,East,P2002,Sofa,Home Decor,1,600,170.16
ORD003398,2025-09-23,C00990,North,P3001,Shirt,Apparel,1,30,10.35
ORD003399,2024-06-05,C00175,West,P1002,Headphones,Electronics,1,50,9.04
ORD003400,2025-05-23,C00721,West,P4001,Milk,Grocery,1,3,0.82
ORD003401,2024-10-14,C00475,West,P4002,Coffee,Grocery,1,10,2.1
ORD003402,2024-06-25,C00671,South,P3001,Shirt,Apparel,2,60,12.24
ORD003403,2023-12-24,C00603,North,P3002,Shoes,Apparel,3,210,35.58
ORD003404,2025-01-09,C00103,North,P3001,Shirt,Apparel,2,60,19.87
ORD003405,2025-08-11,C00616,North,P4002,Coffee,Grocery,1,10,1.82
ORD003406,2025-09-12,C00656,South,P3002,Shoes,Apparel,3,210,27.91
ORD003407,2025-08-03,C00246,North,P2001,Lamp,Home Decor,2,50,15.56
ORD003408,2024-08-26,C00066,West,P1002,Headphones,Electronics,3,150,34.16
ORD003409,2024-10-30,C00033,West,P2001,Lamp,Home Decor,1,25,3.36
ORD003410,2024-01-03,C00351,West,P2001,Lamp,Home Decor,1,25,5.33
ORD003411,2024-08-28,C00561,North,P4002,Coffee,Grocery,1,10,2.11
ORD003412,2025-04-01,C00644,East,P1002,Headphones,Electronics,1,50,9.84
ORD003413,2024-08-17,C00969,North,P2001,Lamp,Home Decor,1,25,5.01
ORD003414,2024-02-14,C00253,East,P2002,Sofa,Home Decor,1,600,101.26
ORD003415,2023-11-04,C00246,North,P4002,Coffee,Grocery,1,10,2.43
ORD003416,2025-05-22,C00965,North,P3001,Shirt,Apparel,1,30,5.07
ORD003417,2023-11-04,C00907,North,P4001,Milk,Grocery,1,3,0.33
ORD003418,2024-01-10,C00240,East,P4001,Milk,Grocery,3,9,0.99
ORD003419,2025-04-13,C00946,South,P4002,Coffee,Grocery,3,30,10.4
ORD003420,2024-08-01,C00935,East,P3002,Shoes,Apparel,1,70,18.45
ORD003421,2024-07-13,C00168,North,P3001,Shirt,Apparel,2,60,7.27
ORD003422,2025-01-14,C00581,East,P1001,Smartphone,Electronics,1,300,95.24
ORD003423,2025-03-17,C00574,East,P2001,Lamp,Home Decor,1,25,8.3
ORD003424,2025-01-16,C00747,North,P1002,Headphones,Electronics,2,100,15.27
ORD003425,2024-04-17,C00130,South,P4002,Coffee,Grocery,1,10,3.27
ORD003426,2025-03-09,C00639,North,P3002,Shoes,Apparel,1,70,17.1
ORD003427,2024-04-12,C00526,West,P3001,Shirt,Apparel,1,30,6.83
ORD003428,2024-09-19,C00707,South,P1002,Headphones,Electronics,1,50,10.6
ORD003429,2024-02-01,C00940,East,P4001,Milk,Grocery,3,9,0.97
ORD003430,2025-04-26,C00012,East,P3001,Shirt,Apparel,2,60,14.15
ORD003431,2025-05-21,C00290,West,P3002,Shoes,Apparel,1,70,10.62
ORD003432,2024-07-16,C00206,East,P3001,Shirt,Apparel,1,30,8.94
ORD003433,2023-11-04,C00496,East,P3002,Shoes,Apparel,1,70,13.93
ORD003434,2024-07-28,C00808,South,P1001,Smartphone,Electronics,1,300,38.11
ORD003435,2024-04-21,C00457,South,P2001,Lamp,Home Decor,1,25,7.23
ORD003436,2024-11-18,C00996,South,P4001,Milk,Grocery,1,3,0.6
ORD003437,2024-12-01,C00453,East,P2001,Lamp,Home Decor,1,25,8.45
ORD003438,2025-06-15,C00369,South,P1002,Headphones,Electronics,1,50,7.37
ORD003439,2023-12-26,C00998,East,P2001,Lamp,Home Decor,1,25,8.61
ORD003440,2024-05-24,C00854,East,P1001,Smartphone,Electronics,3,900,105.36
ORD003441,2024-01-27,C00268,West,P4001,Milk,Grocery,3,9,1.81
ORD003442,2024-08-04,C00845,West,P4002,Coffee,Grocery,1,10,2.1
ORD003443,2024-01-29,C00119,South,P3002,Shoes,Apparel,1,70,17.95
ORD003444,2025-07-18,C00092,East,P1002,Headphones,Electronics,1,50,15.09
ORD003445,2025-05-05,C00814,North,P1001,Smartphone,Electronics,1,300,75.91
ORD003446,2025-06-18,C00234,East,P1001,Smartphone,Electronics,1,300,87.94
ORD003447,2025-03-28,C00025,East,P2001,Lamp,Home Decor,1,25,3.67
ORD003448,2024-01-18,C00864,North,P1002,Headphones,Electronics,2,100,11.24
ORD003449,2025-10-01,C00136,South,P1002,Headphones,Electronics,1,50,17.24
ORD003450,2025-04-29,C00574,North,P2001,Lamp,Home Decor,1,25,4.31
ORD003451,2025-04-26,C00724,South,P2001,Lamp,Home Decor,1,25,3.66
ORD003452,2024-03-06,C00150,North,P4001,Milk,Grocery,3,9,2.49
ORD003453,2024-11-06,C00219,South,P1002,Headphones,Electronics,1,50,10.91
ORD003454,2024-03-05,C00587,South,P3002,Shoes,Apparel,2,140,44.72
ORD003455,2024-10-29,C00856,South,P3001,Shirt,Apparel,1,30,10.3
ORD003456,2024-02-23,C00083,North,P2001,Lamp,Home Decor,1,25,6.12
ORD003457,2024-06-25,C00580,North,P4002,Coffee,Grocery,1,10,2.53
ORD003458,2024-08-14,C00038,East,P1002,Headphones,Electronics,1,50,15.98
ORD003459,2024-07-15,C00833,South,P2001,Lamp,Home Decor,2,50,12.6
ORD003460,2024-04-21,C00652,South,P2001,Lamp,Home Decor,1,25,6.17
ORD003461,2024-09-15,C00069,North,P1002,Headphones,Electronics,1,50,10.92
ORD003462,2025-01-08,C00841,West,P1002,Headphones,Electronics,3,150,44.2
ORD003463,2024-01-04,C00775,East,P3002,Shoes,Apparel,1,70,15.53
ORD003464,2024-11-10,C00796,East,P4001,Milk,Grocery,2,6,0.92
ORD003465,2024-05-11,C00242,South,P1002,Headphones,Electronics,1,50,9.9
ORD003466,2024-11-05,C00270,West,P3002,Shoes,Apparel,1,70,23.56
ORD003467,2024-03-15,C00720,South,P3002,Shoes,Apparel,1,70,17.75
ORD003468,2024-05-14,C00434,South,P3001,Shirt,Apparel,1,30,5.08
ORD003469,2024-05-09,C00560,North,P4001,Milk,Grocery,2,6,0.66
ORD003470,2024-03-05,C00218,East,P1002,Headphones,Electronics,1,50,10.31
ORD003471,2024-06-13,C00388,North,P4001,Milk,Grocery,1,3,0.38
ORD003472,2024-03-24,C00293,North,P3002,Shoes,Apparel,1,70,17.57
ORD003473,2025-03-05,C00545,East,P2001,Lamp,Home Decor,2,50,13.79
ORD003474,2025-03-13,C00185,South,P2002,Sofa,Home Decor,1,600,195.92
ORD003475,2024-11-09,C00716,West,P3002,Shoes,Apparel,3,210,51.91
ORD003476,2024-12-12,C00933,West,P3002,Shoes,Apparel,3,210,65.48
ORD003477,2023-10-27,C00993,North,P3001,Shirt,Apparel,1,30,5.37
ORD003478,2024-08-08,C00081,East,P3001,Shirt,Apparel,1,30,10.32
ORD003479,2025-04-01,C00992,East,P4001,Milk,Grocery,2,6,1.47
ORD003480,2024-07-22,C00954,East,P2002,Sofa,Home Decor,2,1200,199.43
ORD003481,2024-03-24,C00573,South,P2001,Lamp,Home Decor,3,75,19.41
ORD003482,2025-10-04,C00990,North,P1002,Headphones,Electronics,1,50,13.47
ORD003483,2024-09-09,C00338,North,P3002,Shoes,Apparel,1,70,8.28
ORD003484,2025-08-04,C00368,West,P3002,Shoes,Apparel,1,70,13.64
ORD003485,2025-02-24,C00958,North,P2002,Sofa,Home Decor,1,600,142.54
ORD003486,2024-01-10,C00885,South,P2002,Sofa,Home Decor,1,600,86.37
ORD003487,2024-10-22,C00846,South,P1001,Smartphone,Electronics,1,300,102.65
ORD003488,2025-07-23,C00292,South,P3002,Shoes,Apparel,1,70,20.34
ORD003489,2025-07-07,C00793,North,P4001,Milk,Grocery,1,3,0.94
ORD003490,2025-05-29,C00129,East,P2002,Sofa,Home Decor,2,1200,273.21
ORD003491,2024-07-22,C00825,East,P4001,Milk,Grocery,1,3,1.03
ORD003492,2024-01-15,C00670,West,P1001,Smartphone,Electronics,1,300,58.11
ORD003493,2025-09-02,C00366,West,P1001,Smartphone,Electronics,1,300,53.59
ORD003494,2025-08-28,C00209,North,P4001,Milk,Grocery,1,3,1.04
ORD003495,2024-05-12,C00948,North,P4001,Milk,Grocery,2,6,0.75
ORD003496,2024-08-06,C00303,South,P2002,Sofa,Home Decor,1,600,85.29
ORD003497,2025-09-14,C00730,North,P1001,Smartphone,Electronics,1,300,99.3
ORD003498,2024-12-12,C00390,West,P3001,Shirt,Apparel,3,90,9.92
ORD003499,2024-07-08,C00587,West,P3002,Shoes,Apparel,2,140,35.05
ORD003500,2024-03-03,C00419,West,P4001,Milk,Grocery,1,3,0.46
ORD003501,2024-01-24,C00260,West,P2002,Sofa,Home Decor,1,600,103.77
ORD003502,2025-03-20,C00622,East,P1002,Headphones,Electronics,2,100,18.47
ORD003503,2025-06-01,C00629,West,P1001,Smartphone,Electronics,1,300,60.78
ORD003504,2024-10-26,C00527,North,P1002,Headphones,Electronics,1,50,17.27
ORD003505,2023-10-30,C00856,North,P2001,Lamp,Home Decor,1,25,3.1
ORD003506,2025-03-16,C00431,East,P4002,Coffee,Grocery,1,10,1.77
ORD003507,2024-05-28,C00084,West,P3002,Shoes,Apparel,3,210,35.38
ORD003508,2024-08-02,C00378,West,P1001,Smartphone,Electronics,1,300,80.21
ORD003509,2025-07-01,C00542,South,P3002,Shoes,Apparel,1,70,13.15
ORD003510,2025-05-16,C00535,North,P3001,Shirt,Apparel,1,30,3.09
ORD003511,2024-11-15,C00537,West,P1002,Headphones,Electronics,1,50,17.13
ORD003512,2025-01-21,C00855,West,P4001,Milk,Grocery,2,6,0.61
ORD003513,2025-07-06,C00640,East,P4002,Coffee,Grocery,2,20,5.92
ORD003514,2024-06-19,C00097,West,P1002,Headphones,Electronics,1,50,5.61
ORD003515,2023-11-25,C00391,East,P4001,Milk,Grocery,2,6,2.03
ORD003516,2024-07-28,C00226,East,P2002,Sofa,Home Decor,2,1200,242.64
ORD003517,2023-12-16,C00837,East,P2001,Lamp,Home Decor,1,25,6.62
ORD003518,2024-05-31,C00114,West,P2001,Lamp,Home Decor,3,75,23.71
ORD003519,2025-06-10,C00169,West,P1001,Smartphone,Electronics,1,300,89.25
ORD003520,2024-04-29,C00147,South,P1001,Smartphone,Electronics,3,900,294.4
ORD003521,2024-01-19,C00692,South,P1001,Smartphone,Electronics,1,300,70.28
ORD003522,2025-09-18,C00512,West,P2001,Lamp,Home Decor,1,25,7.44
ORD003523,2024-10-18,C00508,West,P1002,Headphones,Electronics,2,100,18.43
ORD003524,2025-05-06,C00226,West,P4001,Milk,Grocery,1,3,0.67
ORD003525,2024-11-02,C00219,North,P1001,Smartphone,Electronics,1,300,51.12
ORD003526,2025-06-02,C00369,West,P3001,Shirt,Apparel,1,30,5.78
ORD003527,2025-03-04,C00884,East,P4002,Coffee,Grocery,3,30,9.51
ORD003528,2024-02-28,C00039,South,P3002,Shoes,Apparel,1,70,22.77
ORD003529,2023-12-09,C00962,West,P1002,Headphones,Electronics,1,50,8.25
ORD003530,2024-11-12,C00540,West,P4002,Coffee,Grocery,1,10,2.89
ORD003531,2025-02-28,C00563,East,P2002,Sofa,Home Decor,1,600,141.16
ORD003532,2024-02-14,C00711,West,P1001,Smartphone,Electronics,1,300,95.35
ORD003533,2025-07-29,C00453,East,P3001,Shirt,Apparel,1,30,8.53
ORD003534,2024-02-14,C00547,East,P3002,Shoes,Apparel,1,70,20.02
ORD003535,2024-08-02,C00463,West,P1001,Smartphone,Electronics,1,300,70.54
ORD003536,2025-05-26,C00107,East,P2001,Lamp,Home Decor,1,25,3.86
ORD003537,2024-02-02,C00716,West,P3001,Shirt,Apparel,1,30,7.24
ORD003538,2025-07-03,C00819,West,P3002,Shoes,Apparel,3,210,28.5
ORD003539,2025-03-21,C00658,North,P2001,Lamp,Home Decor,2,50,13.94
ORD003540,2025-08-06,C00985,West,P3001,Shirt,Apparel,3,90,18.77
ORD003541,2024-12-11,C00010,North,P3001,Shirt,Apparel,1,30,7.28
ORD003542,2023-11-17,C00267,West,P2002,Sofa,Home Decor,1,600,100.1
ORD003543,2024-04-15,C00757,South,P4002,Coffee,Grocery,1,10,1.16
ORD003544,2025-04-03,C00911,West,P1001,Smartphone,Electronics,1,300,101.62
ORD003545,2025-07-12,C00741,South,P4002,Coffee,Grocery,3,30,5.28
ORD003546,2023-11-26,C00209,East,P2002,Sofa,Home Decor,1,600,196.99
ORD003547,2025-06-14,C00367,West,P4002,Coffee,Grocery,1,10,2.44
ORD003548,2025-09-26,C00450,West,P3001,Shirt,Apparel,1,30,5.31
ORD003549,2024-04-13,C00178,West,P4001,Milk,Grocery,1,3,0.73
ORD003550,2025-05-10,C00143,South,P2001,Lamp,Home Decor,1,25,3.91
ORD003551,2024-06-08,C00603,North,P1002,Headphones,Electronics,2,100,34.25
ORD003552,2024-06-09,C00630,East,P2001,Lamp,Home Decor,3,75,22.08
ORD003553,2024-04-27,C00775,West,P3002,Shoes,Apparel,1,70,13.1
ORD003554,2025-09-03,C00699,North,P2002,Sofa,Home Decor,1,600,165.83
ORD003555,2025-10-10,C00246,West,P3001,Shirt,Apparel,2,60,16.17
ORD003556,2025-09-25,C00704,West,P1001,Smartphone,Electronics,1,300,58.08
ORD003557,2024-08-23,C00402,West,P4001,Milk,Grocery,2,6,1.18
ORD003558,2024-01-17,C00376,South,P1002,Headphones,Electronics,1,50,14.24
ORD003559,2025-08-02,C00765,North,P4001,Milk,Grocery,1,3,0.93
ORD003560,2024-01-16,C00802,South,P1002,Headphones,Electronics,2,100,15.18
ORD003561,2024-10-14,C00409,West,P3002,Shoes,Apparel,1,70,23.04
ORD003562,2024-06-24,C00427,East,P1001,Smartphone,Electronics,1,300,87.41
ORD003563,2025-09-21,C00959,South,P3002,Shoes,Apparel,1,70,10.27
ORD003564,2025-09-29,C00939,North,P3002,Shoes,Apparel,3,210,32.8
ORD003565,2024-05-04,C00280,East,P3002,Shoes,Apparel,1,70,22.12
ORD003566,2024-02-05,C00703,East,P3002,Shoes,Apparel,1,70,12.2
ORD003567,2024-02-10,C00050,North,P2001,Lamp,Home Decor,1,25,5.43
ORD003568,2024-02-05,C00317,East,P4001,Milk,Grocery,1,3,0.97
ORD003569,2024-06-11,C00991,North,P3002,Shoes,Apparel,1,70,14.07
ORD003570,2024-08-08,C00917,East,P1002,Headphones,Electronics,2,100,34.51
ORD003571,2024-09-22,C00553,North,P3002,Shoes,Apparel,1,70,10.36
ORD003572,2025-08-15,C00740,North,P1002,Headphones,Electronics,1,50,10.05
ORD003573,2024-10-01,C00335,West,P3001,Shirt,Apparel,1,30,8.41
ORD003574,2024-07-03,C00892,West,P2002,Sofa,Home Decor,2,1200,319.64
ORD003575,2025-08-15,C00861,North,P3002,Shoes,Apparel,1,70,8.77
ORD003576,2025-08-31,C00759,West,P1001,Smartphone,Electronics,1,300,31.47
ORD003577,2024-06-12,C00701,West,P2002,Sofa,Home Decor,1,600,103.41
ORD003578,2025-06-08,C00933,North,P4001,Milk,Grocery,1,3,0.78
ORD003579,2023-12-20,C00802,South,P3001,Shirt,Apparel,2,60,14.79
ORD003580,2024-01-23,C00963,West,P3001,Shirt,Apparel,1,30,8.05
ORD003581,2025-07-11,C00965,North,P3002,Shoes,Apparel,2,140,39.37
ORD003582,2025-01-01,C00443,North,P4001,Milk,Grocery,1,3,0.79
ORD003583,2024-08-03,C00095,North,P4002,Coffee,Grocery,1,10,1.3
ORD003584,2025-06-25,C00504,East,P1001,Smartphone,Electronics,1,300,37.4
ORD003585,2025-10-13,C00137,East,P1002,Headphones,Electronics,1,50,15.02
ORD003586,2025-07-26,C00243,West,P2002,Sofa,Home Decor,2,1200,392.07
ORD003587,2024-12-12,C00408,North,P3001,Shirt,Apparel,1,30,8.74
ORD003588,2024-01-11,C00159,North,P2001,Lamp,Home Decor,1,25,5.56
ORD003589,2025-01-25,C00057,East,P4001,Milk,Grocery,1,3,0.36
ORD003590,2025-05-18,C00376,West,P4002,Coffee,Grocery,1,10,2.94
ORD003591,2023-11-26,C00486,West,P1001,Smartphone,Electronics,1,300,65.69
ORD003592,2024-06-13,C00819,North,P2002,Sofa,Home Decor,1,600,117.84
ORD003593,2023-12-24,C00436,East,P1001,Smartphone,Electronics,2,600,189.94
ORD003594,2025-09-15,C00598,North,P2001,Lamp,Home Decor,1,25,3.13
ORD003595,2024-06-03,C00246,North,P2002,Sofa,Home Decor,3,1800,472.16
ORD003596,2024-07-29,C00444,West,P2002,Sofa,Home Decor,1,600,191.11
ORD003597,2024-10-14,C00227,West,P3002,Shoes,Apparel,2,140,46.92
ORD003598,2025-04-25,C00150,North,P1002,Headphones,Electronics,1,50,5.5
ORD003599,2025-04-27,C00072,South,P3001,Shirt,Apparel,1,30,8.54
ORD003600,2023-12-10,C00299,West,P2001,Lamp,Home Decor,1,25,4.24
ORD003601,2024-05-12,C00733,West,P3001,Shirt,Apparel,1,30,8.41
ORD003602,2024-12-26,C00554,South,P4001,Milk,Grocery,2,6,1.45
ORD003603,2025-04-09,C00625,North,P2002,Sofa,Home Decor,2,1200,417.58
ORD003604,2025-09-27,C00941,West,P4001,Milk,Grocery,1,3,0.36
ORD003605,2024-05-14,C00313,East,P4002,Coffee,Grocery,3,30,5.96
ORD003606,2025-01-12,C00146,East,P4002,Coffee,Grocery,1,10,3.35
ORD003607,2024-03-27,C00778,East,P2002,Sofa,Home Decor,2,1200,122.35
ORD003608,2025-05-05,C00167,West,P2002,Sofa,Home Decor,1,600,167.83
ORD003609,2024-11-10,C00468,South,P3001,Shirt,Apparel,1,30,6.34
ORD003610,2025-03-14,C00632,North,P3001,Shirt,Apparel,2,60,8.39
ORD003611,2024-02-11,C00294,North,P4001,Milk,Grocery,1,3,0.37
ORD003612,2025-06-19,C00547,South,P3001,Shirt,Apparel,2,60,15.9
ORD003613,2024-02-26,C00762,South,P4002,Coffee,Grocery,2,20,5.73
ORD003614,2024-03-22,C00399,North,P3001,Shirt,Apparel,1,30,6.3
ORD003615,2025-02-10,C00032,East,P3002,Shoes,Apparel,1,70,23.12
ORD003616,2025-09-09,C00300,East,P3002,Shoes,Apparel,2,140,21.49
ORD003617,2025-01-11,C00249,North,P3002,Shoes,Apparel,2,140,32.02
ORD003618,2023-11-14,C00813,West,P1002,Headphones,Electronics,1,50,8.13
ORD003619,2024-07-08,C00761,West,P4002,Coffee,Grocery,3,30,4.03
ORD003620,2025-08-16,C00254,South,P2001,Lamp,Home Decor,2,50,5.57
ORD003621,2024-06-07,C00744,East,P2001,Lamp,Home Decor,2,50,7.26
ORD003622,2025-01-28,C00303,South,P2001,Lamp,Home Decor,1,25,5.04
ORD003623,2024-10-09,C00362,South,P4001,Milk,Grocery,1,3,0.71
ORD003624,2025-04-13,C00492,East,P1001,Smartphone,Electronics,2,600,68.46
ORD003625,2025-02-28,C00553,North,P4002,Coffee,Grocery,1,10,2.4
ORD003626,2024-07-01,C00031,East,P2002,Sofa,Home Decor,1,600,64.74
ORD003627,2024-04-30,C00956,South,P3001,Shirt,Apparel,2,60,18.43
ORD003628,2025-08-29,C00471,West,P1002,Headphones,Electronics,1,50,9.89
ORD003629,2024-04-22,C00572,East,P4001,Milk,Grocery,1,3,0.49
ORD003630,2024-09-01,C00709,East,P1002,Headphones,Electronics,2,100,33.77
ORD003631,2024-02-01,C00893,North,P2001,Lamp,Home Decor,1,25,6.14
ORD003632,2024-07-25,C00350,West,P1002,Headphones,Electronics,1,50,11.82
ORD003633,2025-07-22,C00897,East,P4002,Coffee,Grocery,2,20,2.88
ORD003634,2025-05-29,C00675,East,P4001,Milk,Grocery,2,6,1.84
ORD003635,2024-02-25,C00308,South,P3001,Shirt,Apparel,1,30,9.28
ORD003636,2024-07-02,C00769,North,P1002,Headphones,Electronics,1,50,11.43
ORD003637,2023-10-18,C00821,West,P2002,Sofa,Home Decor,1,600,122.98
ORD003638,2024-06-26,C00052,North,P2002,Sofa,Home Decor,1,600,206.2
ORD003639,2024-09-14,C00071,North,P4001,Milk,Grocery,1,3,0.57
ORD003640,2025-04-30,C00310,East,P2001,Lamp,Home Decor,1,25,7.63
ORD003641,2024-10-13,C00837,South,P3001,Shirt,Apparel,1,30,4.34
ORD003642,2024-03-21,C00246,East,P4001,Milk,Grocery,1,3,0.41
ORD003643,2025-08-31,C00021,North,P3001,Shirt,Apparel,1,30,4.88
ORD003644,2025-04-30,C00827,East,P4001,Milk,Grocery,1,3,0.82
ORD003645,2023-11-25,C00049,South,P1002,Headphones,Electronics,1,50,8.66
ORD003646,2025-08-14,C00973,East,P3001,Shirt,Apparel,1,30,6.68
ORD003647,2024-04-03,C00711,West,P3002,Shoes,Apparel,2,140,30.84
ORD003648,2025-08-28,C00529,North,P2001,Lamp,Home Decor,1,25,5.19
ORD003649,2023-11-15,C00215,East,P3002,Shoes,Apparel,1,70,21.3
ORD003650,2024-12-02,C00283,South,P4002,Coffee,Grocery,2,20,2.54
ORD003651,2024-08-10,C00543,West,P3001,Shirt,Apparel,1,30,7.44
ORD003652,2023-12-04,C00887,North,P1001,Smartphone,Electronics,1,300,104.69
ORD003653,2024-08-20,C00379,South,P3002,Shoes,Apparel,3,210,43.42
ORD003654,2025-04-27,C00110,West,P3002,Shoes,Apparel,1,70,10.74
ORD003655,2024-11-05,C00698,South,P2002,Sofa,Home Decor,3,1800,268.06
ORD003656,2025-04-29,C00954,East,P1002,Headphones,Electronics,2,100,25.01
ORD003657,2024-01-21,C00607,West,P2002,Sofa,Home Decor,1,600,116.0
ORD003658,2024-07-13,C00206,South,P2002,Sofa,Home Decor,1,600,91.98
ORD003659,2025-04-03,C00074,North,P2001,Lamp,Home Decor,1,25,4.19
ORD003660,2025-05-11,C00179,West,P4001,Milk,Grocery,2,6,2.06
ORD003661,2024-10-28,C00821,East,P4002,Coffee,Grocery,1,10,3.36
ORD003662,2025-06-16,C00251,East,P1002,Headphones,Electronics,1,50,11.15
ORD003663,2025-09-25,C00575,South,P4001,Milk,Grocery,2,6,1.39
ORD003664,2025-01-12,C00478,East,P4001,Milk,Grocery,1,3,0.52
ORD003665,2025-08-04,C00120,North,P1001,Smartphone,Electronics,1,300,55.07
ORD003666,2023-10-26,C00344,West,P3001,Shirt,Apparel,2,60,8.1
ORD003667,2025-03-17,C00899,East,P4002,Coffee,Grocery,1,10,1.45
ORD003668,2024-01-26,C00953,North,P4001,Milk,Grocery,1,3,0.35
ORD003669,2024-11-11,C00287,North,P1001,Smartphone,Electronics,1,300,101.88
ORD003670,2024-02-24,C00034,South,P1001,Smartphone,Electronics,3,900,230.53
ORD003671,2025-06-01,C00729,East,P4002,Coffee,Grocery,2,20,6.02
ORD003672,2024-12-06,C00127,South,P2002,Sofa,Home Decor,3,1800,212.35
ORD003673,2024-02-02,C00019,North,P1001,Smartphone,Electronics,1,300,101.52
ORD003674,2024-03-18,C00412,South,P2001,Lamp,Home Decor,1,25,5.07
ORD003675,2025-08-11,C00690,North,P4002,Coffee,Grocery,1,10,1.27
ORD003676,2024-11-26,C00021,North,P2002,Sofa,Home Decor,1,600,110.01
ORD003677,2025-01-31,C00120,North,P4001,Milk,Grocery,1,3,0.33
ORD003678,2024-12-08,C00234,North,P2002,Sofa,Home Decor,1,600,194.91
ORD003679,2025-01-27,C00857,West,P1002,Headphones,Electronics,2,100,32.25
ORD003680,2025-09-26,C00201,South,P2002,Sofa,Home Decor,1,600,120.34
ORD003681,2024-12-05,C00659,East,P1002,Headphones,Electronics,1,50,9.84
ORD003682,2024-05-01,C00941,South,P3002,Shoes,Apparel,3,210,56.77
ORD003683,2025-04-05,C00023,West,P3001,Shirt,Apparel,1,30,10.05
ORD003684,2024-03-17,C00047,East,P2002,Sofa,Home Decor,1,600,61.78
ORD003685,2025-05-31,C00576,East,P2002,Sofa,Home Decor,2,1200,255.63
ORD003686,2025-08-13,C00924,South,P4001,Milk,Grocery,1,3,0.36
ORD003687,2025-01-03,C00426,West,P4002,Coffee,Grocery,1,10,1.14
ORD003688,2024-01-02,C00460,North,P3001,Shirt,Apparel,3,90,24.87
ORD003689,2025-03-09,C00873,East,P1001,Smartphone,Electronics,2,600,99.8
ORD003690,2024-06-10,C00904,East,P3001,Shirt,Apparel,1,30,7.31
ORD003691,2024-11-10,C00533,West,P3001,Shirt,Apparel,1,30,9.37
ORD003692,2025-07-09,C00591,West,P2002,Sofa,Home Decor,1,600,78.08
ORD003693,2024-01-07,C00361,East,P1001,Smartphone,Electronics,2,600,111.36
ORD003694,2024-09-17,C00293,South,P4002,Coffee,Grocery,3,30,3.37
ORD003695,2025-08-04,C00606,East,P2002,Sofa,Home Decor,1,600,95.57
ORD003696,2024-03-18,C00177,North,P2001,Lamp,Home Decor,3,75,24.06
ORD003697,2025-04-24,C00220,North,P1001,Smartphone,Electronics,3,900,273.38
ORD003698,2024-09-27,C00789,North,P3001,Shirt,Apparel,2,60,8.41
ORD003699,2024-05-15,C00930,East,P2002,Sofa,Home Decor,1,600,169.18
ORD003700,2025-09-09,C00382,North,P2002,Sofa,Home Decor,1,600,126.55
ORD003701,2025-04-06,C00441,North,P4001,Milk,Grocery,3,9,3.03
ORD003702,2025-04-11,C00014,East,P4001,Milk,Grocery,1,3,0.88
ORD003703,2023-12-17,C00436,North,P3002,Shoes,Apparel,1,70,8.93
ORD003704,2025-01-21,C00676,North,P1002,Headphones,Electronics,1,50,5.42
ORD003705,2025-07-11,C00754,East,P1002,Headphones,Electronics,1,50,17.18
ORD003706,2024-04-14,C00446,South,P2002,Sofa,Home Decor,2,1200,178.18
ORD003707,2024-10-20,C00746,West,P3002,Shoes,Apparel,3,210,71.7
ORD003708,2024-09-24,C00579,West,P4002,Coffee,Grocery,2,20,3.08
ORD003709,2024-09-13,C00633,South,P3002,Shoes,Apparel,1,70,23.78
ORD003710,2025-02-04,C00404,West,P2001,Lamp,Home Decor,3,75,12.68
ORD003711,2025-03-04,C00107,East,P3001,Shirt,Apparel,1,30,9.5
ORD003712,2024-12-13,C00556,South,P3002,Shoes,Apparel,1,70,11.24
ORD003713,2025-05-19,C00567,South,P4002,Coffee,Grocery,2,20,2.56
ORD003714,2024-01-04,C00497,North,P3001,Shirt,Apparel,1,30,6.15
ORD003715,2023-11-13,C00485,West,P4001,Milk,Grocery,1,3,0.86
ORD003716,2024-05-02,C00087,East,P1002,Headphones,Electronics,1,50,15.35
ORD003717,2025-06-23,C00232,North,P2002,Sofa,Home Decor,3,1800,345.18
ORD003718,2024-01-13,C00466,South,P2002,Sofa,Home Decor,1,600,86.56
ORD003719,2025-10-01,C00573,East,P1002,Headphones,Electronics,1,50,6.88
ORD003720,2024-08-08,C00026,East,P4002,Coffee,Grocery,3,30,7.34
ORD003721,2023-12-11,C00635,West,P2002,Sofa,Home Decor,2,1200,235.49
ORD003722,2024-01-26,C00191,North,P3001,Shirt,Apparel,1,30,8.97
ORD003723,2025-09-26,C00405,South,P2002,Sofa,Home Decor,2,1200,412.4
ORD003724,2025-01-26,C00028,West,P4001,Milk,Grocery,1,3,0.72
ORD003725,2025-05-12,C00241,West,P3001,Shirt,Apparel,1,30,6.97
ORD003726,2025-01-01,C00799,East,P1002,Headphones,Electronics,1,50,16.88
ORD003727,2025-07-03,C00840,West,P1002,Headphones,Electronics,1,50,13.66
ORD003728,2024-12-14,C00348,South,P4001,Milk,Grocery,1,3,0.43
ORD003729,2024-06-25,C00398,East,P4001,Milk,Grocery,1,3,0.92
ORD003730,2024-06-25,C00945,East,P1002,Headphones,Electronics,3,150,41.06
ORD003731,2023-11-25,C00603,West,P2002,Sofa,Home Decor,1,600,206.34
ORD003732,2024-08-31,C00873,North,P2001,Lamp,Home Decor,3,75,26.21
ORD003733,2024-01-30,C00877,West,P4002,Coffee,Grocery,3,30,3.39
ORD003734,2024-09-10,C00207,North,P1002,Headphones,Electronics,1,50,7.51
ORD003735,2025-06-02,C00614,East,P4002,Coffee,Grocery,1,10,3.09
ORD003736,2024-05-01,C00833,South,P2001,Lamp,Home Decor,3,75,10.76
ORD003737,2025-08-24,C00577,West,P3001,Shirt,Apparel,1,30,3.66
ORD003738,2023-11-05,C00612,South,P1002,Headphones,Electronics,1,50,9.14
ORD003739,2024-01-07,C00839,South,P4002,Coffee,Grocery,1,10,3.33
ORD003740,2024-07-22,C00849,South,P2001,Lamp,Home Decor,1,25,5.95
ORD003741,2023-12-05,C00152,East,P4001,Milk,Grocery,1,3,0.95
ORD003742,2024-09-17,C00218,West,P2002,Sofa,Home Decor,1,600,160.24
ORD003743,2025-06-28,C00225,South,P3002,Shoes,Apparel,1,70,11.61
ORD003744,2025-10-01,C00384,East,P2002,Sofa,Home Decor,3,1800,181.93
ORD003745,2024-05-31,C00134,East,P3001,Shirt,Apparel,1,30,6.54
ORD003746,2025-09-01,C00894,South,P4002,Coffee,Grocery,1,10,1.28
ORD003747,2025-01-24,C00816,North,P4002,Coffee,Grocery,1,10,1.93
ORD003748,2024-10-26,C00869,North,P4002,Coffee,Grocery,1,10,1.11
ORD003749,2023-12-03,C00219,South,P4001,Milk,Grocery,1,3,0.38
ORD003750,2024-03-20,C00324,North,P3002,Shoes,Apparel,1,70,23.01
ORD003751,2024-08-05,C00563,South,P4002,Coffee,Grocery,1,10,2.9
ORD003752,2025-01-12,C00922,South,P1001,Smartphone,Electronics,1,300,33.85
ORD003753,2024-12-07,C00146,South,P4001,Milk,Grocery,1,3,0.74
ORD003754,2024-09-06,C00152,North,P4001,Milk,Grocery,1,3,0.59
ORD003755,2024-04-29,C00163,East,P3002,Shoes,Apparel,1,70,13.78
ORD003756,2024-12-18,C00550,South,P4001,Milk,Grocery,1,3,0.65
ORD003757,2025-01-22,C00237,North,P3002,Shoes,Apparel,1,70,22.19
ORD003758,2024-10-08,C00771,West,P3001,Shirt,Apparel,2,60,9.53
ORD003759,2023-11-13,C00203,North,P3002,Shoes,Apparel,3,210,43.63
ORD003760,2025-10-03,C00838,North,P3002,Shoes,Apparel,1,70,16.95
ORD003761,2024-11-25,C00465,East,P1001,Smartphone,Electronics,1,300,102.47
ORD003762,2025-08-09,C00625,West,P2001,Lamp,Home Decor,1,25,2.53
ORD003763,2024-04-28,C00871,East,P3002,Shoes,Apparel,1,70,15.77
ORD003764,2025-03-19,C00014,North,P2002,Sofa,Home Decor,1,600,157.52
ORD003765,2024-10-25,C00041,West,P2002,Sofa,Home Decor,1,600,85.53
ORD003766,2024-04-01,C00692,North,P2002,Sofa,Home Decor,1,600,132.95
ORD003767,2024-06-22,C00784,West,P2001,Lamp,Home Decor,3,75,21.78
ORD003768,2024-09-28,C00906,North,P3001,Shirt,Apparel,3,90,26.64
ORD003769,2025-02-06,C00184,East,P2002,Sofa,Home Decor,1,600,101.64
ORD003770,2025-08-17,C00134,North,P1002,Headphones,Electronics,1,50,8.38
ORD003771,2023-12-25,C00987,South,P1002,Headphones,Electronics,1,50,14.08
ORD003772,2024-12-24,C00413,West,P1002,Headphones,Electronics,3,150,23.88
ORD003773,2024-12-26,C00701,East,P1002,Headphones,Electronics,2,100,33.45
ORD003774,2025-04-13,C00360,North,P3002,Shoes,Apparel,1,70,19.29
ORD003775,2025-08-03,C00784,North,P2001,Lamp,Home Decor,1,25,6.45
ORD003776,2024-02-13,C00328,East,P3002,Shoes,Apparel,1,70,19.75
ORD003777,2024-08-30,C00822,West,P4002,Coffee,Grocery,1,10,3.17
ORD003778,2024-11-15,C00952,East,P4001,Milk,Grocery,1,3,0.56
ORD003779,2024-11-11,C00307,West,P2002,Sofa,Home Decor,1,600,122.16
ORD003780,2024-07-13,C00771,East,P1002,Headphones,Electronics,2,100,24.53
ORD003781,2025-06-20,C00814,South,P2001,Lamp,Home Decor,1,25,5.89
ORD003782,2024-04-09,C00457,East,P3002,Shoes,Apparel,1,70,12.72
ORD003783,2025-06-12,C00459,South,P4002,Coffee,Grocery,1,10,3.13
ORD003784,2025-01-15,C00797,South,P1002,Headphones,Electronics,1,50,10.27
ORD003785,2025-04-01,C00724,North,P2001,Lamp,Home Decor,1,25,4.85
ORD003786,2025-02-12,C00304,North,P2002,Sofa,Home Decor,1,600,203.53
ORD003787,2024-04-14,C00418,South,P4002,Coffee,Grocery,1,10,2.87
ORD003788,2024-05-29,C00730,South,P2001,Lamp,Home Decor,1,25,5.93
ORD003789,2025-04-14,C00311,East,P1002,Headphones,Electronics,1,50,16.39
ORD003790,2024-09-30,C00825,North,P4002,Coffee,Grocery,1,10,1.23
ORD003791,2024-04-11,C00112,East,P4002,Coffee,Grocery,1,10,3.21
ORD003792,2025-07-25,C00962,North,P3002,Shoes,Apparel,1,70,16.47
ORD003793,2024-02-02,C00124,West,P2001,Lamp,Home Decor,1,25,3.38
ORD003794,2025-08-26,C00318,South,P3001,Shirt,Apparel,1,30,7.77
ORD003795,2025-09-27,C00441,North,P4002,Coffee,Grocery,1,10,1.32
ORD003796,2025-06-19,C00809,East,P1002,Headphones,Electronics,1,50,13.52
ORD003797,2025-05-30,C00810,East,P1001,Smartphone,Electronics,3,900,168.19
ORD003798,2025-03-07,C00306,West,P3002,Shoes,Apparel,1,70,12.18
ORD003799,2024-11-08,C00659,West,P3002,Shoes,Apparel,1,70,18.89
ORD003800,2025-05-26,C00122,North,P1002,Headphones,Electronics,2,100,20.42
ORD003801,2024-04-14,C00518,North,P4002,Coffee,Grocery,2,20,6.61
ORD003802,2023-12-22,C00809,North,P1002,Headphones,Electronics,2,100,11.11
ORD003803,2024-04-18,C00269,East,P4002,Coffee,Grocery,3,30,9.18
ORD003804,2024-06-26,C00850,South,P1002,Headphones,Electronics,1,50,10.38
ORD003805,2023-10-30,C00821,West,P3002,Shoes,Apparel,1,70,23.35
ORD003806,2024-06-09,C00404,North,P1001,Smartphone,Electronics,1,300,84.35
ORD003807,2023-10-24,C00114,East,P4001,Milk,Grocery,2,6,1.49
ORD003808,2024-09-27,C00002,West,P1002,Headphones,Electronics,1,50,9.45
ORD003809,2025-01-16,C00368,South,P2002,Sofa,Home Decor,2,1200,315.62
ORD003810,2023-11-10,C00733,South,P1002,Headphones,Electronics,2,100,21.91
ORD003811,2024-05-05,C00177,West,P2002,Sofa,Home Decor,2,1200,286.76
ORD003812,2023-10-27,C00706,South,P1002,Headphones,Electronics,1,50,16.24
ORD003813,2025-04-22,C00290,South,P3001,Shirt,Apparel,3,90,16.55
ORD003814,2025-09-07,C00940,North,P4002,Coffee,Grocery,2,20,4.16
ORD003815,2023-12-03,C00426,East,P2001,Lamp,Home Decor,2,50,15.96
ORD003816,2025-10-16,C00599,East,P4002,Coffee,Grocery,1,10,1.16
ORD003817,2025-05-27,C00588,East,P3002,Shoes,Apparel,1,70,23.42
ORD003818,2024-03-05,C00295,North,P1001,Smartphone,Electronics,1,300,66.08
ORD003819,2025-01-26,C00028,West,P1002,Headphones,Electronics,1,50,8.5
ORD003820,2024-04-07,C00505,South,P2002,Sofa,Home Decor,1,600,99.98
ORD003821,2025-03-12,C00179,North,P4001,Milk,Grocery,2,6,1.94
ORD003822,2024-08-21,C00453,North,P2002,Sofa,Home Decor,1,600,92.25
ORD003823,2025-03-30,C00249,North,P1001,Smartphone,Electronics,1,300,35.36
ORD003824,2024-10-22,C00947,North,P2001,Lamp,Home Decor,3,75,23.98
ORD003825,2025-06-28,C00827,West,P4001,Milk,Grocery,1,3,0.85
ORD003826,2025-06-15,C00653,West,P2001,Lamp,Home Decor,2,50,14.96
ORD003827,2024-12-16,C00650,South,P1002,Headphones,Electronics,1,50,13.57
ORD003828,2024-04-17,C00917,North,P4002,Coffee,Grocery,3,30,5.18
ORD003829,2025-01-23,C00936,South,P3002,Shoes,Apparel,1,70,13.79
ORD003830,2024-12-15,C00547,South,P3002,Shoes,Apparel,2,140,29.25
ORD003831,2024-07-29,C00958,West,P1002,Headphones,Electronics,1,50,9.71
ORD003832,2023-10-26,C00334,East,P4002,Coffee,Grocery,2,20,3.94
ORD003833,2024-04-29,C00743,West,P1002,Headphones,Electronics,2,100,26.19
ORD003834,2025-08-04,C00207,South,P2002,Sofa,Home Decor,2,1200,171.59
ORD003835,2024-09-20,C00232,West,P4001,Milk,Grocery,2,6,1.42
ORD003836,2024-02-02,C00837,South,P1001,Smartphone,Electronics,1,300,103.17
ORD003837,2024-12-22,C00408,North,P2001,Lamp,Home Decor,2,50,9.02
ORD003838,2024-06-19,C00729,South,P1002,Headphones,Electronics,1,50,15.54
ORD003839,2025-05-08,C00415,West,P2002,Sofa,Home Decor,1,600,129.84
ORD003840,2024-08-23,C00117,North,P1001,Smartphone,Electronics,1,300,65.34
ORD003841,2023-12-14,C00067,South,P2002,Sofa,Home Decor,1,600,124.35
ORD003842,2025-01-21,C00326,South,P4002,Coffee,Grocery,1,10,3.46
ORD003843,2024-08-02,C00255,East,P2001,Lamp,Home Decor,2,50,17.39
ORD003844,2024-05-31,C00329,East,P3002,Shoes,Apparel,1,70,15.71
ORD003845,2024-12-12,C00245,East,P3002,Shoes,Apparel,1,70,11.65
ORD003846,2025-08-27,C00646,South,P1001,Smartphone,Electronics,1,300,60.32
ORD003847,2024-05-15,C00194,West,P4002,Coffee,Grocery,1,10,2.77
ORD003848,2024-11-16,C00160,South,P4001,Milk,Grocery,1,3,0.32
ORD003849,2025-09-27,C00283,West,P3002,Shoes,Apparel,3,210,49.97
ORD003850,2023-11-24,C00036,East,P3002,Shoes,Apparel,1,70,10.48
ORD003851,2025-04-18,C00734,North,P2001,Lamp,Home Decor,2,50,14.13
ORD003852,2023-11-21,C00809,South,P4001,Milk,Grocery,1,3,1.0
ORD003853,2025-10-06,C00563,South,P2002,Sofa,Home Decor,1,600,121.7
ORD003854,2025-08-20,C00423,West,P3002,Shoes,Apparel,3,210,56.22
ORD003855,2025-02-06,C00380,East,P2001,Lamp,Home Decor,2,50,8.53
ORD003856,2024-01-15,C00089,West,P2002,Sofa,Home Decor,3,1800,370.05
ORD003857,2024-01-07,C00389,North,P4001,Milk,Grocery,1,3,0.65
ORD003858,2024-01-08,C00743,South,P1002,Headphones,Electronics,1,50,9.77
ORD003859,2024-04-20,C00962,East,P1002,Headphones,Electronics,1,50,15.92
ORD003860,2024-09-04,C00180,North,P1001,Smartphone,Electronics,1,300,96.5
ORD003861,2025-01-12,C00451,South,P4002,Coffee,Grocery,1,10,3.15
ORD003862,2025-03-19,C00737,East,P4002,Coffee,Grocery,1,10,2.76
ORD003863,2025-10-14,C00160,West,P3002,Shoes,Apparel,2,140,27.99
ORD003864,2024-09-07,C00714,West,P3001,Shirt,Apparel,1,30,3.25
ORD003865,2024-10-01,C00666,West,P1001,Smartphone,Electronics,1,300,75.08
ORD003866,2024-12-29,C00775,West,P2001,Lamp,Home Decor,2,50,16.92
ORD003867,2023-10-27,C00826,West,P4002,Coffee,Grocery,3,30,9.38
ORD003868,2025-04-02,C00656,East,P2001,Lamp,Home Decor,1,25,4.28
ORD003869,2024-12-21,C00835,South,P2002,Sofa,Home Decor,2,1200,214.41
ORD003870,2024-03-20,C00861,East,P2002,Sofa,Home Decor,1,600,155.74
ORD003871,2024-11-21,C00978,South,P3002,Shoes,Apparel,1,70,20.42
ORD003872,2025-05-13,C00752,East,P1001,Smartphone,Electronics,1,300,97.92
ORD003873,2024-04-24,C00318,West,P2001,Lamp,Home Decor,1,25,3.97
ORD003874,2024-07-13,C00916,South,P3002,Shoes,Apparel,1,70,9.73
ORD003875,2024-01-27,C00763,South,P3002,Shoes,Apparel,1,70,11.26
ORD003876,2023-11-17,C00392,North,P2001,Lamp,Home Decor,1,25,6.06
ORD003877,2025-10-07,C00143,North,P3002,Shoes,Apparel,1,70,7.32
ORD003878,2024-10-19,C00291,North,P4001,Milk,Grocery,1,3,0.49
ORD003879,2025-05-13,C00827,South,P2001,Lamp,Home Decor,1,25,8.05
ORD003880,2025-01-18,C00289,West,P3001,Shirt,Apparel,3,90,21.0
ORD003881,2025-06-11,C00438,East,P4002,Coffee,Grocery,1,10,1.04
ORD003882,2024-10-10,C00612,South,P1001,Smartphone,Electronics,1,300,94.02
ORD003883,2025-08-21,C00730,West,P1002,Headphones,Electronics,1,50,10.1
ORD003884,2023-12-17,C00648,South,P4002,Coffee,Grocery,1,10,3.18
ORD003885,2023-11-29,C00432,East,P1001,Smartphone,Electronics,1,300,40.77
ORD003886,2023-12-12,C00528,South,P4002,Coffee,Grocery,1,10,2.44
ORD003887,2025-01-04,C00669,North,P2001,Lamp,Home Decor,1,25,6.8
ORD003888,2025-07-15,C00212,South,P4001,Milk,Grocery,1,3,0.67
ORD003889,2025-07-02,C00336,East,P2002,Sofa,Home Decor,1,600,167.88
ORD003890,2024-03-28,C00560,West,P1002,Headphones,Electronics,1,50,17.1
ORD003891,2023-12-12,C00585,West,P3001,Shirt,Apparel,1,30,7.2
ORD003892,2024-09-18,C00826,West,P2002,Sofa,Home Decor,1,600,168.5
ORD003893,2024-06-17,C00305,South,P4001,Milk,Grocery,1,3,0.88
ORD003894,2025-04-22,C00458,East,P3001,Shirt,Apparel,1,30,4.58
ORD003895,2025-05-19,C00509,North,P2002,Sofa,Home Decor,1,600,102.74
ORD003896,2023-10-31,C00649,East,P4002,Coffee,Grocery,2,20,6.99
ORD003897,2024-09-14,C00558,South,P3002,Shoes,Apparel,1,70,24.01
ORD003898,2025-01-28,C00627,South,P1002,Headphones,Electronics,1,50,5.7
ORD003899,2025-05-18,C00659,East,P1002,Headphones,Electronics,3,150,46.86
ORD003900,2025-02-15,C00378,West,P1002,Headphones,Electronics,1,50,8.56
ORD003901,2025-10-03,C00154,East,P4002,Coffee,Grocery,3,30,5.18
ORD003902,2025-01-18,C00559,South,P1001,Smartphone,Electronics,1,300,57.27
ORD003903,2025-05-23,C00710,South,P3002,Shoes,Apparel,1,70,8.5
ORD003904,2025-06-08,C00655,West,P1001,Smartphone,Electronics,1,300,59.19
ORD003905,2024-05-10,C00555,South,P2001,Lamp,Home Decor,2,50,14.27
ORD003906,2025-08-24,C00463,East,P4001,Milk,Grocery,2,6,1.0
ORD003907,2025-03-17,C00272,East,P3002,Shoes,Apparel,3,210,62.82
ORD003908,2024-11-12,C00521,North,P3002,Shoes,Apparel,2,140,24.89
ORD003909,2025-03-14,C00891,West,P2001,Lamp,Home Decor,1,25,5.98
ORD003910,2025-05-11,C00689,West,P1002,Headphones,Electronics,2,100,12.56
ORD003911,2024-11-22,C00100,North,P3001,Shirt,Apparel,1,30,4.65
ORD003912,2024-12-16,C00942,South,P3002,Shoes,Apparel,1,70,10.84
ORD003913,2024-10-02,C00573,South,P3002,Shoes,Apparel,1,70,12.95
ORD003914,2025-05-16,C00170,North,P2001,Lamp,Home Decor,1,25,3.79
ORD003915,2024-08-14,C00670,West,P3002,Shoes,Apparel,3,210,64.46
ORD003916,2025-02-19,C00479,North,P1002,Headphones,Electronics,1,50,14.82
ORD003917,2025-02-19,C00426,South,P3001,Shirt,Apparel,1,30,3.71
ORD003918,2025-06-20,C00796,West,P2002,Sofa,Home Decor,1,600,189.08
ORD003919,2024-09-10,C00499,South,P2001,Lamp,Home Decor,1,25,4.23
ORD003920,2023-12-27,C00946,South,P1001,Smartphone,Electronics,1,300,40.94
ORD003921,2025-03-10,C00167,East,P2002,Sofa,Home Decor,2,1200,175.18
ORD003922,2024-08-29,C00226,North,P3001,Shirt,Apparel,2,60,20.07
ORD003923,2025-08-15,C00709,West,P1001,Smartphone,Electronics,2,600,133.52
ORD003924,2024-11-04,C00525,North,P4002,Coffee,Grocery,1,10,2.77
ORD003925,2025-01-09,C00065,East,P2002,Sofa,Home Decor,2,1200,197.02
ORD003926,2025-02-15,C00544,West,P2001,Lamp,Home Decor,3,75,15.1
ORD003927,2024-07-21,C00998,South,P2001,Lamp,Home Decor,1,25,8.29
ORD003928,2025-10-01,C00432,East,P4002,Coffee,Grocery,1,10,1.7
ORD003929,2024-11-19,C00411,North,P1001,Smartphone,Electronics,2,600,177.73
ORD003930,2024-02-17,C00748,North,P3001,Shirt,Apparel,1,30,4.88
ORD003931,2024-10-09,C00527,West,P2002,Sofa,Home Decor,3,1800,236.37
ORD003932,2024-09-22,C00654,South,P3001,Shirt,Apparel,3,90,22.08
ORD003933,2024-03-16,C00368,South,P1002,Headphones,Electronics,1,50,15.63
ORD003934,2025-03-20,C00762,East,P4001,Milk,Grocery,1,3,0.9
ORD003935,2025-01-11,C00678,South,P3002,Shoes,Apparel,1,70,14.56
ORD003936,2023-11-04,C00912,East,P2002,Sofa,Home Decor,2,1200,122.77
ORD003937,2024-06-04,C00186,West,P3002,Shoes,Apparel,2,140,24.92
ORD003938,2024-05-30,C00815,West,P2002,Sofa,Home Decor,1,600,157.9
ORD003939,2024-02-17,C00656,West,P3002,Shoes,Apparel,1,70,18.17
ORD003940,2025-06-02,C00380,East,P3001,Shirt,Apparel,1,30,4.81
ORD003941,2023-12-18,C00356,South,P3002,Shoes,Apparel,1,70,22.6
ORD003942,2024-08-28,C00081,South,P4001,Milk,Grocery,1,3,0.82
ORD003943,2025-05-26,C00283,North,P1001,Smartphone,Electronics,1,300,38.67
ORD003944,2024-08-05,C00316,West,P4002,Coffee,Grocery,1,10,2.84
ORD003945,2025-01-30,C00775,East,P2001,Lamp,Home Decor,3,75,14.59
ORD003946,2024-10-02,C00469,West,P4001,Milk,Grocery,1,3,0.82
ORD003947,2024-06-08,C00165,East,P4002,Coffee,Grocery,2,20,6.61
ORD003948,2025-02-14,C00507,North,P2001,Lamp,Home Decor,3,75,9.3
ORD003949,2025-02-21,C00546,South,P1001,Smartphone,Electronics,1,300,51.22
ORD003950,2025-07-04,C00703,North,P2002,Sofa,Home Decor,1,600,106.45
ORD003951,2024-05-08,C00360,North,P4002,Coffee,Grocery,2,20,3.27
ORD003952,2024-11-09,C00460,West,P3001,Shirt,Apparel,2,60,9.86
ORD003953,2024-12-16,C00205,North,P2001,Lamp,Home Decor,1,25,6.06
ORD003954,2024-11-29,C00309,West,P3002,Shoes,Apparel,2,140,28.08
ORD003955,2025-06-01,C00936,South,P1001,Smartphone,Electronics,3,900,149.39
ORD003956,2024-04-01,C00668,East,P2001,Lamp,Home Decor,1,25,5.41
ORD003957,2025-05-27,C00112,West,P4001,Milk,Grocery,2,6,1.67
ORD003958,2024-03-16,C00078,South,P1001,Smartphone,Electronics,1,300,45.35
ORD003959,2024-02-02,C00025,West,P1002,Headphones,Electronics,1,50,13.54
ORD003960,2024-09-07,C00215,East,P2002,Sofa,Home Decor,1,600,164.48
ORD003961,2024-07-25,C00428,North,P4002,Coffee,Grocery,1,10,1.97
ORD003962,2024-04-26,C00733,West,P2001,Lamp,Home Decor,1,25,7.0
ORD003963,2024-07-18,C00256,East,P1002,Headphones,Electronics,1,50,16.52
ORD003964,2024-12-20,C00603,South,P4002,Coffee,Grocery,1,10,2.77
ORD003965,2024-05-14,C00227,North,P3001,Shirt,Apparel,1,30,9.66
ORD003966,2024-05-14,C00949,North,P3001,Shirt,Apparel,2,60,11.02
ORD003967,2024-07-07,C00139,South,P3001,Shirt,Apparel,1,30,4.3
ORD003968,2023-11-06,C00486,West,P1001,Smartphone,Electronics,2,600,153.91
ORD003969,2025-10-01,C00284,East,P3001,Shirt,Apparel,1,30,3.27
ORD003970,2024-12-30,C00025,East,P3002,Shoes,Apparel,1,70,18.38
ORD003971,2025-10-05,C00883,West,P1002,Headphones,Electronics,3,150,38.11
ORD003972,2025-03-30,C00082,North,P2001,Lamp,Home Decor,1,25,4.29
ORD003973,2024-07-27,C00513,North,P2001,Lamp,Home Decor,1,25,8.43
ORD003974,2025-08-24,C00800,East,P3002,Shoes,Apparel,1,70,23.06
ORD003975,2024-01-09,C00080,East,P4002,Coffee,Grocery,1,10,1.47
ORD003976,2025-03-19,C00437,East,P4001,Milk,Grocery,2,6,2.06
ORD003977,2025-03-03,C00787,North,P3001,Shirt,Apparel,1,30,9.88
ORD003978,2025-08-23,C00279,East,P1001,Smartphone,Electronics,1,300,56.3
ORD003979,2025-07-07,C00948,West,P1001,Smartphone,Electronics,2,600,206.21
ORD003980,2024-09-20,C00819,South,P4002,Coffee,Grocery,2,20,6.82
ORD003981,2024-07-26,C00419,East,P2001,Lamp,Home Decor,1,25,2.67
ORD003982,2024-09-04,C00233,East,P3002,Shoes,Apparel,2,140,45.35
ORD003983,2025-08-22,C00573,East,P1002,Headphones,Electronics,1,50,12.6
ORD003984,2024-12-17,C00216,North,P3002,Shoes,Apparel,1,70,8.98
ORD003985,2025-05-24,C00855,North,P4002,Coffee,Grocery,2,20,4.75
ORD003986,2024-10-31,C00718,North,P4001,Milk,Grocery,1,3,0.51
ORD003987,2025-05-18,C00934,East,P3001,Shirt,Apparel,1,30,3.23
ORD003988,2025-03-27,C00192,West,P4001,Milk,Grocery,1,3,0.95
ORD003989,2023-11-27,C00264,West,P3001,Shirt,Apparel,1,30,4.59
ORD003990,2024-08-02,C00987,South,P4002,Coffee,Grocery,1,10,1.22
ORD003991,2025-04-20,C00639,South,P4001,Milk,Grocery,1,3,0.36
ORD003992,2024-12-18,C00483,South,P4001,Milk,Grocery,1,3,0.68
ORD003993,2025-03-11,C00765,South,P3001,Shirt,Apparel,3,90,25.58
ORD003994,2024-01-01,C00334,East,P1001,Smartphone,Electronics,1,300,45.66
ORD003995,2025-06-15,C00162,South,P4001,Milk,Grocery,3,9,1.9
ORD003996,2025-05-28,C00755,South,P3002,Shoes,Apparel,1,70,13.14
ORD003997,2024-01-14,C00430,North,P2002,Sofa,Home Decor,1,600,137.01
ORD003998,2025-04-26,C00899,North,P3002,Shoes,Apparel,1,70,8.74
ORD003999,2024-05-03,C00057,West,P1001,Smartphone,Electronics,1,300,44.31
ORD004000,2024-09-12,C00827,South,P1001,Smartphone,Electronics,2,600,103.32
ORD004001,2024-08-17,C00938,North,P1002,Headphones,Electronics,1,50,10.62
ORD004002,2025-06-23,C00254,East,P1002,Headphones,Electronics,1,50,5.92
ORD004003,2024-12-24,C00625,East,P4001,Milk,Grocery,3,9,1.15
ORD004004,2024-01-03,C00933,West,P3001,Shirt,Apparel,1,30,7.9
ORD004005,2023-11-05,C00278,North,P3001,Shirt,Apparel,1,30,4.5
ORD004006,2025-06-08,C00017,West,P3002,Shoes,Apparel,1,70,21.39
ORD004007,2024-08-10,C00060,North,P1002,Headphones,Electronics,2,100,13.66
ORD004008,2024-07-26,C00187,South,P2001,Lamp,Home Decor,1,25,7.22
ORD004009,2025-04-11,C00449,South,P4002,Coffee,Grocery,1,10,2.11
ORD004010,2024-08-04,C00130,East,P4002,Coffee,Grocery,1,10,1.45
ORD004011,2025-06-14,C00948,West,P3001,Shirt,Apparel,1,30,9.04
ORD004012,2024-11-21,C00596,South,P1001,Smartphone,Electronics,1,300,54.45
ORD004013,2025-08-02,C00723,South,P4002,Coffee,Grocery,1,10,1.37
ORD004014,2025-05-08,C00925,North,P1002,Headphones,Electronics,1,50,10.69
ORD004015,2025-02-19,C00901,West,P2002,Sofa,Home Decor,1,600,86.73
ORD004016,2023-10-23,C00368,West,P4002,Coffee,Grocery,1,10,2.05
ORD004017,2025-10-11,C00397,West,P2002,Sofa,Home Decor,1,600,138.79
ORD004018,2024-07-06,C00590,North,P4002,Coffee,Grocery,1,10,3.24
ORD004019,2025-05-23,C00842,East,P4002,Coffee,Grocery,2,20,2.78
ORD004020,2025-10-15,C00387,South,P2002,Sofa,Home Decor,1,600,144.42
ORD004021,2025-10-05,C00811,West,P2001,Lamp,Home Decor,1,25,4.39
ORD004022,2025-03-26,C00017,South,P3001,Shirt,Apparel,1,30,7.07
ORD004023,2025-04-26,C00651,North,P2001,Lamp,Home Decor,2,50,5.89
ORD004024,2024-01-24,C00624,East,P3002,Shoes,Apparel,1,70,18.59
ORD004025,2025-08-10,C00420,West,P3001,Shirt,Apparel,1,30,4.0
ORD004026,2024-04-15,C00933,North,P4001,Milk,Grocery,1,3,0.39
ORD004027,2025-09-09,C00206,South,P2002,Sofa,Home Decor,2,1200,276.33
ORD004028,2025-07-06,C00862,South,P1001,Smartphone,Electronics,1,300,82.86
ORD004029,2025-08-22,C00920,West,P4002,Coffee,Grocery,1,10,1.64
ORD004030,2025-04-24,C00794,North,P2001,Lamp,Home Decor,1,25,6.91
ORD004031,2024-01-14,C00720,East,P2001,Lamp,Home Decor,1,25,5.76
ORD004032,2025-01-01,C00361,West,P2001,Lamp,Home Decor,1,25,3.38
ORD004033,2025-02-21,C00058,North,P4001,Milk,Grocery,1,3,0.49
ORD004034,2025-04-23,C00467,East,P4001,Milk,Grocery,2,6,1.85
ORD004035,2024-02-05,C00625,East,P2001,Lamp,Home Decor,1,25,6.66
ORD004036,2025-02-04,C00145,South,P2002,Sofa,Home Decor,1,600,166.89
ORD004037,2024-06-14,C00313,South,P1001,Smartphone,Electronics,1,300,100.87
ORD004038,2024-12-25,C00631,West,P3001,Shirt,Apparel,1,30,5.64
ORD004039,2024-03-11,C00201,West,P2002,Sofa,Home Decor,3,1800,529.99
ORD004040,2024-03-05,C00478,North,P1002,Headphones,Electronics,2,100,17.98
ORD004041,2025-03-20,C00516,East,P4002,Coffee,Grocery,1,10,3.49
ORD004042,2025-05-14,C00478,East,P4002,Coffee,Grocery,2,20,3.74
ORD004043,2024-11-24,C00420,North,P4001,Milk,Grocery,2,6,0.95
ORD004044,2024-04-16,C00689,South,P2002,Sofa,Home Decor,1,600,123.01
ORD004045,2024-06-29,C00811,East,P1002,Headphones,Electronics,1,50,13.85
ORD004046,2025-04-26,C00750,North,P2002,Sofa,Home Decor,1,600,174.66
ORD004047,2025-04-18,C00140,South,P3001,Shirt,Apparel,1,30,4.1
ORD004048,2024-12-27,C00140,South,P3002,Shoes,Apparel,2,140,42.46
ORD004049,2024-05-07,C00397,North,P2002,Sofa,Home Decor,1,600,120.63
ORD004050,2025-03-24,C00870,North,P3002,Shoes,Apparel,1,70,23.78
ORD004051,2024-10-23,C00358,South,P2002,Sofa,Home Decor,2,1200,277.35
ORD004052,2024-11-12,C00509,West,P2001,Lamp,Home Decor,1,25,4.06
ORD004053,2025-03-04,C00055,East,P1001,Smartphone,Electronics,1,300,92.87
ORD004054,2024-06-17,C00707,South,P3002,Shoes,Apparel,1,70,16.44
ORD004055,2024-09-27,C00283,North,P1002,Headphones,Electronics,1,50,13.81
ORD004056,2024-02-15,C00182,East,P1001,Smartphone,Electronics,1,300,53.63
ORD004057,2025-04-02,C00266,East,P1001,Smartphone,Electronics,3,900,301.29
ORD004058,2025-08-16,C00260,East,P4002,Coffee,Grocery,2,20,4.33
ORD004059,2024-12-09,C00931,West,P2002,Sofa,Home Decor,2,1200,250.01
ORD004060,2024-12-05,C00062,East,P4001,Milk,Grocery,1,3,0.81
ORD004061,2024-06-10,C00639,South,P1002,Headphones,Electronics,3,150,18.65
ORD004062,2024-07-20,C00367,West,P1001,Smartphone,Electronics,1,300,101.65
ORD004063,2023-10-19,C00322,West,P2002,Sofa,Home Decor,1,600,202.47
ORD004064,2024-02-06,C00240,East,P3001,Shirt,Apparel,1,30,3.83
ORD004065,2024-06-29,C00343,East,P1002,Headphones,Electronics,2,100,28.24
ORD004066,2025-01-04,C00145,West,P2001,Lamp,Home Decor,2,50,9.48
ORD004067,2025-03-31,C00381,West,P1002,Headphones,Electronics,1,50,10.28
ORD004068,2025-06-09,C00398,East,P4001,Milk,Grocery,1,3,0.82
ORD004069,2025-04-28,C00297,North,P4001,Milk,Grocery,1,3,0.9
ORD004070,2025-07-20,C00553,North,P2002,Sofa,Home Decor,3,1800,192.46
ORD004071,2024-07-19,C00510,East,P4002,Coffee,Grocery,1,10,2.72
ORD004072,2024-11-19,C00959,East,P1001,Smartphone,Electronics,3,900,248.37
ORD004073,2024-09-01,C00410,North,P4001,Milk,Grocery,1,3,0.46
ORD004074,2025-03-08,C00065,North,P3002,Shoes,Apparel,1,70,10.94
ORD004075,2024-08-23,C00603,East,P2001,Lamp,Home Decor,1,25,6.91
ORD004076,2024-06-21,C00642,East,P3002,Shoes,Apparel,1,70,14.55
ORD004077,2024-01-06,C00968,South,P3001,Shirt,Apparel,1,30,4.09
ORD004078,2024-08-22,C00649,North,P1002,Headphones,Electronics,2,100,26.96
ORD004079,2024-01-23,C00488,East,P1001,Smartphone,Electronics,1,300,62.85
ORD004080,2025-04-29,C00116,South,P2001,Lamp,Home Decor,1,25,8.34
ORD004081,2025-03-06,C00686,North,P1002,Headphones,Electronics,1,50,6.85
ORD004082,2025-04-05,C00222,South,P1002,Headphones,Electronics,1,50,15.51
ORD004083,2025-08-31,C00694,East,P1001,Smartphone,Electronics,1,300,57.87
ORD004084,2025-09-29,C00876,East,P4001,Milk,Grocery,1,3,0.8
ORD004085,2023-12-10,C00518,South,P4001,Milk,Grocery,1,3,0.53
ORD004086,2023-12-28,C00008,South,P4001,Milk,Grocery,1,3,0.33
ORD004087,2024-06-14,C00304,East,P4001,Milk,Grocery,1,3,0.44
ORD004088,2023-12-20,C00010,West,P2001,Lamp,Home Decor,2,50,13.46
ORD004089,2024-05-19,C00996,West,P1002,Headphones,Electronics,1,50,7.33
ORD004090,2025-08-14,C00800,East,P4001,Milk,Grocery,2,6,1.79
ORD004091,2025-03-30,C00325,South,P2001,Lamp,Home Decor,1,25,5.18
ORD004092,2025-08-22,C00851,East,P2002,Sofa,Home Decor,1,600,63.31
ORD004093,2025-09-04,C00548,South,P1001,Smartphone,Electronics,2,600,158.94
ORD004094,2024-04-12,C00767,East,P3002,Shoes,Apparel,1,70,11.51
ORD004095,2024-10-04,C00958,North,P4001,Milk,Grocery,3,9,2.65
ORD004096,2025-05-20,C00678,South,P4002,Coffee,Grocery,1,10,1.43
ORD004097,2024-09-10,C00779,East,P1002,Headphones,Electronics,2,100,31.1
ORD004098,2025-04-08,C00787,East,P2002,Sofa,Home Decor,1,600,87.96
ORD004099,2024-04-03,C00344,West,P4002,Coffee,Grocery,1,10,1.37
ORD004100,2024-08-27,C00926,North,P1001,Smartphone,Electronics,3,900,297.08
ORD004101,2024-11-27,C00544,West,P2001,Lamp,Home Decor,1,25,2.55
ORD004102,2024-01-20,C00109,East,P4001,Milk,Grocery,1,3,0.87
ORD004103,2024-12-10,C00112,East,P2002,Sofa,Home Decor,3,1800,194.23
ORD004104,2024-05-15,C00574,North,P2002,Sofa,Home Decor,1,600,105.55
ORD004105,2025-03-13,C00501,East,P1002,Headphones,Electronics,2,100,23.24
ORD004106,2023-11-05,C00238,West,P1002,Headphones,Electronics,1,50,5.98
ORD004107,2025-04-12,C00500,North,P4001,Milk,Grocery,1,3,0.9
ORD004108,2024-11-16,C00112,North,P4001,Milk,Grocery,1,3,0.34
ORD004109,2025-06-27,C00138,East,P3001,Shirt,Apparel,1,30,10.27
ORD004110,2023-11-26,C00362,South,P1001,Smartphone,Electronics,1,300,51.56
ORD004111,2024-05-21,C00732,North,P1002,Headphones,Electronics,1,50,14.62
ORD004112,2025-04-09,C00744,West,P2001,Lamp,Home Decor,1,25,3.65
ORD004113,2024-01-09,C00371,South,P1002,Headphones,Electronics,2,100,10.53
ORD004114,2025-09-20,C00723,East,P3002,Shoes,Apparel,1,70,9.99
ORD004115,2024-12-01,C00498,East,P2001,Lamp,Home Decor,1,25,4.63
ORD004116,2025-03-19,C00170,North,P3001,Shirt,Apparel,1,30,9.27
ORD004117,2024-07-01,C00232,West,P3002,Shoes,Apparel,1,70,22.65
ORD004118,2024-01-17,C00177,North,P4001,Milk,Grocery,1,3,0.41
ORD004119,2025-09-22,C00479,West,P1001,Smartphone,Electronics,1,300,102.85
ORD004120,2024-02-08,C00916,South,P3001,Shirt,Apparel,1,30,7.52
ORD004121,2025-07-10,C00098,North,P1002,Headphones,Electronics,2,100,34.23
ORD004122,2024-09-03,C00784,North,P4001,Milk,Grocery,2,6,2.09
ORD004123,2024-02-15,C00875,South,P3001,Shirt,Apparel,1,30,9.79
ORD004124,2025-08-30,C00472,South,P3002,Shoes,Apparel,2,140,37.47
ORD004125,2025-03-22,C00162,North,P2002,Sofa,Home Decor,2,1200,237.15
ORD004126,2024-07-31,C00700,West,P1002,Headphones,Electronics,2,100,13.49
ORD004127,2024-03-29,C00879,West,P3001,Shirt,Apparel,1,30,7.21
ORD004128,2024-10-05,C00741,North,P4001,Milk,Grocery,1,3,0.6
ORD004129,2024-09-13,C00597,South,P1001,Smartphone,Electronics,1,300,47.96
ORD004130,2024-03-10,C00019,East,P2002,Sofa,Home Decor,2,1200,185.71
ORD004131,2024-09-24,C00403,South,P1001,Smartphone,Electronics,1,300,80.79
ORD004132,2024-04-09,C00967,South,P2002,Sofa,Home Decor,1,600,127.68
ORD004133,2024-05-02,C00479,North,P4002,Coffee,Grocery,1,10,1.14
ORD004134,2023-12-07,C00519,West,P3001,Shirt,Apparel,1,30,9.64
ORD004135,2025-05-08,C00689,East,P2001,Lamp,Home Decor,3,75,13.55
ORD004136,2025-04-18,C00706,West,P3002,Shoes,Apparel,1,70,11.05
ORD004137,2024-05-07,C00936,North,P1002,Headphones,Electronics,1,50,6.92
ORD004138,2024-07-21,C00165,West,P4002,Coffee,Grocery,1,10,2.96
ORD004139,2024-04-21,C00077,South,P2001,Lamp,Home Decor,1,25,5.43
ORD004140,2023-11-11,C00758,East,P2002,Sofa,Home Decor,1,600,114.12
ORD004141,2025-10-08,C00785,West,P2001,Lamp,Home Decor,2,50,10.5
ORD004142,2024-04-07,C00205,North,P3002,Shoes,Apparel,1,70,20.55
ORD004143,2025-02-17,C00798,North,P1002,Headphones,Electronics,1,50,13.06
ORD004144,2024-05-03,C00654,South,P3001,Shirt,Apparel,1,30,7.49
ORD004145,2025-08-31,C00499,North,P4002,Coffee,Grocery,2,20,3.68
ORD004146,2023-11-12,C00792,East,P2002,Sofa,Home Decor,1,600,145.0
ORD004147,2024-01-21,C00777,East,P2002,Sofa,Home Decor,3,1800,615.76
ORD004148,2024-02-28,C00886,South,P2002,Sofa,Home Decor,1,600,121.06
ORD004149,2025-06-02,C00152,North,P4002,Coffee,Grocery,1,10,2.0
ORD004150,2023-11-28,C00361,West,P4002,Coffee,Grocery,1,10,2.17
ORD004151,2023-12-25,C00931,East,P3002,Shoes,Apparel,1,70,13.09
ORD004152,2025-02-14,C00878,West,P1001,Smartphone,Electronics,2,600,121.73
ORD004153,2024-08-15,C00751,West,P2002,Sofa,Home Decor,2,1200,329.81
ORD004154,2024-11-26,C00480,North,P4002,Coffee,Grocery,1,10,3.46
ORD004155,2025-10-05,C00982,South,P3001,Shirt,Apparel,1,30,4.35
ORD004156,2024-04-04,C00214,West,P3002,Shoes,Apparel,1,70,14.33
ORD004157,2023-12-13,C00825,North,P1001,Smartphone,Electronics,1,300,61.73
ORD004158,2023-12-24,C00365,West,P3002,Shoes,Apparel,1,70,19.84
ORD004159,2024-06-30,C00207,West,P1002,Headphones,Electronics,2,100,26.93
ORD004160,2025-04-10,C00093,West,P2002,Sofa,Home Decor,3,1800,625.14
ORD004161,2024-11-15,C00441,West,P3002,Shoes,Apparel,1,70,12.29
ORD004162,2023-12-16,C00064,West,P1001,Smartphone,Electronics,1,300,87.6
ORD004163,2025-04-23,C00519,West,P4002,Coffee,Grocery,1,10,3.41
ORD004164,2025-06-08,C00098,West,P4002,Coffee,Grocery,1,10,3.1
ORD004165,2025-01-31,C00411,South,P2002,Sofa,Home Decor,1,600,112.68
ORD004166,2025-03-13,C00637,North,P2002,Sofa,Home Decor,1,600,194.73
ORD004167,2024-08-03,C00076,East,P2001,Lamp,Home Decor,1,25,4.81
ORD004168,2024-04-06,C00489,North,P3001,Shirt,Apparel,1,30,3.42
ORD004169,2025-03-14,C00800,South,P2001,Lamp,Home Decor,1,25,3.25
ORD004170,2024-04-18,C00597,South,P2002,Sofa,Home Decor,1,600,146.18
ORD004171,2023-10-28,C00754,South,P2002,Sofa,Home Decor,1,600,100.98
ORD004172,2024-01-03,C00245,South,P2001,Lamp,Home Decor,1,25,7.2
ORD004173,2023-12-24,C00650,South,P4001,Milk,Grocery,2,6,1.53
ORD004174,2024-04-19,C00525,West,P4002,Coffee,Grocery,2,20,4.46
ORD004175,2024-07-26,C00713,South,P3002,Shoes,Apparel,1,70,10.82
ORD004176,2024-12-29,C00293,South,P4002,Coffee,Grocery,1,10,2.19
ORD004177,2025-04-21,C00527,West,P4002,Coffee,Grocery,1,10,2.29
ORD004178,2025-08-14,C00044,West,P2002,Sofa,Home Decor,2,1200,356.7
ORD004179,2025-01-28,C00880,East,P3001,Shirt,Apparel,1,30,6.04
ORD004180,2024-09-28,C00543,South,P1001,Smartphone,Electronics,1,300,78.65
ORD004181,2025-05-05,C00765,North,P1002,Headphones,Electronics,2,100,15.23
ORD004182,2024-03-04,C00314,East,P4001,Milk,Grocery,1,3,0.33
ORD004183,2024-09-12,C00215,South,P1002,Headphones,Electronics,2,100,12.92
ORD004184,2023-12-18,C00344,South,P2001,Lamp,Home Decor,1,25,6.98
ORD004185,2024-07-06,C00406,West,P3002,Shoes,Apparel,3,210,37.06
ORD004186,2024-08-03,C00691,South,P2002,Sofa,Home Decor,3,1800,347.15
ORD004187,2025-09-10,C00959,East,P2001,Lamp,Home Decor,1,25,7.78
ORD004188,2024-11-05,C00071,East,P3001,Shirt,Apparel,1,30,3.99
ORD004189,2025-07-19,C00588,South,P1002,Headphones,Electronics,3,150,21.48
ORD004190,2024-09-14,C00581,North,P4001,Milk,Grocery,1,3,0.73
ORD004191,2025-05-27,C00715,South,P1001,Smartphone,Electronics,1,300,49.13
ORD004192,2024-05-09,C00637,North,P2002,Sofa,Home Decor,1,600,121.3
ORD004193,2025-03-12,C00856,South,P2001,Lamp,Home Decor,1,25,6.41
ORD004194,2024-08-04,C00098,West,P3001,Shirt,Apparel,3,90,29.13
ORD004195,2024-01-26,C00250,South,P4001,Milk,Grocery,1,3,1.04
ORD004196,2025-01-03,C00180,South,P4002,Coffee,Grocery,1,10,1.69
ORD004197,2025-01-15,C00606,South,P1001,Smartphone,Electronics,1,300,99.8
ORD004198,2024-08-07,C00521,South,P3001,Shirt,Apparel,1,30,10.23
ORD004199,2025-02-11,C00136,West,P1001,Smartphone,Electronics,1,300,31.38
ORD004200,2024-02-20,C00850,North,P4001,Milk,Grocery,1,3,0.38
ORD004201,2025-10-17,C00874,West,P1001,Smartphone,Electronics,1,300,90.44
ORD004202,2024-07-04,C00126,East,P2002,Sofa,Home Decor,2,1200,396.14
ORD004203,2025-04-06,C00051,North,P2001,Lamp,Home Decor,1,25,8.7
ORD004204,2024-01-18,C00443,East,P3002,Shoes,Apparel,1,70,22.27
ORD004205,2024-05-11,C00080,South,P2002,Sofa,Home Decor,2,1200,275.0
ORD004206,2024-04-12,C00657,North,P1001,Smartphone,Electronics,1,300,50.62
ORD004207,2024-08-09,C00485,East,P3002,Shoes,Apparel,1,70,14.09
ORD004208,2024-06-18,C00607,North,P4001,Milk,Grocery,1,3,0.71
ORD004209,2025-10-08,C00654,North,P1002,Headphones,Electronics,1,50,15.74
ORD004210,2025-01-19,C00729,South,P1002,Headphones,Electronics,1,50,13.5
ORD004211,2023-12-25,C00315,West,P1001,Smartphone,Electronics,1,300,31.27
ORD004212,2024-09-23,C00165,North,P2002,Sofa,Home Decor,3,1800,616.04
ORD004213,2024-09-07,C00801,West,P1001,Smartphone,Electronics,1,300,63.35
ORD004214,2025-01-20,C00811,North,P3002,Shoes,Apparel,2,140,32.33
ORD004215,2025-04-29,C00063,West,P1001,Smartphone,Electronics,1,300,57.25
ORD004216,2025-08-20,C00533,East,P4001,Milk,Grocery,1,3,0.71
ORD004217,2024-12-07,C00087,East,P1001,Smartphone,Electronics,1,300,60.48
ORD004218,2025-05-03,C00827,West,P1001,Smartphone,Electronics,1,300,76.27
ORD004219,2024-05-10,C00906,East,P2002,Sofa,Home Decor,1,600,143.66
ORD004220,2025-08-08,C00728,West,P3001,Shirt,Apparel,1,30,5.57
ORD004221,2025-04-10,C00162,West,P3002,Shoes,Apparel,1,70,15.77
ORD004222,2025-03-19,C00424,West,P4002,Coffee,Grocery,1,10,3.26
ORD004223,2025-09-26,C00348,North,P1002,Headphones,Electronics,1,50,11.53
ORD004224,2025-05-17,C00561,West,P2002,Sofa,Home Decor,2,1200,358.28
ORD004225,2024-07-29,C00346,South,P3002,Shoes,Apparel,1,70,15.88
ORD004226,2024-03-25,C00354,South,P4002,Coffee,Grocery,1,10,3.33
ORD004227,2025-03-24,C00973,West,P3001,Shirt,Apparel,2,60,12.42
ORD004228,2024-07-17,C00195,East,P3002,Shoes,Apparel,1,70,23.29
ORD004229,2025-08-15,C00273,West,P1002,Headphones,Electronics,1,50,7.8
ORD004230,2025-06-05,C00225,South,P2002,Sofa,Home Decor,1,600,119.23
ORD004231,2024-07-06,C00763,East,P3001,Shirt,Apparel,1,30,10.42
ORD004232,2024-05-17,C00832,South,P4001,Milk,Grocery,1,3,0.84
ORD004233,2025-09-22,C00182,North,P3001,Shirt,Apparel,1,30,6.51
ORD004234,2024-03-11,C00348,East,P1001,Smartphone,Electronics,1,300,61.3
ORD004235,2025-06-05,C00688,North,P1001,Smartphone,Electronics,1,300,73.16
ORD004236,2025-01-23,C00464,South,P3001,Shirt,Apparel,1,30,4.75
ORD004237,2023-10-18,C00956,East,P1001,Smartphone,Electronics,1,300,39.31
ORD004238,2025-04-20,C00540,East,P4002,Coffee,Grocery,1,10,1.63
ORD004239,2024-04-14,C00532,West,P4001,Milk,Grocery,2,6,1.51
ORD004240,2024-01-14,C00097,West,P4001,Milk,Grocery,1,3,0.85
ORD004241,2024-12-02,C00393,East,P1001,Smartphone,Electronics,1,300,73.44
ORD004242,2025-04-17,C00839,West,P4002,Coffee,Grocery,1,10,1.21
ORD004243,2025-08-19,C00777,South,P2002,Sofa,Home Decor,3,1800,594.24
ORD004244,2024-09-14,C00352,East,P3001,Shirt,Apparel,1,30,6.61
ORD004245,2023-12-24,C00530,North,P3002,Shoes,Apparel,1,70,16.4
ORD004246,2025-03-31,C00060,North,P3001,Shirt,Apparel,3,90,17.88
ORD004247,2024-11-01,C00168,West,P3002,Shoes,Apparel,1,70,10.59
ORD004248,2025-09-07,C00998,South,P1002,Headphones,Electronics,1,50,11.81
ORD004249,2024-08-24,C00335,East,P3001,Shirt,Apparel,1,30,4.93
ORD004250,2025-01-06,C00468,East,P4001,Milk,Grocery,3,9,1.63
ORD004251,2024-03-27,C00317,North,P1001,Smartphone,Electronics,2,600,114.57
ORD004252,2023-12-29,C00805,East,P3001,Shirt,Apparel,1,30,7.42
ORD004253,2025-03-25,C00957,South,P4002,Coffee,Grocery,1,10,2.43
ORD004254,2025-02-10,C00976,East,P1002,Headphones,Electronics,1,50,6.59
ORD004255,2025-03-29,C00590,South,P3002,Shoes,Apparel,1,70,22.91
ORD004256,2024-03-26,C00054,West,P3002,Shoes,Apparel,1,70,23.51
ORD004257,2024-11-26,C00516,East,P3001,Shirt,Apparel,1,30,5.67
ORD004258,2024-10-17,C00239,West,P4001,Milk,Grocery,1,3,0.39
ORD004259,2025-06-19,C00197,South,P3002,Shoes,Apparel,2,140,46.16
ORD004260,2025-02-14,C00164,South,P3001,Shirt,Apparel,1,30,5.25
ORD004261,2024-08-31,C00512,North,P1001,Smartphone,Electronics,1,300,80.51
ORD004262,2024-04-12,C00595,South,P3002,Shoes,Apparel,2,140,45.12
ORD004263,2025-07-31,C00652,West,P3002,Shoes,Apparel,1,70,11.23
ORD004264,2025-05-22,C00169,North,P4002,Coffee,Grocery,2,20,2.52
ORD004265,2024-01-06,C00161,East,P3001,Shirt,Apparel,1,30,9.47
ORD004266,2025-03-12,C00111,North,P1002,Headphones,Electronics,1,50,17.5
ORD004267,2025-06-15,C00796,South,P3001,Shirt,Apparel,2,60,11.2
ORD004268,2023-11-01,C00934,North,P1002,Headphones,Electronics,1,50,7.57
ORD004269,2024-08-24,C00694,East,P4001,Milk,Grocery,1,3,0.64
ORD004270,2024-10-01,C00076,North,P3002,Shoes,Apparel,1,70,20.31
ORD004271,2024-03-28,C00072,North,P4002,Coffee,Grocery,1,10,3.22
ORD004272,2025-05-29,C00811,North,P1001,Smartphone,Electronics,3,900,220.5
ORD004273,2025-10-12,C00614,East,P3002,Shoes,Apparel,1,70,24.45
ORD004274,2024-01-21,C00792,East,P1002,Headphones,Electronics,1,50,13.54
ORD004275,2023-12-08,C00356,West,P2002,Sofa,Home Decor,2,1200,179.39
ORD004276,2024-05-29,C00067,East,P3002,Shoes,Apparel,1,70,10.84
ORD004277,2025-02-15,C00433,North,P2001,Lamp,Home Decor,1,25,8.49
ORD004278,2024-12-13,C00380,East,P2001,Lamp,Home Decor,1,25,8.65
ORD004279,2024-11-20,C00945,East,P2002,Sofa,Home Decor,1,600,166.6
ORD004280,2023-12-15,C00751,West,P1001,Smartphone,Electronics,1,300,81.63
ORD004281,2025-02-15,C00978,South,P3001,Shirt,Apparel,1,30,9.93
ORD004282,2025-04-14,C00734,West,P2002,Sofa,Home Decor,2,1200,211.26
ORD004283,2025-07-11,C00581,North,P4002,Coffee,Grocery,1,10,3.29
ORD004284,2025-02-26,C00615,North,P2001,Lamp,Home Decor,1,25,8.24
ORD004285,2024-09-29,C00999,North,P2001,Lamp,Home Decor,1,25,3.04
ORD004286,2025-07-29,C00651,East,P1001,Smartphone,Electronics,1,300,70.1
ORD004287,2024-05-30,C00291,North,P1001,Smartphone,Electronics,1,300,44.15
ORD004288,2024-11-14,C00404,East,P1001,Smartphone,Electronics,1,300,63.41
ORD004289,2024-07-28,C00252,North,P4001,Milk,Grocery,1,3,0.77
ORD004290,2025-01-13,C00068,East,P2001,Lamp,Home Decor,2,50,10.9
ORD004291,2024-10-28,C00769,South,P4002,Coffee,Grocery,1,10,1.59
ORD004292,2025-01-08,C00197,North,P1001,Smartphone,Electronics,1,300,57.27
ORD004293,2025-09-10,C00173,North,P2002,Sofa,Home Decor,1,600,163.79
ORD004294,2025-02-08,C00455,West,P1002,Headphones,Electronics,1,50,9.57
ORD004295,2024-01-10,C00848,South,P2002,Sofa,Home Decor,1,600,152.16
ORD004296,2025-01-05,C00034,West,P4001,Milk,Grocery,1,3,0.51
ORD004297,2023-12-17,C00767,North,P1002,Headphones,Electronics,1,50,9.91
ORD004298,2024-01-22,C00862,West,P3002,Shoes,Apparel,2,140,30.59
ORD004299,2025-10-15,C00966,East,P3002,Shoes,Apparel,1,70,21.13
ORD004300,2024-02-21,C00919,East,P1002,Headphones,Electronics,1,50,12.57
ORD004301,2025-02-24,C00573,West,P3002,Shoes,Apparel,1,70,14.0
ORD004302,2024-11-10,C00133,West,P4001,Milk,Grocery,3,9,3.05
ORD004303,2024-08-10,C00231,North,P4001,Milk,Grocery,1,3,0.65
ORD004304,2025-01-23,C00474,East,P1001,Smartphone,Electronics,1,300,90.91
ORD004305,2025-08-08,C00420,North,P3001,Shirt,Apparel,1,30,6.14
ORD004306,2025-08-19,C00721,East,P3002,Shoes,Apparel,1,70,8.22
ORD004307,2025-05-04,C00572,South,P2002,Sofa,Home Decor,1,600,92.5
ORD004308,2024-01-11,C00265,South,P3001,Shirt,Apparel,2,60,7.64
ORD004309,2024-10-24,C00708,South,P3001,Shirt,Apparel,1,30,3.27
ORD004310,2024-06-15,C00692,South,P3002,Shoes,Apparel,1,70,10.91
ORD004311,2024-12-20,C00200,West,P1002,Headphones,Electronics,1,50,15.73
ORD004312,2024-08-21,C00738,West,P4001,Milk,Grocery,1,3,0.97
ORD004313,2024-04-15,C00277,East,P2001,Lamp,Home Decor,2,50,6.38
ORD004314,2025-02-12,C00770,South,P4002,Coffee,Grocery,1,10,3.33
ORD004315,2025-05-28,C00985,West,P3001,Shirt,Apparel,3,90,25.01
ORD004316,2025-08-31,C00012,South,P2001,Lamp,Home Decor,1,25,3.92
ORD004317,2024-04-26,C00582,North,P4001,Milk,Grocery,3,9,1.16
ORD004318,2025-04-28,C00499,West,P4001,Milk,Grocery,1,3,0.58
ORD004319,2025-09-23,C00737,East,P1001,Smartphone,Electronics,1,300,48.56
ORD004320,2024-06-09,C00958,West,P3001,Shirt,Apparel,3,90,24.33
ORD004321,2025-07-19,C00018,East,P3002,Shoes,Apparel,1,70,15.63
ORD004322,2024-06-10,C00595,South,P3001,Shirt,Apparel,2,60,11.66
ORD004323,2025-08-10,C00164,West,P1001,Smartphone,Electronics,2,600,85.39
ORD004324,2024-08-25,C00634,East,P4002,Coffee,Grocery,2,20,6.02
ORD004325,2025-01-06,C00239,East,P1002,Headphones,Electronics,1,50,8.62
ORD004326,2025-03-02,C00220,East,P2002,Sofa,Home Decor,1,600,84.93
ORD004327,2025-05-04,C00066,West,P4001,Milk,Grocery,1,3,0.31
ORD004328,2024-01-14,C00385,East,P4001,Milk,Grocery,1,3,0.88
ORD004329,2025-03-17,C00926,East,P2001,Lamp,Home Decor,3,75,8.88
ORD004330,2024-08-13,C00899,South,P3002,Shoes,Apparel,2,140,41.47
ORD004331,2025-03-30,C00118,West,P4002,Coffee,Grocery,3,30,4.52
ORD004332,2024-02-24,C00671,North,P4002,Coffee,Grocery,1,10,1.04
ORD004333,2025-03-18,C00119,North,P2001,Lamp,Home Decor,1,25,6.35
ORD004334,2025-10-12,C00733,East,P2001,Lamp,Home Decor,1,25,3.05
ORD004335,2024-06-27,C00666,North,P4002,Coffee,Grocery,1,10,3.2
ORD004336,2024-12-02,C00031,East,P3002,Shoes,Apparel,1,70,22.06
ORD004337,2025-09-16,C00556,South,P2002,Sofa,Home Decor,1,600,185.23
ORD004338,2024-06-11,C00536,West,P1001,Smartphone,Electronics,3,900,305.82
ORD004339,2025-03-07,C00528,North,P2002,Sofa,Home Decor,1,600,195.7
ORD004340,2024-05-06,C00864,East,P4002,Coffee,Grocery,2,20,2.93
ORD004341,2024-09-27,C00008,South,P3001,Shirt,Apparel,1,30,10.49
ORD004342,2024-08-16,C00879,West,P2001,Lamp,Home Decor,1,25,6.11
ORD004343,2025-04-12,C00774,East,P3001,Shirt,Apparel,2,60,12.24
ORD004344,2025-08-12,C00063,North,P1001,Smartphone,Electronics,3,900,125.07
ORD004345,2024-10-22,C00107,East,P2002,Sofa,Home Decor,2,1200,405.82
ORD004346,2025-02-15,C00727,North,P2002,Sofa,Home Decor,1,600,137.55
ORD004347,2025-06-06,C00354,East,P1001,Smartphone,Electronics,1,300,102.51
ORD004348,2024-05-30,C00259,West,P4001,Milk,Grocery,1,3,0.9
ORD004349,2025-03-09,C00645,South,P4001,Milk,Grocery,1,3,0.79
ORD004350,2025-09-16,C00926,South,P4002,Coffee,Grocery,1,10,1.74
ORD004351,2024-11-13,C00358,South,P3002,Shoes,Apparel,2,140,41.83
ORD004352,2025-09-04,C00950,South,P2002,Sofa,Home Decor,1,600,114.32
ORD004353,2025-02-14,C00050,East,P1001,Smartphone,Electronics,2,600,153.41
ORD004354,2024-06-29,C00058,South,P2002,Sofa,Home Decor,1,600,204.57
ORD004355,2024-06-22,C00801,South,P4001,Milk,Grocery,1,3,0.6
ORD004356,2024-07-08,C00830,West,P3002,Shoes,Apparel,2,140,38.37
ORD004357,2024-09-04,C00277,South,P4001,Milk,Grocery,3,9,1.67
ORD004358,2023-12-27,C00575,East,P3002,Shoes,Apparel,1,70,19.1
ORD004359,2024-01-10,C00325,North,P2002,Sofa,Home Decor,1,600,69.78
ORD004360,2025-03-29,C00400,West,P4001,Milk,Grocery,1,3,1.04
ORD004361,2025-07-29,C00404,North,P1001,Smartphone,Electronics,3,900,287.27
ORD004362,2024-01-02,C00048,South,P2002,Sofa,Home Decor,1,600,199.68
ORD004363,2024-08-20,C00419,East,P1002,Headphones,Electronics,1,50,11.78
ORD004364,2025-05-28,C00625,West,P3002,Shoes,Apparel,1,70,10.0
ORD004365,2025-05-16,C00075,North,P2001,Lamp,Home Decor,1,25,4.88
ORD004366,2024-06-11,C00625,West,P2002,Sofa,Home Decor,2,1200,343.85
ORD004367,2023-12-27,C00732,East,P4001,Milk,Grocery,2,6,2.07
ORD004368,2025-01-07,C00511,East,P3002,Shoes,Apparel,1,70,24.08
ORD004369,2024-04-23,C00343,North,P1002,Headphones,Electronics,1,50,7.38
ORD004370,2024-02-10,C00835,West,P3002,Shoes,Apparel,1,70,21.61
ORD004371,2023-12-03,C00183,West,P1001,Smartphone,Electronics,1,300,56.65
ORD004372,2025-04-25,C00955,South,P1002,Headphones,Electronics,1,50,8.41
ORD004373,2023-11-27,C00711,West,P3002,Shoes,Apparel,3,210,22.16
ORD004374,2025-02-23,C00193,South,P1002,Headphones,Electronics,1,50,12.78
ORD004375,2025-01-09,C00664,West,P3002,Shoes,Apparel,1,70,9.41
ORD004376,2025-02-20,C00631,East,P3002,Shoes,Apparel,2,140,34.92
ORD004377,2024-06-27,C00919,West,P1002,Headphones,Electronics,1,50,11.66
ORD004378,2024-05-18,C00456,East,P2002,Sofa,Home Decor,1,600,72.36
ORD004379,2024-08-25,C00837,South,P3002,Shoes,Apparel,1,70,19.7
ORD004380,2025-09-25,C00466,West,P2001,Lamp,Home Decor,1,25,3.67
ORD004381,2024-12-08,C00912,North,P4002,Coffee,Grocery,1,10,3.09
ORD004382,2024-03-14,C00835,West,P1001,Smartphone,Electronics,2,600,168.05
ORD004383,2025-04-14,C00480,North,P2002,Sofa,Home Decor,1,600,166.09
ORD004384,2023-12-23,C00379,North,P4001,Milk,Grocery,2,6,2.01
ORD004385,2025-06-19,C00176,North,P2001,Lamp,Home Decor,2,50,5.41
ORD004386,2024-10-20,C00565,West,P3001,Shirt,Apparel,1,30,9.19
ORD004387,2024-10-30,C00923,South,P1002,Headphones,Electronics,1,50,8.57
ORD004388,2025-10-15,C00406,East,P1002,Headphones,Electronics,2,100,23.24
ORD004389,2024-01-05,C00174,South,P4001,Milk,Grocery,1,3,0.67
ORD004390,2024-08-27,C00903,East,P4001,Milk,Grocery,3,9,1.46
ORD004391,2023-12-31,C00246,East,P1002,Headphones,Electronics,1,50,11.65
ORD004392,2024-07-22,C00670,South,P4001,Milk,Grocery,1,3,0.96
ORD004393,2025-09-04,C00911,West,P4002,Coffee,Grocery,1,10,1.87
ORD004394,2024-10-30,C00146,South,P3002,Shoes,Apparel,1,70,13.22
ORD004395,2024-05-12,C00807,West,P2001,Lamp,Home Decor,1,25,5.28
ORD004396,2024-04-16,C00728,West,P2002,Sofa,Home Decor,1,600,151.72
ORD004397,2025-06-01,C00305,East,P2002,Sofa,Home Decor,3,1800,387.27
ORD004398,2023-11-18,C00873,West,P3002,Shoes,Apparel,1,70,19.68
ORD004399,2025-08-06,C00691,West,P1001,Smartphone,Electronics,1,300,70.71
ORD004400,2024-12-11,C00462,South,P4002,Coffee,Grocery,1,10,3.16
ORD004401,2023-12-19,C00639,North,P2002,Sofa,Home Decor,1,600,184.4
ORD004402,2025-01-07,C00330,West,P1002,Headphones,Electronics,1,50,8.89
ORD004403,2024-09-13,C00168,North,P1002,Headphones,Electronics,1,50,17.42
ORD004404,2025-07-30,C00786,North,P1002,Headphones,Electronics,1,50,7.43
ORD004405,2024-03-09,C00516,West,P4002,Coffee,Grocery,1,10,2.7
ORD004406,2025-05-17,C00812,East,P2002,Sofa,Home Decor,2,1200,233.11
ORD004407,2025-02-03,C00695,East,P1001,Smartphone,Electronics,2,600,155.78
ORD004408,2023-12-11,C00677,West,P1002,Headphones,Electronics,1,50,16.37
ORD004409,2024-04-02,C00863,South,P3001,Shirt,Apparel,2,60,15.21
ORD004410,2025-05-29,C00966,West,P3002,Shoes,Apparel,1,70,22.44
ORD004411,2024-02-20,C00562,West,P2002,Sofa,Home Decor,3,1800,262.41
ORD004412,2024-08-25,C00182,South,P1001,Smartphone,Electronics,1,300,37.08
ORD004413,2025-10-05,C00120,South,P4002,Coffee,Grocery,2,20,6.27
ORD004414,2025-01-28,C00781,North,P4001,Milk,Grocery,3,9,2.12
ORD004415,2024-11-25,C00119,North,P4001,Milk,Grocery,1,3,0.61
ORD004416,2024-06-25,C00685,North,P4002,Coffee,Grocery,1,10,1.76
ORD004417,2024-09-18,C00057,South,P3001,Shirt,Apparel,2,60,20.41
ORD004418,2024-04-09,C00369,North,P2001,Lamp,Home Decor,1,25,8.04
ORD004419,2025-10-12,C00574,East,P4002,Coffee,Grocery,2,20,3.9
ORD004420,2023-12-30,C00055,North,P1001,Smartphone,Electronics,2,600,75.77
ORD004421,2025-03-02,C00166,West,P4001,Milk,Grocery,2,6,1.3
ORD004422,2025-03-12,C00893,South,P4002,Coffee,Grocery,1,10,3.04
ORD004423,2024-06-05,C00323,North,P2001,Lamp,Home Decor,1,25,8.69
ORD004424,2023-10-28,C00821,West,P1002,Headphones,Electronics,3,150,44.63
ORD004425,2025-06-11,C00086,South,P1002,Headphones,Electronics,2,100,23.19
ORD004426,2024-01-27,C00276,North,P4001,Milk,Grocery,3,9,2.67
ORD004427,2024-11-01,C00804,North,P2001,Lamp,Home Decor,1,25,8.14
ORD004428,2023-11-18,C00714,South,P4002,Coffee,Grocery,3,30,10.44
ORD004429,2025-02-26,C00540,East,P4002,Coffee,Grocery,1,10,1.12
ORD004430,2025-09-29,C00022,West,P2001,Lamp,Home Decor,1,25,8.4
ORD004431,2024-09-13,C00326,East,P4001,Milk,Grocery,1,3,0.91
ORD004432,2025-06-21,C00202,North,P3001,Shirt,Apparel,2,60,20.08
ORD004433,2023-11-15,C00836,North,P2002,Sofa,Home Decor,2,1200,395.62
ORD004434,2025-09-22,C00700,South,P4001,Milk,Grocery,2,6,0.9
ORD004435,2024-03-03,C00566,West,P1002,Headphones,Electronics,2,100,15.34
ORD004436,2024-12-15,C00471,East,P3002,Shoes,Apparel,1,70,10.22
ORD004437,2024-06-12,C00111,West,P3002,Shoes,Apparel,1,70,22.29
ORD004438,2025-07-08,C00344,North,P3001,Shirt,Apparel,1,30,7.95
ORD004439,2024-04-09,C00334,West,P2002,Sofa,Home Decor,1,600,159.03
ORD004440,2024-10-21,C00673,North,P2001,Lamp,Home Decor,1,25,8.19
ORD004441,2024-06-10,C00420,North,P1002,Headphones,Electronics,1,50,6.38
ORD004442,2024-11-26,C00010,East,P3001,Shirt,Apparel,1,30,3.57
ORD004443,2025-09-12,C00761,East,P2002,Sofa,Home Decor,1,600,151.54
ORD004444,2025-02-21,C00747,West,P3001,Shirt,Apparel,1,30,6.19
ORD004445,2024-02-04,C00514,South,P1001,Smartphone,Electronics,2,600,172.04
ORD004446,2024-05-01,C00464,North,P3002,Shoes,Apparel,2,140,17.94
ORD004447,2024-08-12,C00952,South,P4002,Coffee,Grocery,1,10,1.53
ORD004448,2024-08-08,C00917,East,P4001,Milk,Grocery,1,3,0.66
ORD004449,2024-07-24,C00989,South,P4002,Coffee,Grocery,1,10,2.43
ORD004450,2024-02-05,C00517,East,P1002,Headphones,Electronics,1,50,11.83
ORD004451,2025-06-11,C00604,West,P1002,Headphones,Electronics,1,50,11.64
ORD004452,2024-03-21,C00933,West,P1002,Headphones,Electronics,2,100,28.28
ORD004453,2025-09-21,C00915,West,P2002,Sofa,Home Decor,2,1200,221.06
ORD004454,2025-05-29,C00185,South,P3002,Shoes,Apparel,1,70,14.5
ORD004455,2024-06-03,C00863,West,P3001,Shirt,Apparel,1,30,4.46
ORD004456,2025-08-02,C00810,North,P2002,Sofa,Home Decor,1,600,74.41
ORD004457,2025-08-26,C00900,North,P4001,Milk,Grocery,2,6,0.85
ORD004458,2023-12-06,C00559,East,P2002,Sofa,Home Decor,1,600,97.35
ORD004459,2025-03-11,C00565,West,P4001,Milk,Grocery,1,3,0.78
ORD004460,2024-06-09,C00264,East,P1001,Smartphone,Electronics,1,300,47.78
ORD004461,2023-11-16,C00457,North,P4001,Milk,Grocery,1,3,0.45
ORD004462,2023-11-16,C00862,West,P4001,Milk,Grocery,3,9,1.45
ORD004463,2024-07-15,C00568,South,P3001,Shirt,Apparel,1,30,7.48
ORD004464,2024-09-23,C00798,West,P1001,Smartphone,Electronics,1,300,91.32
ORD004465,2024-05-14,C00234,East,P1002,Headphones,Electronics,1,50,10.78
ORD004466,2024-06-04,C00849,North,P2002,Sofa,Home Decor,1,600,89.67
ORD004467,2025-03-25,C00904,North,P1001,Smartphone,Electronics,1,300,104.23
ORD004468,2024-09-11,C00976,East,P3002,Shoes,Apparel,3,210,37.83
ORD004469,2025-04-23,C00672,East,P2001,Lamp,Home Decor,1,25,7.25
ORD004470,2025-01-05,C00760,North,P4002,Coffee,Grocery,1,10,1.4
ORD004471,2024-08-15,C00963,South,P4002,Coffee,Grocery,3,30,4.33
ORD004472,2024-07-21,C00880,East,P2002,Sofa,Home Decor,1,600,103.65
ORD004473,2025-09-24,C00055,West,P4002,Coffee,Grocery,2,20,5.54
ORD004474,2024-03-28,C00632,North,P1001,Smartphone,Electronics,1,300,82.31
ORD004475,2024-11-29,C00771,West,P1002,Headphones,Electronics,1,50,7.64
ORD004476,2025-03-03,C00683,East,P1001,Smartphone,Electronics,3,900,114.57
ORD004477,2025-05-06,C00597,West,P4002,Coffee,Grocery,1,10,3.36
ORD004478,2025-03-14,C00628,North,P3002,Shoes,Apparel,1,70,15.99
ORD004479,2024-12-21,C00674,East,P1001,Smartphone,Electronics,2,600,114.25
ORD004480,2024-06-08,C00383,North,P1002,Headphones,Electronics,2,100,15.81
ORD004481,2025-07-02,C00943,West,P3002,Shoes,Apparel,3,210,23.68
ORD004482,2024-04-24,C00932,South,P1001,Smartphone,Electronics,1,300,33.63
ORD004483,2024-09-10,C00859,South,P1002,Headphones,Electronics,2,100,33.07
ORD004484,2025-02-24,C00813,South,P1001,Smartphone,Electronics,1,300,72.82
ORD004485,2025-02-02,C00062,South,P4002,Coffee,Grocery,1,10,2.07
ORD004486,2024-06-21,C00527,South,P1002,Headphones,Electronics,1,50,13.81
ORD004487,2025-04-28,C00276,East,P4001,Milk,Grocery,2,6,1.56
ORD004488,2024-01-28,C00656,West,P1002,Headphones,Electronics,1,50,6.08
ORD004489,2024-10-11,C00494,North,P2001,Lamp,Home Decor,1,25,4.9
ORD004490,2024-11-09,C00779,East,P2001,Lamp,Home Decor,3,75,19.78
ORD004491,2024-07-07,C00446,South,P3002,Shoes,Apparel,1,70,8.87
ORD004492,2024-10-10,C00710,East,P4002,Coffee,Grocery,1,10,2.75
ORD004493,2025-03-13,C00901,West,P3002,Shoes,Apparel,1,70,17.78
ORD004494,2023-11-18,C00346,North,P2002,Sofa,Home Decor,1,600,175.72
ORD004495,2024-01-24,C00201,East,P1001,Smartphone,Electronics,2,600,206.95
ORD004496,2025-09-29,C00526,West,P1002,Headphones,Electronics,1,50,12.03
ORD004497,2025-01-21,C00906,East,P3001,Shirt,Apparel,1,30,8.12
ORD004498,2025-08-06,C00649,East,P1001,Smartphone,Electronics,1,300,84.11
ORD004499,2024-03-08,C00081,East,P2001,Lamp,Home Decor,1,25,4.63
ORD004500,2025-06-13,C00698,East,P4002,Coffee,Grocery,1,10,1.71
ORD004501,2025-01-09,C00443,South,P1001,Smartphone,Electronics,1,300,45.78
ORD004502,2024-03-12,C00148,North,P4001,Milk,Grocery,1,3,0.48
ORD004503,2024-07-17,C00574,East,P1001,Smartphone,Electronics,1,300,72.65
ORD004504,2024-06-14,C00012,East,P1002,Headphones,Electronics,1,50,13.7
ORD004505,2023-10-23,C00844,North,P4002,Coffee,Grocery,2,20,3.17
ORD004506,2024-02-22,C00652,North,P1002,Headphones,Electronics,1,50,13.3
ORD004507,2024-12-22,C00880,North,P1001,Smartphone,Electronics,1,300,83.47
ORD004508,2023-11-17,C00921,South,P2001,Lamp,Home Decor,1,25,3.78
ORD004509,2025-05-25,C00773,West,P4002,Coffee,Grocery,2,20,4.87
ORD004510,2025-05-20,C00709,East,P2001,Lamp,Home Decor,2,50,12.34
ORD004511,2024-10-27,C00330,West,P3002,Shoes,Apparel,1,70,19.79
ORD004512,2025-04-22,C00579,East,P1001,Smartphone,Electronics,1,300,81.65
ORD004513,2025-10-06,C00461,East,P4001,Milk,Grocery,3,9,2.01
ORD004514,2024-11-24,C00525,East,P2001,Lamp,Home Decor,1,25,3.86
ORD004515,2024-05-01,C00763,East,P2002,Sofa,Home Decor,1,600,66.82
ORD004516,2025-06-07,C00892,South,P3002,Shoes,Apparel,1,70,11.88
ORD004517,2023-12-31,C00103,North,P3001,Shirt,Apparel,1,30,7.97
ORD004518,2024-07-23,C00250,North,P4002,Coffee,Grocery,1,10,1.35
ORD004519,2024-10-24,C00083,North,P1001,Smartphone,Electronics,1,300,31.8
ORD004520,2025-07-31,C00040,West,P1002,Headphones,Electronics,1,50,10.49
ORD004521,2023-12-26,C00316,South,P1001,Smartphone,Electronics,1,300,35.77
ORD004522,2025-02-08,C00251,South,P4001,Milk,Grocery,1,3,0.34
ORD004523,2024-03-16,C00283,South,P3002,Shoes,Apparel,1,70,18.4
ORD004524,2024-06-09,C00436,South,P1002,Headphones,Electronics,1,50,10.24
ORD004525,2024-05-28,C00721,East,P4002,Coffee,Grocery,1,10,1.56
ORD004526,2024-06-04,C00628,North,P1001,Smartphone,Electronics,1,300,51.6
ORD004527,2024-06-23,C00219,East,P3002,Shoes,Apparel,1,70,19.03
ORD004528,2025-08-16,C00723,South,P3002,Shoes,Apparel,1,70,13.0
ORD004529,2025-05-01,C00125,North,P4002,Coffee,Grocery,2,20,4.94
ORD004530,2024-03-19,C00188,West,P4002,Coffee,Grocery,1,10,1.31
ORD004531,2024-08-29,C00794,South,P4002,Coffee,Grocery,1,10,1.81
ORD004532,2024-08-29,C00253,West,P2002,Sofa,Home Decor,1,600,133.52
ORD004533,2024-09-03,C00577,West,P3001,Shirt,Apparel,3,90,12.24
ORD004534,2023-12-24,C00885,West,P1001,Smartphone,Electronics,3,900,193.9
ORD004535,2024-08-22,C00899,South,P2002,Sofa,Home Decor,1,600,185.45
ORD004536,2024-11-06,C00356,North,P3001,Shirt,Apparel,1,30,3.79
ORD004537,2025-07-02,C00356,West,P3002,Shoes,Apparel,2,140,46.48
ORD004538,2023-12-29,C00365,West,P3002,Shoes,Apparel,1,70,12.18
ORD004539,2025-09-03,C00219,North,P1001,Smartphone,Electronics,2,600,109.41
ORD004540,2025-01-16,C00858,East,P4002,Coffee,Grocery,1,10,2.23
ORD004541,2025-02-14,C00617,North,P1001,Smartphone,Electronics,1,300,32.35
ORD004542,2024-01-05,C00028,West,P2002,Sofa,Home Decor,1,600,165.64
ORD004543,2023-12-14,C00810,South,P2001,Lamp,Home Decor,1,25,6.18
ORD004544,2024-10-20,C00742,South,P4002,Coffee,Grocery,1,10,1.34
ORD004545,2025-07-13,C00871,North,P3002,Shoes,Apparel,1,70,20.51
ORD004546,2025-06-09,C00924,North,P4001,Milk,Grocery,1,3,0.51
ORD004547,2024-07-21,C00706,West,P2001,Lamp,Home Decor,2,50,14.5
ORD004548,2025-01-23,C00749,East,P1002,Headphones,Electronics,3,150,49.44
ORD004549,2025-02-04,C00405,West,P1002,Headphones,Electronics,1,50,8.32
ORD004550,2025-09-26,C00770,East,P3001,Shirt,Apparel,2,60,9.97
ORD004551,2024-01-06,C00916,South,P4002,Coffee,Grocery,2,20,6.42
ORD004552,2024-06-07,C00554,North,P4002,Coffee,Grocery,1,10,2.01
ORD004553,2024-06-04,C00518,South,P4002,Coffee,Grocery,1,10,3.09
ORD004554,2025-06-25,C00919,North,P4002,Coffee,Grocery,2,20,3.76
ORD004555,2025-06-02,C00383,South,P3001,Shirt,Apparel,1,30,6.94
ORD004556,2024-01-17,C00957,South,P4001,Milk,Grocery,1,3,0.84
ORD004557,2025-07-18,C00498,South,P4002,Coffee,Grocery,1,10,1.98
ORD004558,2025-06-03,C00791,East,P3002,Shoes,Apparel,3,210,26.6
ORD004559,2024-08-27,C00131,West,P1001,Smartphone,Electronics,2,600,171.76
ORD004560,2024-03-20,C00066,South,P1001,Smartphone,Electronics,3,900,140.78
ORD004561,2024-12-05,C00578,East,P3001,Shirt,Apparel,3,90,14.0
ORD004562,2025-02-16,C00862,North,P4001,Milk,Grocery,2,6,1.09
ORD004563,2024-02-17,C00701,South,P2001,Lamp,Home Decor,1,25,4.95
ORD004564,2025-09-29,C00105,North,P3002,Shoes,Apparel,1,70,11.12
ORD004565,2023-11-16,C00679,South,P3002,Shoes,Apparel,3,210,71.84
ORD004566,2024-01-15,C00646,North,P4002,Coffee,Grocery,1,10,2.43
ORD004567,2024-04-21,C00806,East,P2001,Lamp,Home Decor,1,25,6.89
ORD004568,2025-04-21,C00802,East,P2001,Lamp,Home Decor,1,25,4.05
ORD004569,2024-03-03,C00476,West,P4002,Coffee,Grocery,2,20,4.09
ORD004570,2023-11-30,C00786,South,P1001,Smartphone,Electronics,2,600,205.84
ORD004571,2024-01-22,C00873,North,P1002,Headphones,Electronics,1,50,6.37
ORD004572,2024-09-07,C00871,West,P4001,Milk,Grocery,1,3,0.85
ORD004573,2024-07-22,C00660,East,P4001,Milk,Grocery,3,9,1.24
ORD004574,2024-01-04,C00857,West,P2002,Sofa,Home Decor,3,1800,538.69
ORD004575,2025-07-01,C00755,North,P1002,Headphones,Electronics,2,100,31.03
ORD004576,2024-12-26,C00050,West,P3001,Shirt,Apparel,1,30,10.41
ORD004577,2024-07-18,C00234,South,P2002,Sofa,Home Decor,1,600,79.17
ORD004578,2023-11-03,C00130,East,P1002,Headphones,Electronics,1,50,11.99
ORD004579,2024-01-01,C00694,East,P1002,Headphones,Electronics,1,50,6.16
ORD004580,2025-02-26,C00048,South,P2002,Sofa,Home Decor,1,600,72.74
ORD004581,2025-07-06,C00315,West,P2001,Lamp,Home Decor,2,50,7.2
ORD004582,2025-07-15,C00420,North,P3002,Shoes,Apparel,1,70,22.81
ORD004583,2024-08-05,C00033,North,P2002,Sofa,Home Decor,1,600,96.52
ORD004584,2025-01-23,C00914,North,P4002,Coffee,Grocery,1,10,1.36
ORD004585,2023-12-18,C00554,East,P3002,Shoes,Apparel,1,70,23.56
ORD004586,2025-08-11,C00666,West,P4001,Milk,Grocery,2,6,1.41
ORD004587,2025-09-15,C00699,South,P2001,Lamp,Home Decor,3,75,16.76
ORD004588,2025-08-30,C00093,East,P2002,Sofa,Home Decor,1,600,149.14
ORD004589,2024-04-21,C00029,North,P3002,Shoes,Apparel,1,70,7.3
ORD004590,2024-11-04,C00138,East,P4001,Milk,Grocery,1,3,0.94
ORD004591,2025-06-04,C00055,East,P2001,Lamp,Home Decor,1,25,4.99
ORD004592,2025-01-09,C00212,North,P2002,Sofa,Home Decor,1,600,130.04
ORD004593,2023-12-12,C00087,North,P3002,Shoes,Apparel,3,210,38.9
ORD004594,2025-01-29,C00735,South,P4002,Coffee,Grocery,3,30,9.08
ORD004595,2024-03-13,C00964,West,P2001,Lamp,Home Decor,1,25,5.67
ORD004596,2024-06-30,C00090,South,P2002,Sofa,Home Decor,1,600,167.69
ORD004597,2024-07-13,C00408,North,P4001,Milk,Grocery,2,6,2.0
ORD004598,2024-08-05,C00299,South,P3001,Shirt,Apparel,1,30,3.84
ORD004599,2025-04-27,C00526,East,P4001,Milk,Grocery,1,3,1.01
ORD004600,2025-05-06,C00707,South,P3001,Shirt,Apparel,1,30,5.61
ORD004601,2023-11-21,C00576,South,P4001,Milk,Grocery,1,3,0.38
ORD004602,2025-05-07,C00162,North,P1001,Smartphone,Electronics,1,300,70.16
ORD004603,2023-12-30,C00082,West,P1002,Headphones,Electronics,1,50,12.07
ORD004604,2024-09-09,C00261,South,P2002,Sofa,Home Decor,1,600,119.02
ORD004605,2025-03-07,C00878,West,P3001,Shirt,Apparel,1,30,4.48
ORD004606,2024-06-21,C00346,South,P2002,Sofa,Home Decor,1,600,84.21
ORD004607,2024-04-05,C00667,South,P2001,Lamp,Home Decor,2,50,10.95
ORD004608,2024-06-09,C00789,North,P1002,Headphones,Electronics,2,100,23.47
ORD004609,2024-03-31,C00841,West,P4002,Coffee,Grocery,2,20,6.71
ORD004610,2025-02-14,C00954,North,P3002,Shoes,Apparel,2,140,44.1
ORD004611,2025-08-16,C00634,West,P1001,Smartphone,Electronics,1,300,64.65
ORD004612,2025-06-26,C00549,North,P3002,Shoes,Apparel,1,70,9.46
ORD004613,2025-09-12,C00937,West,P2001,Lamp,Home Decor,1,25,4.89
ORD004614,2023-12-23,C00997,East,P1002,Headphones,Electronics,1,50,5.57
ORD004615,2025-04-18,C00481,North,P1001,Smartphone,Electronics,1,300,97.56
ORD004616,2023-12-24,C00955,East,P1001,Smartphone,Electronics,1,300,77.38
ORD004617,2024-10-30,C00328,South,P3001,Shirt,Apparel,2,60,10.03
ORD004618,2023-12-08,C00042,East,P2002,Sofa,Home Decor,3,1800,214.02
ORD004619,2025-03-28,C00853,West,P2001,Lamp,Home Decor,1,25,4.61
ORD004620,2025-09-03,C00392,West,P1001,Smartphone,Electronics,1,300,96.83
ORD004621,2024-07-13,C00052,South,P1002,Headphones,Electronics,1,50,6.64
ORD004622,2024-08-28,C00632,South,P3002,Shoes,Apparel,3,210,57.68
ORD004623,2024-06-22,C00342,North,P1001,Smartphone,Electronics,1,300,68.78
ORD004624,2024-07-31,C00026,West,P1001,Smartphone,Electronics,3,900,144.52
ORD004625,2023-11-04,C00583,West,P2001,Lamp,Home Decor,2,50,6.9
ORD004626,2024-05-29,C00201,West,P1001,Smartphone,Electronics,1,300,92.0
ORD004627,2023-11-01,C00154,West,P2002,Sofa,Home Decor,1,600,199.82
ORD004628,2024-08-24,C00697,North,P3001,Shirt,Apparel,3,90,28.29
ORD004629,2025-04-25,C00214,South,P1001,Smartphone,Electronics,1,300,70.69
ORD004630,2023-12-15,C00045,East,P2002,Sofa,Home Decor,1,600,187.94
ORD004631,2024-04-06,C00170,North,P1002,Headphones,Electronics,1,50,10.15
ORD004632,2024-11-19,C00903,North,P3001,Shirt,Apparel,1,30,8.2
ORD004633,2024-11-03,C00723,East,P3001,Shirt,Apparel,1,30,3.15
ORD004634,2024-11-24,C00927,North,P1001,Smartphone,Electronics,1,300,81.64
ORD004635,2024-03-29,C00030,West,P4002,Coffee,Grocery,1,10,2.96
ORD004636,2025-07-25,C00634,South,P3001,Shirt,Apparel,1,30,9.57
ORD004637,2024-05-25,C00525,East,P1002,Headphones,Electronics,2,100,33.19
ORD004638,2024-05-26,C00901,East,P3002,Shoes,Apparel,2,140,16.9
ORD004639,2025-01-09,C00104,East,P2001,Lamp,Home Decor,1,25,6.47
ORD004640,2024-04-07,C00870,South,P2002,Sofa,Home Decor,2,1200,328.76
ORD004641,2025-02-28,C00482,East,P4002,Coffee,Grocery,1,10,3.48
ORD004642,2024-04-03,C00546,South,P2002,Sofa,Home Decor,2,1200,160.66
ORD004643,2023-11-17,C00749,West,P4001,Milk,Grocery,2,6,1.87
ORD004644,2024-11-18,C00880,East,P1001,Smartphone,Electronics,1,300,49.02
ORD004645,2025-01-08,C00370,North,P1001,Smartphone,Electronics,1,300,61.16
ORD004646,2025-02-14,C00381,East,P2002,Sofa,Home Decor,1,600,84.39
ORD004647,2024-09-15,C00727,South,P4001,Milk,Grocery,1,3,0.41
ORD004648,2024-11-29,C00576,South,P3001,Shirt,Apparel,2,60,18.92
ORD004649,2024-08-19,C00469,West,P2001,Lamp,Home Decor,1,25,3.71
ORD004650,2025-09-03,C00883,West,P3001,Shirt,Apparel,1,30,6.72
ORD004651,2024-11-20,C00324,North,P2002,Sofa,Home Decor,2,1200,177.6
ORD004652,2024-11-19,C00567,East,P4002,Coffee,Grocery,3,30,4.76
ORD004653,2024-03-23,C00777,South,P2002,Sofa,Home Decor,2,1200,331.13
ORD004654,2025-09-22,C00108,North,P2001,Lamp,Home Decor,1,25,7.17
ORD004655,2023-11-11,C00066,West,P1001,Smartphone,Electronics,1,300,52.66
ORD004656,2025-07-26,C00982,East,P4002,Coffee,Grocery,1,10,1.96
ORD004657,2024-01-09,C00447,South,P1001,Smartphone,Electronics,1,300,60.46
ORD004658,2024-05-23,C00564,West,P1002,Headphones,Electronics,1,50,9.5
ORD004659,2025-08-27,C00689,South,P3001,Shirt,Apparel,1,30,6.13
ORD004660,2023-12-17,C00664,South,P4002,Coffee,Grocery,1,10,3.4
ORD004661,2024-10-21,C00106,South,P2002,Sofa,Home Decor,3,1800,363.06
ORD004662,2025-09-18,C00113,South,P4001,Milk,Grocery,2,6,1.14
ORD004663,2023-10-25,C00171,South,P2002,Sofa,Home Decor,1,600,172.48
ORD004664,2025-07-11,C00310,East,P3001,Shirt,Apparel,1,30,4.91
ORD004665,2024-09-19,C00435,South,P2002,Sofa,Home Decor,1,600,109.53
ORD004666,2024-01-23,C00414,East,P1001,Smartphone,Electronics,1,300,36.62
ORD004667,2024-11-23,C00066,North,P1001,Smartphone,Electronics,2,600,197.27
ORD004668,2023-12-23,C00910,North,P4001,Milk,Grocery,1,3,0.75
ORD004669,2023-12-30,C00836,West,P2001,Lamp,Home Decor,1,25,7.09
ORD004670,2024-11-06,C00475,South,P2001,Lamp,Home Decor,1,25,4.66
ORD004671,2024-12-10,C00774,North,P4001,Milk,Grocery,1,3,0.93
ORD004672,2024-12-28,C00244,South,P3001,Shirt,Apparel,1,30,6.62
ORD004673,2024-07-17,C00832,South,P3001,Shirt,Apparel,3,90,18.24
ORD004674,2025-06-13,C00060,West,P3002,Shoes,Apparel,2,140,29.06
ORD004675,2024-03-23,C00077,South,P2001,Lamp,Home Decor,2,50,11.61
ORD004676,2025-09-29,C00288,East,P3002,Shoes,Apparel,1,70,22.75
ORD004677,2023-11-07,C00781,North,P3001,Shirt,Apparel,1,30,7.56
ORD004678,2025-02-27,C00027,West,P1002,Headphones,Electronics,1,50,17.09
ORD004679,2024-07-18,C00127,South,P4002,Coffee,Grocery,1,10,2.87
ORD004680,2024-05-09,C00031,West,P1001,Smartphone,Electronics,1,300,83.6
ORD004681,2025-02-22,C00765,East,P1001,Smartphone,Electronics,1,300,34.8
ORD004682,2024-10-01,C00847,South,P1001,Smartphone,Electronics,1,300,51.82
ORD004683,2025-04-03,C00493,East,P1001,Smartphone,Electronics,1,300,74.32
ORD004684,2023-12-04,C00086,East,P1002,Headphones,Electronics,1,50,13.8
ORD004685,2025-10-17,C00970,South,P4001,Milk,Grocery,1,3,0.35
ORD004686,2024-10-27,C00973,East,P1002,Headphones,Electronics,1,50,6.16
ORD004687,2023-11-02,C00531,West,P2002,Sofa,Home Decor,1,600,84.6
ORD004688,2025-10-01,C00271,West,P2001,Lamp,Home Decor,2,50,6.98
ORD004689,2025-10-15,C00529,South,P2002,Sofa,Home Decor,2,1200,166.85
ORD004690,2024-07-17,C00323,East,P2002,Sofa,Home Decor,2,1200,193.74
ORD004691,2025-03-22,C00028,South,P2002,Sofa,Home Decor,2,1200,296.43
ORD004692,2025-02-03,C00869,West,P2002,Sofa,Home Decor,1,600,70.27
ORD004693,2024-03-11,C00558,West,P2002,Sofa,Home Decor,1,600,182.47
ORD004694,2024-12-31,C00088,South,P4001,Milk,Grocery,1,3,0.51
ORD004695,2025-09-02,C00433,South,P1002,Headphones,Electronics,1,50,15.54
ORD004696,2024-11-14,C00218,West,P2001,Lamp,Home Decor,1,25,5.89
ORD004697,2024-06-24,C00788,South,P2001,Lamp,Home Decor,2,50,8.76
ORD004698,2024-01-29,C00612,East,P1002,Headphones,Electronics,1,50,17.08
ORD004699,2025-10-12,C00328,East,P2002,Sofa,Home Decor,1,600,71.19
ORD004700,2024-06-07,C00529,South,P1002,Headphones,Electronics,1,50,8.95
ORD004701,2024-11-04,C00584,South,P3001,Shirt,Apparel,1,30,8.05
ORD004702,2024-12-18,C00075,South,P1002,Headphones,Electronics,2,100,17.55
ORD004703,2025-06-03,C00004,West,P2002,Sofa,Home Decor,1,600,69.43
ORD004704,2025-01-16,C00914,East,P4001,Milk,Grocery,1,3,0.56
ORD004705,2024-10-18,C00786,East,P2002,Sofa,Home Decor,2,1200,252.09
ORD004706,2024-02-19,C00463,East,P4001,Milk,Grocery,1,3,0.77
ORD004707,2024-11-10,C00250,North,P3002,Shoes,Apparel,3,210,58.78
ORD004708,2024-01-06,C00388,East,P4001,Milk,Grocery,1,3,0.54
ORD004709,2024-07-10,C00044,West,P2002,Sofa,Home Decor,1,600,154.79
ORD004710,2024-07-07,C00314,East,P3002,Shoes,Apparel,3,210,69.36
ORD004711,2025-04-07,C00246,South,P2002,Sofa,Home Decor,1,600,107.45
ORD004712,2024-12-15,C00951,East,P1001,Smartphone,Electronics,1,300,31.31
ORD004713,2025-07-24,C00342,North,P1002,Headphones,Electronics,1,50,15.17
ORD004714,2025-02-19,C00380,South,P4001,Milk,Grocery,1,3,0.55
ORD004715,2025-06-03,C00345,East,P2002,Sofa,Home Decor,1,600,208.78
ORD004716,2024-08-30,C00679,North,P3001,Shirt,Apparel,1,30,6.93
ORD004717,2023-11-15,C00133,East,P2001,Lamp,Home Decor,1,25,8.52
ORD004718,2024-01-29,C00523,South,P2001,Lamp,Home Decor,1,25,5.02
ORD004719,2023-12-29,C00395,West,P2002,Sofa,Home Decor,1,600,60.04
ORD004720,2025-06-06,C00513,South,P4002,Coffee,Grocery,1,10,2.13
ORD004721,2024-06-16,C00515,South,P1002,Headphones,Electronics,1,50,12.6
ORD004722,2025-02-14,C00737,South,P1002,Headphones,Electronics,3,150,42.48
ORD004723,2025-08-20,C00738,East,P1002,Headphones,Electronics,2,100,12.64
ORD004724,2025-01-22,C00942,East,P3002,Shoes,Apparel,2,140,19.77
ORD004725,2025-02-07,C00138,North,P4002,Coffee,Grocery,1,10,2.36
ORD004726,2024-03-19,C00206,West,P3002,Shoes,Apparel,1,70,8.69
ORD004727,2023-12-17,C00849,North,P2001,Lamp,Home Decor,1,25,2.77
ORD004728,2024-07-03,C00155,North,P2001,Lamp,Home Decor,3,75,25.92
ORD004729,2024-05-21,C00611,North,P2002,Sofa,Home Decor,1,600,67.92
ORD004730,2024-09-23,C00417,East,P2001,Lamp,Home Decor,2,50,8.64
ORD004731,2024-04-09,C00707,East,P4001,Milk,Grocery,2,6,1.63
ORD004732,2024-04-15,C00551,North,P4002,Coffee,Grocery,1,10,2.58
ORD004733,2024-12-10,C00422,West,P2002,Sofa,Home Decor,1,600,138.48
ORD004734,2024-07-19,C00355,South,P1001,Smartphone,Electronics,1,300,73.36
ORD004735,2024-01-18,C00233,West,P1002,Headphones,Electronics,1,50,7.27
ORD004736,2025-02-28,C00597,North,P1002,Headphones,Electronics,1,50,8.19
ORD004737,2025-08-21,C00552,South,P4001,Milk,Grocery,1,3,0.98
ORD004738,2025-01-24,C00550,West,P3002,Shoes,Apparel,1,70,18.34
ORD004739,2025-06-08,C00977,South,P2002,Sofa,Home Decor,1,600,81.83
ORD004740,2025-06-08,C00804,South,P4001,Milk,Grocery,1,3,1.02
ORD004741,2025-08-03,C00310,East,P1001,Smartphone,Electronics,1,300,90.93
ORD004742,2024-11-12,C00501,South,P2001,Lamp,Home Decor,1,25,4.31
ORD004743,2023-11-28,C00438,West,P1002,Headphones,Electronics,1,50,12.45
ORD004744,2025-04-28,C00272,North,P2002,Sofa,Home Decor,1,600,81.09
ORD004745,2024-05-02,C00296,East,P4001,Milk,Grocery,3,9,2.18
ORD004746,2024-12-09,C00266,North,P3001,Shirt,Apparel,2,60,13.67
ORD004747,2024-10-27,C00063,East,P2002,Sofa,Home Decor,1,600,137.61
ORD004748,2024-06-30,C00750,West,P2001,Lamp,Home Decor,1,25,7.93
ORD004749,2025-06-05,C00642,South,P2001,Lamp,Home Decor,1,25,6.36
ORD004750,2024-11-25,C00384,East,P1002,Headphones,Electronics,2,100,18.71
ORD004751,2023-11-15,C00204,East,P1001,Smartphone,Electronics,2,600,177.78
ORD004752,2025-03-21,C00610,West,P4002,Coffee,Grocery,1,10,2.55
ORD004753,2025-01-03,C00324,East,P1002,Headphones,Electronics,1,50,15.37
ORD004754,2024-02-11,C00881,North,P4002,Coffee,Grocery,1,10,3.21
ORD004755,2025-04-21,C00907,East,P4001,Milk,Grocery,1,3,0.93
ORD004756,2025-09-27,C00496,West,P3002,Shoes,Apparel,1,70,19.56
ORD004757,2023-11-30,C00859,South,P1002,Headphones,Electronics,1,50,9.26
ORD004758,2025-03-02,C00214,West,P3002,Shoes,Apparel,1,70,15.43
ORD004759,2024-03-30,C00100,North,P1001,Smartphone,Electronics,1,300,45.47
ORD004760,2025-04-05,C00225,South,P2001,Lamp,Home Decor,1,25,7.12
ORD004761,2024-03-17,C00912,West,P3002,Shoes,Apparel,1,70,17.25
ORD004762,2024-02-10,C00546,West,P3002,Shoes,Apparel,2,140,25.49
ORD004763,2025-07-24,C00999,West,P3002,Shoes,Apparel,3,210,69.67
ORD004764,2025-09-25,C00075,South,P3002,Shoes,Apparel,1,70,19.11
ORD004765,2025-09-14,C00509,West,P2002,Sofa,Home Decor,1,600,153.1
ORD004766,2024-09-18,C00446,North,P4001,Milk,Grocery,1,3,0.9
ORD004767,2024-09-27,C00764,West,P2002,Sofa,Home Decor,2,1200,279.92
ORD004768,2025-09-22,C00758,East,P3001,Shirt,Apparel,3,90,16.21
ORD004769,2024-04-17,C00781,South,P1001,Smartphone,Electronics,3,900,202.59
ORD004770,2025-04-08,C00855,East,P4001,Milk,Grocery,2,6,1.24
ORD004771,2024-12-09,C00503,North,P3001,Shirt,Apparel,2,60,19.64
ORD004772,2024-11-29,C00013,North,P2001,Lamp,Home Decor,1,25,2.52
ORD004773,2023-12-29,C00243,East,P2001,Lamp,Home Decor,1,25,7.55
ORD004774,2024-07-19,C00791,West,P2001,Lamp,Home Decor,1,25,6.76
ORD004775,2025-06-04,C00435,North,P3001,Shirt,Apparel,3,90,12.4
ORD004776,2024-10-21,C00750,North,P4001,Milk,Grocery,1,3,0.99
ORD004777,2025-07-17,C00466,West,P1001,Smartphone,Electronics,1,300,86.58
ORD004778,2025-05-10,C00434,East,P3001,Shirt,Apparel,1,30,8.7
ORD004779,2024-04-17,C00425,South,P1002,Headphones,Electronics,1,50,13.88
ORD004780,2025-01-27,C00638,East,P2002,Sofa,Home Decor,1,600,117.66
ORD004781,2024-02-23,C00633,East,P1002,Headphones,Electronics,1,50,17.05
ORD004782,2025-09-23,C00619,South,P2001,Lamp,Home Decor,1,25,2.96
ORD004783,2024-02-13,C00093,North,P2002,Sofa,Home Decor,1,600,150.23
ORD004784,2025-08-05,C00063,West,P3002,Shoes,Apparel,2,140,47.44
ORD004785,2025-04-25,C00826,West,P2002,Sofa,Home Decor,1,600,127.35
ORD004786,2024-05-10,C00039,East,P3002,Shoes,Apparel,1,70,9.51
ORD004787,2023-12-10,C00209,East,P2002,Sofa,Home Decor,1,600,136.0
ORD004788,2024-12-04,C00316,North,P1001,Smartphone,Electronics,2,600,178.73
ORD004789,2024-04-03,C00259,East,P3001,Shirt,Apparel,2,60,11.13
ORD004790,2025-10-03,C00445,South,P4002,Coffee,Grocery,1,10,2.7
ORD004791,2024-02-20,C00617,North,P3002,Shoes,Apparel,2,140,32.14
ORD004792,2023-12-31,C00928,East,P2001,Lamp,Home Decor,1,25,2.89
ORD004793,2024-09-29,C00524,West,P3002,Shoes,Apparel,1,70,8.75
ORD004794,2024-02-13,C00405,West,P4002,Coffee,Grocery,1,10,2.28
ORD004795,2025-05-28,C00655,West,P4002,Coffee,Grocery,1,10,2.93
ORD004796,2024-10-12,C00574,East,P1002,Headphones,Electronics,1,50,5.36
ORD004797,2024-09-20,C00611,East,P4001,Milk,Grocery,2,6,0.92
ORD004798,2024-07-28,C00130,East,P2002,Sofa,Home Decor,1,600,65.58
ORD004799,2025-01-23,C00458,West,P1002,Headphones,Electronics,1,50,16.29
ORD004800,2023-12-03,C00016,South,P4001,Milk,Grocery,1,3,0.81
ORD004801,2024-02-07,C00337,East,P4002,Coffee,Grocery,2,20,4.65
ORD004802,2024-04-13,C00305,North,P1001,Smartphone,Electronics,1,300,82.41
ORD004803,2024-08-11,C00243,North,P1002,Headphones,Electronics,1,50,16.16
ORD004804,2024-05-21,C00615,North,P1001,Smartphone,Electronics,2,600,102.69
ORD004805,2025-06-30,C00018,West,P3002,Shoes,Apparel,2,140,48.32
ORD004806,2024-06-13,C00155,East,P4001,Milk,Grocery,1,3,0.91
ORD004807,2024-01-11,C00359,West,P4001,Milk,Grocery,1,3,0.35
ORD004808,2025-02-26,C00483,East,P2002,Sofa,Home Decor,1,600,187.96
ORD004809,2023-12-18,C00143,West,P2002,Sofa,Home Decor,2,1200,166.87
ORD004810,2025-04-19,C00231,East,P1001,Smartphone,Electronics,1,300,67.81
ORD004811,2024-02-21,C00624,North,P2002,Sofa,Home Decor,1,600,173.49
ORD004812,2023-11-04,C00282,East,P2002,Sofa,Home Decor,3,1800,432.09
ORD004813,2025-09-12,C00096,South,P2002,Sofa,Home Decor,1,600,179.48
ORD004814,2024-10-07,C00235,West,P4001,Milk,Grocery,2,6,1.66
ORD004815,2024-02-28,C00565,West,P4001,Milk,Grocery,1,3,0.76
ORD004816,2024-12-08,C00431,North,P3001,Shirt,Apparel,1,30,4.18
ORD004817,2025-04-05,C00301,North,P1002,Headphones,Electronics,3,150,24.87
ORD004818,2025-03-14,C00711,North,P2001,Lamp,Home Decor,1,25,8.11
ORD004819,2024-06-19,C00480,East,P2002,Sofa,Home Decor,1,600,195.44
ORD004820,2025-10-09,C00594,West,P4002,Coffee,Grocery,1,10,2.22
ORD004821,2025-07-11,C00291,West,P4001,Milk,Grocery,2,6,0.9
ORD004822,2024-09-22,C00240,North,P2001,Lamp,Home Decor,1,25,7.09
ORD004823,2024-08-07,C00794,East,P1002,Headphones,Electronics,1,50,13.6
ORD004824,2024-01-09,C00898,East,P2001,Lamp,Home Decor,1,25,7.47
ORD004825,2024-08-02,C00610,West,P1001,Smartphone,Electronics,1,300,85.72
ORD004826,2024-05-03,C00642,North,P2002,Sofa,Home Decor,1,600,89.18
ORD004827,2025-10-12,C00580,South,P1002,Headphones,Electronics,1,50,14.12
ORD004828,2024-11-03,C00961,East,P1002,Headphones,Electronics,3,150,20.05
ORD004829,2025-07-24,C00233,North,P4001,Milk,Grocery,2,6,2.01
ORD004830,2025-09-06,C00740,North,P3001,Shirt,Apparel,1,30,8.88
ORD004831,2025-10-01,C00913,South,P1002,Headphones,Electronics,3,150,51.68
ORD004832,2024-01-18,C00183,East,P2002,Sofa,Home Decor,1,600,153.11
ORD004833,2024-06-04,C00615,East,P3001,Shirt,Apparel,1,30,8.75
ORD004834,2025-09-07,C00572,West,P3001,Shirt,Apparel,1,30,5.32
ORD004835,2024-05-31,C00339,East,P2002,Sofa,Home Decor,1,600,171.58
ORD004836,2025-09-24,C00898,West,P3001,Shirt,Apparel,1,30,3.81
ORD004837,2025-07-16,C00589,East,P3001,Shirt,Apparel,1,30,7.87
ORD004838,2024-06-05,C00592,South,P4001,Milk,Grocery,1,3,0.54
ORD004839,2025-03-31,C00121,West,P2002,Sofa,Home Decor,1,600,203.12
ORD004840,2024-12-27,C00358,East,P3002,Shoes,Apparel,2,140,25.58
ORD004841,2024-05-08,C00711,North,P3001,Shirt,Apparel,2,60,20.51
ORD004842,2025-03-01,C00241,West,P2001,Lamp,Home Decor,1,25,2.7
ORD004843,2025-05-08,C00663,West,P4002,Coffee,Grocery,1,10,2.34
ORD004844,2023-12-03,C00299,South,P2002,Sofa,Home Decor,1,600,144.3
ORD004845,2024-10-25,C00423,West,P3002,Shoes,Apparel,2,140,29.73
ORD004846,2024-03-21,C00802,North,P2002,Sofa,Home Decor,1,600,138.49
ORD004847,2024-07-07,C00515,North,P1002,Headphones,Electronics,2,100,33.21
ORD004848,2024-10-08,C00254,South,P1001,Smartphone,Electronics,3,900,205.19
ORD004849,2023-12-04,C00888,East,P4001,Milk,Grocery,1,3,0.37
ORD004850,2023-12-26,C00493,South,P2002,Sofa,Home Decor,1,600,158.55
ORD004851,2023-12-06,C00776,South,P4002,Coffee,Grocery,1,10,2.97
ORD004852,2024-09-13,C00047,South,P3001,Shirt,Apparel,2,60,15.16
ORD004853,2024-06-07,C00665,West,P4002,Coffee,Grocery,1,10,2.11
ORD004854,2024-07-14,C00310,South,P2001,Lamp,Home Decor,2,50,5.27
ORD004855,2024-11-21,C00634,North,P2001,Lamp,Home Decor,1,25,8.61
ORD004856,2024-10-27,C00431,North,P1002,Headphones,Electronics,1,50,7.31
ORD004857,2025-05-03,C00865,North,P3002,Shoes,Apparel,1,70,17.03
ORD004858,2025-02-11,C00882,North,P3002,Shoes,Apparel,1,70,11.99
ORD004859,2024-02-16,C00873,West,P4002,Coffee,Grocery,1,10,1.51
ORD004860,2024-12-16,C00397,North,P4002,Coffee,Grocery,1,10,2.42
ORD004861,2024-04-23,C00120,West,P1002,Headphones,Electronics,2,100,11.94
ORD004862,2024-12-15,C00202,East,P1001,Smartphone,Electronics,1,300,31.8
ORD004863,2025-02-01,C00701,West,P1001,Smartphone,Electronics,1,300,70.96
ORD004864,2024-02-26,C00340,East,P3002,Shoes,Apparel,1,70,7.01
ORD004865,2024-03-15,C00093,West,P1001,Smartphone,Electronics,2,600,185.51
ORD004866,2025-07-05,C00468,North,P2002,Sofa,Home Decor,1,600,116.1
ORD004867,2025-07-14,C00298,North,P2002,Sofa,Home Decor,1,600,69.87
ORD004868,2024-03-12,C00861,West,P1002,Headphones,Electronics,3,150,36.32
ORD004869,2024-01-23,C00485,North,P1001,Smartphone,Electronics,1,300,69.4
ORD004870,2025-02-10,C00092,East,P1001,Smartphone,Electronics,1,300,81.23
ORD004871,2024-11-07,C00040,South,P1001,Smartphone,Electronics,1,300,90.09
ORD004872,2024-01-03,C00066,West,P1001,Smartphone,Electronics,1,300,55.05
ORD004873,2024-10-31,C00092,East,P1001,Smartphone,Electronics,1,300,40.27
ORD004874,2024-11-26,C00739,West,P4002,Coffee,Grocery,1,10,2.88
ORD004875,2025-07-31,C00730,West,P2001,Lamp,Home Decor,1,25,3.07
ORD004876,2025-07-19,C00256,East,P1002,Headphones,Electronics,1,50,10.34
ORD004877,2025-08-28,C00606,East,P1001,Smartphone,Electronics,2,600,97.65
ORD004878,2024-02-12,C00312,West,P1002,Headphones,Electronics,1,50,8.45
ORD004879,2024-10-06,C00436,West,P3001,Shirt,Apparel,1,30,10.46
ORD004880,2024-03-02,C00843,East,P3002,Shoes,Apparel,1,70,9.58
ORD004881,2025-04-18,C00453,West,P2002,Sofa,Home Decor,1,600,187.86
ORD004882,2024-06-05,C00741,North,P3002,Shoes,Apparel,1,70,11.26
ORD004883,2025-03-22,C00701,North,P2002,Sofa,Home Decor,1,600,164.84
ORD004884,2024-05-05,C00806,West,P3001,Shirt,Apparel,2,60,19.59
ORD004885,2023-12-29,C00976,East,P2002,Sofa,Home Decor,1,600,187.39
ORD004886,2024-04-27,C00614,South,P3001,Shirt,Apparel,1,30,3.23
ORD004887,2024-09-10,C00659,South,P3002,Shoes,Apparel,1,70,12.37
ORD004888,2025-10-07,C00950,East,P4002,Coffee,Grocery,2,20,3.67
ORD004889,2023-10-18,C00017,South,P4001,Milk,Grocery,2,6,0.87
ORD004890,2025-06-11,C00670,South,P3001,Shirt,Apparel,1,30,7.42
ORD004891,2024-10-17,C00870,West,P1001,Smartphone,Electronics,1,300,42.93
ORD004892,2023-12-22,C00155,South,P2001,Lamp,Home Decor,2,50,8.39
ORD004893,2024-08-29,C00006,North,P1001,Smartphone,Electronics,3,900,177.91
ORD004894,2025-03-10,C00445,East,P4002,Coffee,Grocery,2,20,4.13
ORD004895,2024-07-03,C00051,South,P1002,Headphones,Electronics,1,50,10.99
ORD004896,2025-09-17,C00134,West,P3002,Shoes,Apparel,1,70,12.34
ORD004897,2025-06-16,C00946,North,P2001,Lamp,Home Decor,1,25,3.73
ORD004898,2025-09-24,C00149,North,P2001,Lamp,Home Decor,1,25,3.68
ORD004899,2024-08-29,C00063,North,P2001,Lamp,Home Decor,1,25,4.35
ORD004900,2025-06-06,C00258,North,P4002,Coffee,Grocery,1,10,2.33
ORD004901,2024-03-13,C00658,North,P4001,Milk,Grocery,2,6,0.91
ORD004902,2024-11-03,C00679,North,P3001,Shirt,Apparel,1,30,3.74
ORD004903,2025-07-13,C00992,South,P3002,Shoes,Apparel,1,70,22.37
ORD004904,2024-08-11,C00716,East,P1001,Smartphone,Electronics,2,600,81.58
ORD004905,2024-09-13,C00178,South,P4001,Milk,Grocery,2,6,0.96
ORD004906,2024-05-30,C00364,East,P4001,Milk,Grocery,2,6,1.52
ORD004907,2025-06-05,C00542,South,P2002,Sofa,Home Decor,1,600,89.18
ORD004908,2023-10-23,C00359,South,P4002,Coffee,Grocery,3,30,4.02
ORD004909,2025-07-20,C00363,West,P2001,Lamp,Home Decor,1,25,8.14
ORD004910,2025-08-06,C00527,North,P4002,Coffee,Grocery,1,10,2.82
ORD004911,2024-05-17,C00726,East,P2001,Lamp,Home Decor,1,25,3.55
ORD004912,2024-05-14,C00593,South,P2002,Sofa,Home Decor,2,1200,406.03
ORD004913,2024-07-14,C00455,South,P3001,Shirt,Apparel,1,30,4.55
ORD004914,2025-03-18,C00549,West,P2001,Lamp,Home Decor,1,25,2.56
ORD004915,2025-02-27,C00214,South,P2001,Lamp,Home Decor,2,50,7.91
ORD004916,2025-02-01,C00224,East,P3002,Shoes,Apparel,1,70,15.87
ORD004917,2023-10-19,C00608,East,P3001,Shirt,Apparel,1,30,10.27
ORD004918,2025-09-27,C00068,West,P1002,Headphones,Electronics,1,50,15.45
ORD004919,2024-02-05,C00559,East,P1002,Headphones,Electronics,1,50,16.23
ORD004920,2025-02-25,C00859,West,P4001,Milk,Grocery,1,3,0.56
ORD004921,2024-06-03,C00367,North,P4002,Coffee,Grocery,1,10,3.14
ORD004922,2025-07-22,C00560,East,P1002,Headphones,Electronics,1,50,6.0
ORD004923,2024-02-18,C00298,North,P2002,Sofa,Home Decor,2,1200,156.31
ORD004924,2024-08-22,C00030,East,P1001,Smartphone,Electronics,1,300,38.25
ORD004925,2025-07-23,C00795,West,P2002,Sofa,Home Decor,1,600,135.28
ORD004926,2025-01-26,C00840,South,P2001,Lamp,Home Decor,1,25,8.67
ORD004927,2025-05-05,C00528,West,P3002,Shoes,Apparel,2,140,22.52
ORD004928,2024-12-04,C00919,West,P3001,Shirt,Apparel,1,30,4.99
ORD004929,2025-06-06,C00690,North,P1002,Headphones,Electronics,1,50,14.41
ORD004930,2024-01-11,C00476,South,P1001,Smartphone,Electronics,1,300,84.42
ORD004931,2025-04-24,C00128,South,P3001,Shirt,Apparel,1,30,4.27
ORD004932,2025-02-18,C00357,East,P2001,Lamp,Home Decor,2,50,9.94
ORD004933,2024-01-14,C00316,North,P3002,Shoes,Apparel,2,140,31.71
ORD004934,2024-08-31,C00647,East,P3002,Shoes,Apparel,1,70,17.23
ORD004935,2024-03-24,C00571,East,P3002,Shoes,Apparel,1,70,13.74
ORD004936,2024-02-12,C00462,West,P2001,Lamp,Home Decor,1,25,7.32
ORD004937,2025-09-13,C00360,East,P4001,Milk,Grocery,1,3,0.5
ORD004938,2024-06-13,C00535,West,P1002,Headphones,Electronics,1,50,7.38
ORD004939,2024-07-04,C00006,South,P3001,Shirt,Apparel,3,90,13.51
ORD004940,2025-03-28,C00857,East,P4001,Milk,Grocery,1,3,0.48
ORD004941,2025-10-14,C00837,East,P3002,Shoes,Apparel,2,140,38.27
ORD004942,2023-12-09,C00073,West,P1001,Smartphone,Electronics,1,300,74.73
ORD004943,2024-04-20,C00751,South,P2002,Sofa,Home Decor,1,600,155.1
ORD004944,2024-01-04,C00052,West,P3002,Shoes,Apparel,1,70,16.46
ORD004945,2024-01-24,C00954,North,P2001,Lamp,Home Decor,1,25,4.96
ORD004946,2024-11-23,C00261,South,P4002,Coffee,Grocery,1,10,2.79
ORD004947,2024-08-08,C00810,North,P1002,Headphones,Electronics,1,50,16.48
ORD004948,2025-10-17,C00349,North,P2001,Lamp,Home Decor,1,25,2.78
ORD004949,2025-03-16,C00956,South,P2002,Sofa,Home Decor,1,600,92.62
ORD004950,2024-09-14,C00398,South,P1001,Smartphone,Electronics,2,600,77.2
ORD004951,2023-12-15,C00464,North,P1002,Headphones,Electronics,2,100,18.98
ORD004952,2024-04-28,C00375,South,P3002,Shoes,Apparel,1,70,9.46
ORD004953,2025-01-25,C00327,North,P4002,Coffee,Grocery,1,10,2.25
ORD004954,2024-06-10,C00775,West,P1001,Smartphone,Electronics,1,300,89.85
ORD004955,2024-05-16,C00974,South,P1001,Smartphone,Electronics,1,300,86.52
ORD004956,2025-04-01,C00880,South,P3001,Shirt,Apparel,1,30,4.12
ORD004957,2024-09-20,C00088,West,P1001,Smartphone,Electronics,1,300,77.9
ORD004958,2024-10-28,C00498,East,P3002,Shoes,Apparel,1,70,24.09
ORD004959,2023-12-25,C00063,North,P1002,Headphones,Electronics,2,100,29.37
ORD004960,2025-08-19,C00844,South,P3001,Shirt,Apparel,1,30,9.62
ORD004961,2024-01-10,C00554,East,P4002,Coffee,Grocery,1,10,1.87
ORD004962,2024-04-13,C00147,West,P2001,Lamp,Home Decor,1,25,3.38
ORD004963,2025-02-15,C00814,West,P3001,Shirt,Apparel,1,30,7.01
ORD004964,2024-03-10,C00140,East,P2002,Sofa,Home Decor,1,600,69.82
ORD004965,2025-09-14,C00718,South,P4002,Coffee,Grocery,1,10,1.06
ORD004966,2024-08-01,C00787,East,P1001,Smartphone,Electronics,2,600,70.55
ORD004967,2025-04-08,C00430,East,P4001,Milk,Grocery,3,9,2.25
ORD004968,2024-01-20,C00608,East,P2001,Lamp,Home Decor,1,25,7.54
ORD004969,2024-04-19,C00952,North,P4002,Coffee,Grocery,1,10,3.34
ORD004970,2024-07-09,C00855,West,P4002,Coffee,Grocery,2,20,4.4
ORD004971,2024-01-21,C00996,East,P4002,Coffee,Grocery,1,10,1.35
ORD004972,2025-08-17,C00823,North,P3002,Shoes,Apparel,1,70,8.27
ORD004973,2024-07-23,C00375,West,P2002,Sofa,Home Decor,1,600,74.83
ORD004974,2024-08-31,C00565,North,P1002,Headphones,Electronics,3,150,22.36
ORD004975,2023-11-22,C00377,North,P3002,Shoes,Apparel,1,70,9.55
ORD004976,2025-07-16,C00763,West,P4002,Coffee,Grocery,1,10,1.34
ORD004977,2025-07-22,C00787,South,P4001,Milk,Grocery,1,3,0.31
ORD004978,2024-04-05,C00512,South,P4001,Milk,Grocery,1,3,0.38
ORD004979,2025-08-20,C00328,West,P4002,Coffee,Grocery,1,10,1.86
ORD004980,2025-06-30,C00349,North,P2001,Lamp,Home Decor,1,25,6.19
ORD004981,2024-11-13,C00596,South,P3002,Shoes,Apparel,1,70,22.61
ORD004982,2025-01-11,C00258,West,P1002,Headphones,Electronics,1,50,17.45
ORD004983,2024-11-25,C00040,South,P4002,Coffee,Grocery,1,10,3.13
ORD004984,2023-12-01,C00060,South,P2002,Sofa,Home Decor,1,600,80.9
ORD004985,2024-09-19,C00255,North,P2002,Sofa,Home Decor,1,600,137.25
ORD004986,2025-08-06,C00685,West,P1002,Headphones,Electronics,1,50,11.49
ORD004987,2023-11-12,C00878,North,P1001,Smartphone,Electronics,1,300,99.06
ORD004988,2024-07-25,C00655,West,P4001,Milk,Grocery,1,3,0.74
ORD004989,2025-09-14,C00302,West,P2002,Sofa,Home Decor,1,600,187.89
ORD004990,2025-01-28,C00756,South,P4002,Coffee,Grocery,1,10,1.66
ORD004991,2025-05-04,C00141,East,P3001,Shirt,Apparel,3,90,25.64
ORD004992,2025-05-23,C00558,South,P1001,Smartphone,Electronics,1,300,59.5
ORD004993,2025-07-19,C00175,West,P1002,Headphones,Electronics,1,50,15.48
ORD004994,2025-10-14,C00091,North,P1002,Headphones,Electronics,1,50,14.14
ORD004995,2024-04-14,C00955,West,P4001,Milk,Grocery,1,3,0.78
ORD004996,2024-04-10,C00340,North,P1001,Smartphone,Electronics,1,300,78.25
ORD004997,2025-01-26,C00825,East,P4002,Coffee,Grocery,1,10,3.13
ORD004998,2025-08-20,C00240,West,P1001,Smartphone,Electronics,1,300,75.14
ORD004999,2025-04-09,C00794,West,P3002,Shoes,Apparel,3,210,44.92
ORD005000,2024-05-17,C00731,North,P1001,Smartphone,Electronics,1,300,45.52
